Nome,Filme,Tipo
Tuca Andrada,Possessões,Elenco
Sacha Bali,Possessões,Elenco
Lígia Fagundes,Possessões,Elenco
Cláudio Andrade,Possessões,Elenco
Maria Cristina Gatti,Possessões,Elenco
Pathy Dejesus,Possessões,Elenco
André Di Mauro,Possessões,Elenco
Dado Dolabella,Possessões,Elenco
Ítala Nandi,Possessões,Elenco
Fernanda Nobre,Possessões,Elenco
Antônio Pitanga,Possessões,Elenco
Rocco Pitanga,Possessões,Elenco
Marcos Pitombo,Possessões,Elenco
Jorge Pontual,Possessões,Elenco
Marcelo Serrado,Possessões,Elenco
Marcos Wainberg,Possessões,Elenco
Juliana Xavier,Possessões,Elenco
Cláudio Araújo,Possessões,Producer
Alexandre Avancini,Possessões,Producer
Hamsa Wood,Possessões,Producer
Tiago Santiago,Possessões,Writer
Tiago Santiago,Possessões,Director
Dorival Caymmi,Dorival Caymmi - Um Homem de Afetos,Elenco
Caetano Veloso,Dorival Caymmi - Um Homem de Afetos,Elenco
Gilberto Gil,Dorival Caymmi - Um Homem de Afetos,Elenco
Dori Caymmi,Dorival Caymmi - Um Homem de Afetos,Elenco
Guto Burgos,Dorival Caymmi - Um Homem de Afetos,Elenco
Danilo Caymmi,Dorival Caymmi - Um Homem de Afetos,Elenco
Nana Caymmi,Dorival Caymmi - Um Homem de Afetos,Elenco
Ana Terra,Dorival Caymmi - Um Homem de Afetos,Elenco
Cristiane de Oliveira,Dorival Caymmi - Um Homem de Afetos,Elenco
Gabriel Caymmi,Dorival Caymmi - Um Homem de Afetos,Elenco
Carmen Miranda,Dorival Caymmi - Um Homem de Afetos,Elenco
Antônio Carlos Jobim,Dorival Caymmi - Um Homem de Afetos,Elenco
Andy Williams,Dorival Caymmi - Um Homem de Afetos,Elenco
Stella Maris,Dorival Caymmi - Um Homem de Afetos,Elenco
Daniela Broitman,Dorival Caymmi - Um Homem de Afetos,Producer
Daniela Broitman,Dorival Caymmi - Um Homem de Afetos,Director
Valdineia Soriano,1798 - Revolta dos Búzios,Elenco
Luciana Souza,1798 - Revolta dos Búzios,Elenco
Jorge Washington,1798 - Revolta dos Búzios,Elenco
Fábio de Santana,1798 - Revolta dos Búzios,Elenco
Sérgio Laurentino,1798 - Revolta dos Búzios,Elenco
Lázaro Machado,1798 - Revolta dos Búzios,Elenco
Rui Manthur,1798 - Revolta dos Búzios,Elenco
Renan Motta,1798 - Revolta dos Búzios,Elenco
Ridson Reis,1798 - Revolta dos Búzios,Elenco
Jean Pedro,1798 - Revolta dos Búzios,Elenco
Edy Firenza,1798 - Revolta dos Búzios,Elenco
Ronei Silva,1798 - Revolta dos Búzios,Elenco
Iracema Vilaronga,1798 - Revolta dos Búzios,Elenco
Naira da Hora,1798 - Revolta dos Búzios,Elenco
Shirlei Sanjeva,1798 - Revolta dos Búzios,Elenco
Apoena Serral,1798 - Revolta dos Búzios,Elenco
Lucas Leto,1798 - Revolta dos Búzios,Elenco
Gabriel Nafisi,1798 - Revolta dos Búzios,Elenco
Gilberto Reys,1798 - Revolta dos Búzios,Elenco
Claudio Varela,1798 - Revolta dos Búzios,Elenco
Vinicius Carmezim,1798 - Revolta dos Búzios,Elenco
Inah Irenan,1798 - Revolta dos Búzios,Elenco
Antonio Olavo,1798 - Revolta dos Búzios,Producer
Josias Santos,1798 - Revolta dos Búzios,Producer
Leda Sacramento,1798 - Revolta dos Búzios,Producer
Raimundo Gonçalves dos Santos,1798 - Revolta dos Búzios,Producer
Daiane Rosário,1798 - Revolta dos Búzios,Producer
Antonio Olavo,1798 - Revolta dos Búzios,Director
João Pedro Dias,Son of Ox,Elenco
Luiz Carlos Vasconcelos,Son of Ox,Elenco
Vinicius Bustani,Son of Ox,Elenco
Jonas Laborda,Son of Ox,Elenco
Wilma Macedo,Son of Ox,Elenco
Rita de Cássia Fernandes,Son of Ox,Elenco
Anailca Alves,Son of Ox,Elenco
Avelino Santos,Son of Ox,Elenco
Silvio Júnior,Son of Ox,Elenco
Itamar Cavalcante,Son of Ox,Elenco
Ivanilson Silva,Son of Ox,Elenco
Cícero Brito,Son of Ox,Elenco
Ailton Santos,Son of Ox,Elenco
Marney Cerqueira,Son of Ox,Elenco
Givanilson Santos,Son of Ox,Elenco
Wirles Sena,Son of Ox,Elenco
Bruno Araújo,Son of Ox,Elenco
Fernando Ferreira,Son of Ox,Elenco
Bernardo Silva,Son of Ox,Elenco
Flecson Morais,Son of Ox,Elenco
Haroldo Borges,Son of Ox,Director
Ícaro Bittencourt,Far From Paradise,Elenco
Emanuelle Araújo,Far From Paradise,Elenco
Heraldo de Deus,Far From Paradise,Elenco
Sônia Dias,Far From Paradise,Elenco
Bertrand Duarte,Far From Paradise,Elenco
Caco Monteiro,Far From Paradise,Elenco
Felipe Mago,Far From Paradise,Elenco
Everton Machado,Far From Paradise,Elenco
Aline Brune,Far From Paradise,Elenco
Lavínia Alves,Far From Paradise,Elenco
Lucas Taylor,Far From Paradise,Elenco
Maria Klara de Souza,Far From Paradise,Elenco
Acquilla Alves Leite,Far From Paradise,Elenco
AC Costa,Far From Paradise,Elenco
Vinicius Bustani,Far From Paradise,Elenco
Delmar Araújo,Far From Paradise,Elenco
Fábio Ferreira,Far From Paradise,Elenco
Everaldo Soares,Far From Paradise,Elenco
Anna Gemes,Far From Paradise,Elenco
Ninha Almeida,Far From Paradise,Elenco
Jamille Fortunato,Far From Paradise,Elenco
Lara Beck,Far From Paradise,Elenco
Gabriel Teixeira,Far From Paradise,Elenco
Marcelo Flores,Far From Paradise,Elenco
Orlando Senna,Far From Paradise,Director
Solange Lima,Far From Paradise,Producer
Kiarah Rocha,Rosa Tirana,Elenco
Stella de Jesus,Rosa Tirana,Elenco
José Dumont,Rosa Tirana,Elenco
Rogério Leandro,Rosa Tirana,Elenco
Carlos White,Rosa Tirana,Elenco
Rogério Sagui,Rosa Tirana,Director
Tati Villela,New World,Elenco
Kadu Garcia,New World,Elenco
Nino Batista,New World,Elenco
Melissa Arievo,New World,Elenco
Paulo Giannini,New World,Elenco
Polly Marinho,New World,Elenco
Leandra Miranda,New World,Elenco
Danilo Martins,New World,Elenco
Jeffinho Gomes,New World,Elenco
Albert Andrade de Oliveira,New World,Elenco
Alvaro Campos,New World,Director
Alvaro Campos,New World,Writer
Edvana Carvalho,Booyah!,Elenco
Daniel Farias,Booyah!,Elenco
Jackson Costa,Booyah!,Elenco
Evelin Buchegger,Booyah!,Elenco
Leandro Villa,Booyah!,Elenco
Narcival Rubens,Booyah!,Elenco
Luiz Pepeu,Booyah!,Elenco
Vinicius Bustani,Booyah!,Elenco
Tânia Toko,Booyah!,Elenco
Lúcio Tranchesi,Booyah!,Elenco
Fábio Osório Monteiro,Booyah!,Elenco
Lika Ferraro,Booyah!,Elenco
Will Brandão,Booyah!,Elenco
Mariana Borges,Booyah!,Elenco
Igor Epifânio,Booyah!,Elenco
Felipe Benevides,Booyah!,Elenco
Amós Heber,Booyah!,Elenco
Rodrigo Luna,Booyah!,Director
Pedro Perazzo,Booyah!,Director
Caetano Veloso,A Última Vanguarda,Elenco
Conceição Castro,A Última Vanguarda,Elenco
Emanoel Araújo,A Última Vanguarda,Elenco
Fernando Cerqueira,A Última Vanguarda,Elenco
Fernando da Rocha Peres,A Última Vanguarda,Elenco
Florisvaldo Mattos,A Última Vanguarda,Elenco
Gilberto Gil,A Última Vanguarda,Elenco
Helena Ignez,A Última Vanguarda,Elenco
Jamary Oliveira,A Última Vanguarda,Elenco
Júlio Medaglia,A Última Vanguarda,Elenco
Lia Robatto,A Última Vanguarda,Elenco
Luiz Tenório de Oliveira Lima,A Última Vanguarda,Elenco
Manuel Veiga,A Última Vanguarda,Elenco
Maria Moniz,A Última Vanguarda,Elenco
Orlando Senna,A Última Vanguarda,Elenco
Oscar Santana,A Última Vanguarda,Elenco
Othon Bastos,A Última Vanguarda,Elenco
Paulo Costa Lima,A Última Vanguarda,Elenco
Paulo Miguez,A Última Vanguarda,Elenco
Roberto Santos,A Última Vanguarda,Elenco
Tom Zé,A Última Vanguarda,Elenco
Tuzé de Abreu,A Última Vanguarda,Elenco
Yeda Souza Castro,A Última Vanguarda,Elenco
Amadeu Alban,A Última Vanguarda,Producer
Peu Lima,A Última Vanguarda,Director
Marcio Yatsuda,A Última Vanguarda,Producer
Peu Lima,A Última Vanguarda,Producer
Alef Cavalcante,TREND,Elenco
Antonio Daniel,TREND,Elenco
Marcos Brito,TREND,Elenco
Lucas Veloso,TREND,Elenco
Lucas Veloso,TREND,Writer
Alef Cavalcante,TREND,Writer
Kayuan Brigante,TREND,Director
Marieta Severo,Sunday Night,Elenco
Zé Carlos Machado,Sunday Night,Elenco
Natália Lage,Sunday Night,Elenco
Johnnas Oliva,Sunday Night,Elenco
Hugo Bonemer,Sunday Night,Elenco
Karen Coelho,Sunday Night,Elenco
Maíra Kestenberg,Sunday Night,Elenco
Wagner Brandi,Sunday Night,Elenco
Isio Ghelman,Sunday Night,Elenco
Bárbara Santos,Sunday Night,Elenco
Isis Pessino,Sunday Night,Elenco
André Bushatsky,Sunday Night,Director
Márcia Nepomuceno,Sunday Night,Producer
Johnny Depp,Scab Vendor: The Life and Times of Jonathan Shaw,Elenco
Iggy Pop,Scab Vendor: The Life and Times of Jonathan Shaw,Elenco
Jim Jarmusch,Scab Vendor: The Life and Times of Jonathan Shaw,Elenco
Jonathan Shaw,Scab Vendor: The Life and Times of Jonathan Shaw,Elenco
Kelly Cutrone,Scab Vendor: The Life and Times of Jonathan Shaw,Elenco
Eugene Hutz,Scab Vendor: The Life and Times of Jonathan Shaw,Elenco
Lucas de Barros,Scab Vendor: The Life and Times of Jonathan Shaw,Director
Mariana Robles Thome,Scab Vendor: The Life and Times of Jonathan Shaw,Director
Mariana Robles Thome,Scab Vendor: The Life and Times of Jonathan Shaw,Writer
Lucas de Barros,Scab Vendor: The Life and Times of Jonathan Shaw,Producer
Enrique Aular,Scab Vendor: The Life and Times of Jonathan Shaw,Producer
Christian Jurgensen,Scab Vendor: The Life and Times of Jonathan Shaw,Producer
Tonico Pereira,Lair's Birthday,Elenco
Tânia Alves,Lair's Birthday,Elenco
Naloana Lima,Lair's Birthday,Elenco
Washington Gabriel,Lair's Birthday,Elenco
Martha Meola,Lair's Birthday,Elenco
Raphael Souza,Lair's Birthday,Elenco
Dácio Pinheiro,Lair's Birthday,Director
Marco de Castro,Lair's Birthday,Writer
Fabio Embu,Lair's Birthday,Writer
Lis Sutter,The Clown's Daughter,Elenco
Démick Lopes,The Clown's Daughter,Elenco
Jesuíta Barbosa,The Clown's Daughter,Elenco
Jupyra Carvalho,The Clown's Daughter,Elenco
Ana Luiza Rios,The Clown's Daughter,Elenco
Valéria Vitoriano,The Clown's Daughter,Elenco
Patricia Dawson,The Clown's Daughter,Elenco
David Santos,The Clown's Daughter,Elenco
Rafael Martins,The Clown's Daughter,Elenco
Mateus Honori,The Clown's Daughter,Elenco
Vic Servente,The Clown's Daughter,Elenco
Jennifer Joingley,The Clown's Daughter,Elenco
Pipa,The Clown's Daughter,Elenco
Felipe Costa,The Clown's Daughter,Elenco
Patricia Nassi,The Clown's Daughter,Elenco
Caroline Louise,The Clown's Daughter,Elenco
Ingrid Ramalho,The Clown's Daughter,Elenco
Yasmin Salvatrix,The Clown's Daughter,Elenco
Klístenes Braga,The Clown's Daughter,Elenco
Elisa Porto,The Clown's Daughter,Elenco
Bruno Leão,The Clown's Daughter,Elenco
Mylla Fox,The Clown's Daughter,Elenco
Luiza Nobel,The Clown's Daughter,Elenco
Roberta Kaya,The Clown's Daughter,Elenco
Thais Costa,The Clown's Daughter,Elenco
Pedro Diógenes,The Clown's Daughter,Director
Luisa Arraes,Transe,Elenco
Johnny Massaro,Transe,Elenco
Ravel Andrade,Transe,Elenco
Ana Flavia Cavalcanti,Transe,Elenco
Bella Camero,Transe,Elenco
Caetano Veloso,Transe,Elenco
Célio Junior,Transe,Elenco
Claudio Prado,Transe,Elenco
Dudu Rios,Transe,Elenco
Maria Clara Drummond,Transe,Elenco
Matheus Macena,Transe,Elenco
Matheus Torreão,Transe,Elenco
Henrique Vieira,Transe,Elenco
Priscila Lima,Transe,Elenco
Caio Blat,Transe,Elenco
Lara Tremouroux,Transe,Elenco
João Pedro Zappa,Transe,Elenco
Liniker,Transe,Elenco
Carolina Jabor,Transe,Writer
Anne Pinheiro Guimarães,Transe,Writer
Anne Pinheiro Guimarães,Transe,Director
Carolina Jabor,Transe,Director
Jorge Neto,House of Izabel,Elenco
Laura Haddad,House of Izabel,Elenco
Luís Melo,House of Izabel,Elenco
Sidy Correa,House of Izabel,Elenco
Zeca Cenovicz,House of Izabel,Elenco
Andrei Moscheto,House of Izabel,Elenco
Otavio Linhares,House of Izabel,Elenco
Luiz Carlos Pazello,House of Izabel,Elenco
Fábio Silvestre,House of Izabel,Elenco
Gil Baroni,House of Izabel,Director
Laura Haddad,House of Izabel,Producer
Andréa Tomeleri,House of Izabel,Producer
Luiz Bertazzo,House of Izabel,Writer
Chico Díaz,Vermelho Monet,Elenco
Maria Fernanda Cândido,Vermelho Monet,Elenco
Samantha Heck Müller,Vermelho Monet,Elenco
Gracinda Nave,Vermelho Monet,Elenco
Duarte Gomes,Vermelho Monet,Elenco
Rodrigo Paganelli,Vermelho Monet,Elenco
Matamba Joaquim,Vermelho Monet,Elenco
Heitor Lourenço,Vermelho Monet,Elenco
Paulo Pascoal,Vermelho Monet,Elenco
Ricardo Monteiro,Vermelho Monet,Elenco
Fernando Rodrigues,Vermelho Monet,Elenco
Ioana Hristova,Vermelho Monet,Elenco
Stephanie de Jongh,Vermelho Monet,Elenco
Ana Cunha,Vermelho Monet,Elenco
Diogo Bach,Vermelho Monet,Elenco
Ismael Calliano,Vermelho Monet,Elenco
Lara Inácio,Vermelho Monet,Elenco
Cleo Diára,Vermelho Monet,Elenco
Maria Inês Rebelo,Vermelho Monet,Elenco
Teresinha Landeiro,Vermelho Monet,Elenco
Nádia Yracema,Vermelho Monet,Elenco
João Roncha,Vermelho Monet,Elenco
Vítor Jardim,Vermelho Monet,Elenco
Alice Medeiros,Vermelho Monet,Elenco
Halder Gomes,Vermelho Monet,Director
Halder Gomes,Vermelho Monet,Writer
Mayra Lucas,Vermelho Monet,Producer
Cled Pereira,Dessa Arte Eu Sei Um Pouco,Director
Giulia Nunes,A Caçada,Director
Maria Clara Loureiro,A Caçada,Director
Pan Lothar,A Caçada,Director
Giulia Nunes,A Caçada,Producer
Giulia Nunes,A Caçada,Writer
Gustavo Carmeta,A Caçada,Writer
Pan Lothar,A Caçada,Writer
Rafael Costa,Based on Real Stories,Director
Ludmilla Ramalho,Corpo Presente,Elenco
Ana Luísa Santos,Corpo Presente,Elenco
Janaína Tábula,Corpo Presente,Elenco
Guilherme Morais,Corpo Presente,Elenco
Marc Davi,Corpo Presente,Elenco
Ayrson Heráclito,Corpo Presente,Elenco
Elisa Santana,Corpo Presente,Elenco
Maria Clara Machado Signorelli,Corpo Presente,Elenco
Jahi Amani,Corpo Presente,Elenco
Leonardo Barcelos,Corpo Presente,Director
Larissa Siqueira,The Intrusion,Elenco
Patricia Saravy,The Intrusion,Elenco
Antônia Franco,The Intrusion,Elenco
Rômulo Braga,The Intrusion,Elenco
Thiago Calixto,The Intrusion,Elenco
Laysa Costa,The Intrusion,Elenco
Bábálórísá Vadinho Ty Ògún,The Intrusion,Elenco
Beatriz Pankararu,The Intrusion,Elenco
Ivakekerê Clarice Ty Oyá,The Intrusion,Elenco
Eni Alves,The Intrusion,Elenco
Helena Albergaria,The Intrusion,Elenco
Jorge Neto,The Intrusion,Elenco
Maria Pankararê,The Intrusion,Elenco
Simone Pankararu,The Intrusion,Elenco
Vanuza Kaimbé,The Intrusion,Elenco
Abner Nascimento,The Intrusion,Elenco
Aline Souza,The Intrusion,Elenco
Caio Alves,The Intrusion,Elenco
Caroline Maffort,The Intrusion,Elenco
Cris Mile,The Intrusion,Elenco
Luciano Nunes da Costa Junior,The Intrusion,Elenco
Nathan de Moraes,The Intrusion,Elenco
Flora Dias,The Intrusion,Director
Juruna Mallon,The Intrusion,Director
Flora Dias,The Intrusion,Writer
Juruna Mallon,The Intrusion,Writer
Maria Luísa Mendonça,My Drywall Cocoon,Elenco
Bella Piero,My Drywall Cocoon,Elenco
Michel Joelsas,My Drywall Cocoon,Elenco
Mari Oliveira,My Drywall Cocoon,Elenco
Daniel Botelho,My Drywall Cocoon,Elenco
Caco Ciocler,My Drywall Cocoon,Elenco
Debora Duboc,My Drywall Cocoon,Elenco
Flávia Garrafa,My Drywall Cocoon,Elenco
Marat Descartes,My Drywall Cocoon,Elenco
Lena Roque,My Drywall Cocoon,Elenco
Rui Pires,My Drywall Cocoon,Producer
Caroline Fioratti,My Drywall Cocoon,Writer
André Montenegro,My Drywall Cocoon,Producer
Caroline Fioratti,My Drywall Cocoon,Director
Natália Lage,Bizarre Fish from the Abyssal Zone,Elenco
Guilherme Briggs,Bizarre Fish from the Abyssal Zone,Elenco
Rodrigo Santoro,Bizarre Fish from the Abyssal Zone,Elenco
Marão,Bizarre Fish from the Abyssal Zone,Elenco
Leticia Friedrich,Bizarre Fish from the Abyssal Zone,Producer
Marão,Bizarre Fish from the Abyssal Zone,Producer
Marão,Bizarre Fish from the Abyssal Zone,Director
Ilda Pratpo Krahô,The Buriti Flower,Elenco
Francisco Hyjnõ Krahô,The Buriti Flower,Elenco
Solane Tehtikwyj Krahô,The Buriti Flower,Elenco
Raene Kôtô Krahô,The Buriti Flower,Elenco
Débora Sodré,The Buriti Flower,Elenco
Luzia Cruwakwyj Krahô,The Buriti Flower,Elenco
Sonia Guajajara,The Buriti Flower,Elenco
Thiago Henrique Karai Djekupe,The Buriti Flower,Elenco
Shirlei Djera,The Buriti Flower,Elenco
João Salaviza,The Buriti Flower,Director
Renée Nader Messora,The Buriti Flower,Director
Ricardo Alves Jr.,The Buriti Flower,Producer
Julia Alves,The Buriti Flower,Producer
Renée Nader Messora,The Buriti Flower,Producer
João Salaviza,The Buriti Flower,Producer
Lucas Limeira,A Strange Path,Elenco
Carlos Francisco,A Strange Path,Elenco
Rita Cabaço,A Strange Path,Elenco
Tarzia Firmino,A Strange Path,Elenco
Renan Capivara,A Strange Path,Elenco
Ana Marlene,A Strange Path,Elenco
Noá Bonoba,A Strange Path,Elenco
Déo Cardoso,A Strange Path,Elenco
Larissa Góes,A Strange Path,Elenco
Jennifer Joingley,A Strange Path,Elenco
Guto Parente,A Strange Path,Director
Ticiana Augusto Lima,A Strange Path,Producer
Luciana Souza,Quando Eu Me Encontrar,Elenco
David Santos,Quando Eu Me Encontrar,Elenco
Pipa,Quando Eu Me Encontrar,Elenco
Di Ferreira,Quando Eu Me Encontrar,Elenco
Lucas Limeira,Quando Eu Me Encontrar,Elenco
Claudia Pires,Quando Eu Me Encontrar,Elenco
Alisson Emanoel,Quando Eu Me Encontrar,Elenco
Lis Sutter,Quando Eu Me Encontrar,Elenco
Adna Oliveira,Quando Eu Me Encontrar,Elenco
Larissa Góes,Quando Eu Me Encontrar,Elenco
Brunu Kunk,Quando Eu Me Encontrar,Elenco
Patricia Dawnson,Quando Eu Me Encontrar,Elenco
Rafael Martins,Quando Eu Me Encontrar,Elenco
Caru Lina,Quando Eu Me Encontrar,Elenco
Michelline Helena,Quando Eu Me Encontrar,Director
Caroline Louise,Quando Eu Me Encontrar,Producer
Amanda Pontes,Quando Eu Me Encontrar,Director
Amanda Pontes,Quando Eu Me Encontrar,Writer
Michelline Helena,Quando Eu Me Encontrar,Writer
Luy Campos,Teca & Tuti: A Night at the Library,Elenco
Hugo Picchi Neto,Teca & Tuti: A Night at the Library,Elenco
Cidalia Castro,Teca & Tuti: A Night at the Library,Elenco
Italo Luiz,Teca & Tuti: A Night at the Library,Elenco
Nany Assis,Teca & Tuti: A Night at the Library,Elenco
Má Zink,Teca & Tuti: A Night at the Library,Elenco
Pierre Bittencourt,Teca & Tuti: A Night at the Library,Elenco
Graça Cunha,Teca & Tuti: A Night at the Library,Elenco
Tarsila Amorim,Teca & Tuti: A Night at the Library,Elenco
Hélio Ziskind,Teca & Tuti: A Night at the Library,Elenco
Micael Gomes Matos,Teca & Tuti: A Night at the Library,Elenco
Nelma Nunes,Teca & Tuti: A Night at the Library,Elenco
Rodolfo Bonifácio,Teca & Tuti: A Night at the Library,Elenco
Diego M. Doimo,Teca & Tuti: A Night at the Library,Director
Tiago Mal,Teca & Tuti: A Night at the Library,Director
Eduardo Perdido,Teca & Tuti: A Night at the Library,Director
Fernando Becari,O Começo de uma História,Elenco
Fernando Becari,O Começo de uma História,Director
Fernando Becari,O Começo de uma História,Writer
Sofia Tomic,Sofia Was,Elenco
Hellena Kuasne,Sofia Was,Elenco
Jorge Neto,Sofia Was,Elenco
Sofia Carvalheira,Sofia Was,Elenco
Paulo Tadashi,Sofia Was,Elenco
Guilherme Françoso,Sofia Was,Elenco
André Bulascoschi,Sofia Was,Producer
Marina Kosa,Sofia Was,Producer
Sofia Tomic,Sofia Was,Producer
Pedro Geraldo,Sofia Was,Producer
Pedro Formigoni,Sofia Was,Producer
Rodrigo Lavorato,Sofia Was,Producer
Pedro Geraldo,Sofia Was,Director
Deusdeth Ezequiel dos Santos,No Rastro do Pé de Bode,Elenco
Marcelo Rabelo,No Rastro do Pé de Bode,Director
Giovanni Venturini,Acsexybility,Elenco
Lelê Martins,Acsexybility,Elenco
Estela Lapponi,Acsexybility,Elenco
Luca Munhoz,Acsexybility,Elenco
Cida Leite,Acsexybility,Elenco
Amanda Soares,Acsexybility,Elenco
Dudé,Acsexybility,Elenco
Clara Sasse,Acsexybility,Elenco
Daniel Gonçalves,Acsexybility,Writer
Daniel Gonçalves,Acsexybility,Director
Ayla Gabriela,A Bird Called Memory,Elenco
Henrique Bulhões,A Bird Called Memory,Elenco
Jard Costa,A Bird Called Memory,Elenco
Kley Hudson,A Bird Called Memory,Elenco
Rafael Teixeira,A Bird Called Memory,Producer
Leonardo Martinelli,A Bird Called Memory,Director
Naomi Pacifique,A Bird Called Memory,Producer
Leonardo Martinelli,A Bird Called Memory,Producer
Rafael Manuel,A Bird Called Memory,Producer
Leonardo Martinelli,A Bird Called Memory,Writer
Meera Nadarasa,The Human Surge 3,Elenco
Sharika Navamani,The Human Surge 3,Elenco
Livia Silvano,The Human Surge 3,Elenco
Abel Navarro,The Human Surge 3,Elenco
Ri Ri Yang,The Human Surge 3,Elenco
Bo-Kai Hsu,The Human Surge 3,Elenco
Eduardo Williams,The Human Surge 3,Director
Ico Costa,The Human Surge 3,Producer
Xie Meng,The Human Surge 3,Producer
Aline Mazzarella,The Human Surge 3,Producer
Matheus Peçanha,The Human Surge 3,Producer
Chu-Ti Chang,The Human Surge 3,Producer
Nahuel Pérez Biscayart,The Human Surge 3,Producer
Eduardo Williams,The Human Surge 3,Producer
Shico Menegat,The Messenger,Elenco
Valentina Herszage,The Messenger,Elenco
Floriano Peixoto,The Messenger,Elenco
Georgette Fadel,The Messenger,Elenco
Higor Campagnaro,The Messenger,Elenco
Javier Drolas,The Messenger,Elenco
Beatriz Barros,The Messenger,Elenco
Eduardo Speroni,The Messenger,Elenco
Bruce Gomlevsky,The Messenger,Elenco
Virgínia Rosa,The Messenger,Elenco
Rose Germano,The Messenger,Elenco
Witor Mota,The Messenger,Elenco
Francisco Paes,The Messenger,Elenco
Zé Wendell,The Messenger,Elenco
Marcos Quintanilla,The Messenger,Elenco
Matheus Santana,The Messenger,Elenco
Christian Louz,The Messenger,Elenco
Ana Luzia,The Messenger,Elenco
Matheus Lima,The Messenger,Elenco
Jorge Antonio,The Messenger,Elenco
Leandro da Mata,The Messenger,Elenco
Severiano Murro,The Messenger,Elenco
Dan Aguiar,The Messenger,Elenco
Dylan Ruiz,The Messenger,Elenco
Diego Fernandes,The Messenger,Elenco
Fabio Rodrigues,The Messenger,Elenco
Dan Leuback,The Messenger,Elenco
Lúcia Murat,The Messenger,Elenco
Francisco Côrtes,The Messenger,Elenco
Paulo Sant'Ana,The Messenger,Elenco
Lúcia Murat,The Messenger,Director
Lúcia Murat,The Messenger,Writer
Tunico Amâncio,The Messenger,Writer
Lúcia Murat,The Messenger,Producer
Felicitas Raffo,The Messenger,Producer
Grazi Massafera,A Happy Family,Elenco
Reynaldo Gianecchini,A Happy Family,Elenco
Luiza Antunes,A Happy Family,Elenco
Juliana Bim,A Happy Family,Elenco
Juliana Funaro,A Happy Family,Producer
René Sampaio,A Happy Family,Producer
Krysse Mello,A Happy Family,Producer
José Eduardo Belmonte,A Happy Family,Director
Milton Nascimento,Nothing Like Before – The Music of Clube da Esquina,Elenco
Lô Borges,Nothing Like Before – The Music of Clube da Esquina,Elenco
Beto Guedes,Nothing Like Before – The Music of Clube da Esquina,Elenco
Márcio Borges,Nothing Like Before – The Music of Clube da Esquina,Elenco
Wagner Tiso,Nothing Like Before – The Music of Clube da Esquina,Elenco
Toninho Horta,Nothing Like Before – The Music of Clube da Esquina,Elenco
Ronaldo Bastos,Nothing Like Before – The Music of Clube da Esquina,Elenco
Flávio Venturini,Nothing Like Before – The Music of Clube da Esquina,Elenco
Murilo Antunes,Nothing Like Before – The Music of Clube da Esquina,Elenco
Tavinho Moura,Nothing Like Before – The Music of Clube da Esquina,Elenco
Nivaldo Ornelas,Nothing Like Before – The Music of Clube da Esquina,Elenco
Robertinho Silva,Nothing Like Before – The Music of Clube da Esquina,Elenco
Novelli,Nothing Like Before – The Music of Clube da Esquina,Elenco
Nelson Angelo,Nothing Like Before – The Music of Clube da Esquina,Elenco
Luiz Alves,Nothing Like Before – The Music of Clube da Esquina,Elenco
Duca Leal,Nothing Like Before – The Music of Clube da Esquina,Elenco
Telo Borges,Nothing Like Before – The Music of Clube da Esquina,Elenco
Marilton Borges,Nothing Like Before – The Music of Clube da Esquina,Elenco
Paulinho Saturino,Nothing Like Before – The Music of Clube da Esquina,Elenco
Beto Lopes,Nothing Like Before – The Music of Clube da Esquina,Elenco
Paulo Vilara,Nothing Like Before – The Music of Clube da Esquina,Elenco
José Roberto Borges,Nothing Like Before – The Music of Clube da Esquina,Producer
Ana Rieper,Nothing Like Before – The Music of Clube da Esquina,Director
Meniky Marla,Caluim,Elenco
Hamilton Junior,Caluim,Elenco
Lia Nascimento,Caluim,Elenco
Gabriel Carvalho,Caluim,Elenco
Gabriel Brasileiro,Caluim,Elenco
Marcos Alexandre,Caluim,Director
Gabriela Correia,Caluim,Producer
Marcos Alexandre,Caluim,Producer
Gustavo Ramos Ribeiro,Cut!,Elenco
Miguel Carreto,Cut!,Elenco
Daniel Rubinger,Cut!,Elenco
Maria Clara de Aguiar,Cut!,Elenco
Arthur Matsubara,Cut!,Elenco
Maria Fernanda de Paula,Cut!,Elenco
Mariana Oviedo,Cut!,Elenco
Daniel Rubinger,Cut!,Director
Daniel Rubinger,Cut!,Writer
Carol Castro,We Are Still The Same,Elenco
Edson Celulari,We Are Still The Same,Elenco
Lucas Zaffari,We Are Still The Same,Elenco
Roberto Rios,We Are Still The Same,Elenco
Gabrielle Fleck,We Are Still The Same,Elenco
Nicola Siri,We Are Still The Same,Elenco
Néstor Guzzini,We Are Still The Same,Elenco
Mariana Catalane,We Are Still The Same,Elenco
Juan Manuel Tellategui,We Are Still The Same,Elenco
Liane Venturella,We Are Still The Same,Elenco
Natália Sacramento,We Are Still The Same,Elenco
Suzi Martinez,We Are Still The Same,Elenco
Bruno Rapone,We Are Still The Same,Elenco
Karen Lourenzi,We Are Still The Same,Elenco
Guilherme Varani,We Are Still The Same,Elenco
Jessica Trintin,We Are Still The Same,Elenco
Rogério Beretta,We Are Still The Same,Elenco
Ícaro Cabral,We Are Still The Same,Elenco
Henrique Guimarães,We Are Still The Same,Elenco
Paulo Nascimento,We Are Still The Same,Director
Paulo Nascimento,We Are Still The Same,Writer
Selma Egrei,Port-au-Prince,Elenco
Diderot Senat,Port-au-Prince,Elenco
Leonardo Franco,Port-au-Prince,Elenco
Monica Siedler,Port-au-Prince,Elenco
Hugo Capelato,Port-au-Prince,Elenco
Lelete Couto,Port-au-Prince,Elenco
Wasmith Destin,Port-au-Prince,Elenco
Ivana Fossari,Port-au-Prince,Elenco
Sandra Ouriques,Port-au-Prince,Elenco
Rita Roldan,Port-au-Prince,Elenco
Gringo Starr,Port-au-Prince,Elenco
Lui Strassburger,Port-au-Prince,Elenco
Maria Emília de Azevedo,Port-au-Prince,Director
Maria Emília de Azevedo,Port-au-Prince,Writer
PH Souza,Port-au-Prince,Producer
Maya de Vicq,Heartless,Elenco
Eduarda Samara,Heartless,Elenco
Maeve Jinkings,Heartless,Elenco
Erom Cordeiro,Heartless,Elenco
Ian Boechat,Heartless,Elenco
Kaique Brito,Heartless,Elenco
Alaylson Emanuel,Heartless,Elenco
Lucas da Silva,Heartless,Elenco
Elany Santos,Heartless,Elenco
Clara Andrade,Heartless,Elenco
Eules Assis,Heartless,Elenco
Wellington da Silva,Heartless,Elenco
Ivana Iza,Heartless,Elenco
Márcio Tadeu de Lima,Heartless,Elenco
André Rocha,Heartless,Elenco
Leide Olodum,Heartless,Elenco
Aury Porto,Heartless,Elenco
Ábia Marpin,Heartless,Elenco
Chris Braun,Heartless,Elenco
Lucelia Pontes,Heartless,Elenco
Anderson Wyllyck,Heartless,Elenco
Yanka Máximo,Heartless,Elenco
Vih Oliveira,Heartless,Elenco
Emilly Gabrielly Monteiro da Silva,Heartless,Elenco
Tatiana da Silva,Heartless,Elenco
Rodrigo Cunha,Heartless,Elenco
Lucas Santos,Heartless,Elenco
Federico Moretti,Heartless,Elenco
Rita Ippolito,Heartless,Elenco
Dino Porrini,Heartless,Elenco
Gianmarco Ferri,Heartless,Elenco
Giovani Russine,Heartless,Elenco
Jeferson Júnior,Heartless,Elenco
Renata Czarny,Heartless,Elenco
Svetlana Pashchenko,Heartless,Elenco
Rosita Alfonsa La Rosa,Heartless,Elenco
Matheus Santos,Heartless,Elenco
Aline Marta,Heartless,Elenco
Jairon Lindoso,Heartless,Elenco
Maria Natalia da Silva Santos,Heartless,Elenco
Emilie Lesclaux,Heartless,Producer
Kleber Mendonça Filho,Heartless,Producer
Damien Megherbi,Heartless,Producer
Nadia Trevisan,Heartless,Producer
Justin Pechberty,Heartless,Producer
Alberto Fasulo,Heartless,Producer
Tião,Heartless,Director
Nara Normande,Heartless,Director
Nara Normande,Heartless,Writer
Tião,Heartless,Writer
Aury Porto,Agreste,Elenco
Badu Morais,Agreste,Elenco
Luci Pereira,Agreste,Elenco
Jaedson Bahia,Agreste,Elenco
Mohana Uchôa,Agreste,Elenco
Roberto Rezende,Agreste,Elenco
Antonio Pablo,Agreste,Elenco
Hertz Félix,Agreste,Elenco
Leo Moreira Sá,Agreste,Elenco
Durgandy Borges,Agreste,Elenco
Paulo Henrique Reis de Melo,Agreste,Elenco
Lidiane Braga,Agreste,Elenco
Terena França,Agreste,Elenco
Emily Vitoria,Agreste,Elenco
Eulália do Amor Divino,Agreste,Elenco
Fátima Maria Matos,Agreste,Elenco
Katia Gonçalves,Agreste,Elenco
Márcia Galvão,Agreste,Elenco
Gustavo Maximiliano,Agreste,Producer
Sérgio Roizenblit,Agreste,Director
Newtton Moreno,Agreste,Writer
Viviane Rodrigues,Agreste,Producer
Marcus Aurelius Pimenta,Agreste,Writer
Sérgio Roizenblit,Agreste,Producer
Lorenzo Barreto,Meu Amigo Lorenzo,Elenco
André Luiz Oliveira,Meu Amigo Lorenzo,Elenco
Clarisse Prestes,Meu Amigo Lorenzo,Elenco
Áurea Daia,Meu Amigo Lorenzo,Elenco
Ubyrajara Gomes,Meu Amigo Lorenzo,Elenco
Pablo Duque,Meu Amigo Lorenzo,Elenco
André Luiz Oliveira,Meu Amigo Lorenzo,Director
Thay Limeira,Meu Amigo Lorenzo,Producer
Gabriela Freire,Entrelinhas,Elenco
Eduardo Borelli,Entrelinhas,Elenco
Daniel Chagas,Entrelinhas,Elenco
Leandro Daniel Colombo,Entrelinhas,Elenco
Mauro Zanatta,Entrelinhas,Elenco
Laís Cristina,Entrelinhas,Elenco
Renet Lyon,Entrelinhas,Elenco
Brenda Sodré,Entrelinhas,Elenco
Patricia Saravy,Entrelinhas,Elenco
Carlos Vilas Boas,Entrelinhas,Elenco
Leonardo Goulart,Entrelinhas,Elenco
Fabiana Ferrreira,Entrelinhas,Elenco
Maureen Miranda,Entrelinhas,Elenco
Ranieri Gonzalez,Entrelinhas,Elenco
Nathalia Garcia,Entrelinhas,Elenco
Regina Vogue,Entrelinhas,Elenco
Otavio Linhares,Entrelinhas,Elenco
Altamar Cezar,Entrelinhas,Elenco
Guto Pasko,Entrelinhas,Director
Guto Pasko,Entrelinhas,Producer
Andréia Kaláboa,Entrelinhas,Producer
Márcio Cassoni,The Stage,Elenco
Rodrigo Manzelli,The Stage,Elenco
Rafael Bellangero,The Stage,Director
Rafael Bellangero,The Stage,Writer
Alejandro Venturini,Tras las huellas de Mengele,Director
Tomás De Leone,Tras las huellas de Mengele,Director
Filipe Bragança,Meu Sangue Ferve por Você,Elenco
Giovana Cordeiro,Meu Sangue Ferve por Você,Elenco
Caco Ciocler,Meu Sangue Ferve por Você,Elenco
Emanuelle Araújo,Meu Sangue Ferve por Você,Elenco
Sidney Santiago,Meu Sangue Ferve por Você,Elenco
Sol Menezzes,Meu Sangue Ferve por Você,Elenco
Pablo Morais,Meu Sangue Ferve por Você,Elenco
Tânia Toko,Meu Sangue Ferve por Você,Elenco
Che Moais,Meu Sangue Ferve por Você,Elenco
Gustavo Novaes,Meu Sangue Ferve por Você,Elenco
Julia Konrad,Meu Sangue Ferve por Você,Elenco
Rael Barja,Meu Sangue Ferve por Você,Elenco
Sidney Magal,Meu Sangue Ferve por Você,Elenco
Magali West,Meu Sangue Ferve por Você,Elenco
Ben Kurtain,Meu Sangue Ferve por Você,Elenco
Paulo Machline,Meu Sangue Ferve por Você,Director
Dan Klabin,Meu Sangue Ferve por Você,Producer
Paulo Machline,Meu Sangue Ferve por Você,Producer
Diane Maia,Meu Sangue Ferve por Você,Producer
Joana Mariani,Meu Sangue Ferve por Você,Producer
Andrew Bargsted,Prison in the Andes,Elenco
Hugo Medina,Prison in the Andes,Elenco
Bastián Bodenhöfer,Prison in the Andes,Elenco
Mauricio Pesutic,Prison in the Andes,Elenco
Alejandro Trejo,Prison in the Andes,Elenco
Óscar Hernández,Prison in the Andes,Elenco
Daniel Alcaíno,Prison in the Andes,Elenco
Juan Carlos Maldonado,Prison in the Andes,Elenco
Nicolás Zárate,Prison in the Andes,Elenco
Felipe Carmona,Prison in the Andes,Director
Daniel Pech,Prison in the Andes,Producer
Omar Zúñiga Hidalgo,Prison in the Andes,Producer
Dominga Sotomayor,Prison in the Andes,Producer
Dorival Caymmi,Nas Ondas de Dorival Caymmi,Elenco
Nana Caymmi,Nas Ondas de Dorival Caymmi,Elenco
Dori Caymmi,Nas Ondas de Dorival Caymmi,Elenco
Danilo Caymmi,Nas Ondas de Dorival Caymmi,Elenco
Maria Bethânia,Nas Ondas de Dorival Caymmi,Elenco
Caetano Veloso,Nas Ondas de Dorival Caymmi,Elenco
Gilberto Gil,Nas Ondas de Dorival Caymmi,Elenco
Chico Buarque,Nas Ondas de Dorival Caymmi,Elenco
João Bosco,Nas Ondas de Dorival Caymmi,Elenco
Nelson Motta,Nas Ondas de Dorival Caymmi,Elenco
André Midani,Nas Ondas de Dorival Caymmi,Elenco
Tárik de Souza,Nas Ondas de Dorival Caymmi,Elenco
Hermínio Bello de Carvalho,Nas Ondas de Dorival Caymmi,Elenco
Paulo Cesar Pinheiro,Nas Ondas de Dorival Caymmi,Elenco
Sérgio Mendes,Nas Ondas de Dorival Caymmi,Elenco
BNegão,Nas Ondas de Dorival Caymmi,Elenco
Carmen Miranda,Nas Ondas de Dorival Caymmi,Elenco
Antônio Carlos Jobim,Nas Ondas de Dorival Caymmi,Elenco
Gal Costa,Nas Ondas de Dorival Caymmi,Elenco
João Gilberto,Nas Ondas de Dorival Caymmi,Elenco
Elza Soares,Nas Ondas de Dorival Caymmi,Elenco
Nara Leão,Nas Ondas de Dorival Caymmi,Elenco
Clara Nunes,Nas Ondas de Dorival Caymmi,Elenco
Jô Soares,Nas Ondas de Dorival Caymmi,Elenco
Jorge Amado,Nas Ondas de Dorival Caymmi,Elenco
Renato Russo,Nas Ondas de Dorival Caymmi,Elenco
Stella Maris,Nas Ondas de Dorival Caymmi,Elenco
Locca Faria,Nas Ondas de Dorival Caymmi,Director
Helio Pitanga,Nas Ondas de Dorival Caymmi,Producer
Renato Novaes,The Day I Met You,Elenco
Grace Passô,The Day I Met You,Elenco
Stan Alban,The Day I Met You,Elenco
Kelly Crifer,The Day I Met You,Elenco
Norberto Novais Oliveira,The Day I Met You,Elenco
Seu Milton,The Day I Met You,Elenco
Amora Crifer,The Day I Met You,Elenco
Cecilia Rodrigues,The Day I Met You,Elenco
FBC,The Day I Met You,Elenco
André Novais Oliveira,The Day I Met You,Director
André Novais Oliveira,The Day I Met You,Writer
Thiago Macedo Correia,The Day I Met You,Producer
André Novais Oliveira,The Day I Met You,Producer
Gabriel Martins,The Day I Met You,Producer
Maurílio Martins,The Day I Met You,Producer
Cintia Rosa,A Festa de Léo,Elenco
Jonathan Haagensen,A Festa de Léo,Elenco
Nego Ney,A Festa de Léo,Elenco
Mary Sheila,A Festa de Léo,Elenco
Thawan Lucas,A Festa de Léo,Elenco
Kikito Junqueira,A Festa de Léo,Elenco
Neusa Borges,A Festa de Léo,Elenco
Thiago Martins,A Festa de Léo,Elenco
Micael Borges,A Festa de Léo,Elenco
Babu Santana,A Festa de Léo,Elenco
Márcio Vito,A Festa de Léo,Elenco
Jonathan Azevedo,A Festa de Léo,Elenco
Roberta Rodrigues,A Festa de Léo,Elenco
Marcelo Mello Jr.,A Festa de Léo,Elenco
Juan Paiva,A Festa de Léo,Elenco
Luciana Bezerra,A Festa de Léo,Director
Luciana Bezerra,A Festa de Léo,Writer
Duda Bouhid,A Festa de Léo,Producer
Gustavo Melo,A Festa de Léo,Director
Diogo Dahl,A Festa de Léo,Producer
Gustavo Melo,A Festa de Léo,Writer
Valentina Herszage,As Polacas,Elenco
Caco Ciocler,As Polacas,Elenco
Dora Freind,As Polacas,Elenco
Amaurih Oliveira,As Polacas,Elenco
Otávio Müller,As Polacas,Elenco
Clarice Niskier,As Polacas,Elenco
Anna Kutner,As Polacas,Elenco
Bruno Pêgo,As Polacas,Elenco
João Jardim,As Polacas,Director
George Moura,As Polacas,Writer
Aisha Brunno,All That You Could Be,Elenco
Bramma Bremmer,All That You Could Be,Elenco
Igui Leal,All That You Could Be,Elenco
Will Soares,All That You Could Be,Elenco
Ricardo Alves Jr.,All That You Could Be,Director
Germano Melo,All That You Could Be,Writer
Grande Otelo,Othelo The Great,Elenco
Klaus Kinski,Othelo The Great,Elenco
Abdias Nascimento,Othelo The Great,Elenco
Orson Welles,Othelo The Great,Elenco
Oscarito,Othelo The Great,Elenco
Ankito,Othelo The Great,Elenco
Zezé Motta,Othelo The Great,Elenco
Lucas H. Rossi,Othelo The Great,Director
Lucas H. Rossi,Othelo The Great,Writer
Ailton Franco Jr,Othelo The Great,Producer
Fermino Neto,Othelo The Great,Writer
Henrique Amud,Othelo The Great,Writer
Maria Fernanda Cândido,The Passion According to G.H.,Elenco
Samira Nancassa,The Passion According to G.H.,Elenco
Luiz Fernando Carvalho,The Passion According to G.H.,Director
Gisele Frade,O Vazio de Domingo à Tarde,Elenco
Ana Eliza Chaves,O Vazio de Domingo à Tarde,Elenco
Erom Cordeiro,O Vazio de Domingo à Tarde,Elenco
Larissa Mauro,O Vazio de Domingo à Tarde,Elenco
Vinicius Meloni,O Vazio de Domingo à Tarde,Elenco
Guilherme Angelim,O Vazio de Domingo à Tarde,Elenco
Paulo Sousa,O Vazio de Domingo à Tarde,Elenco
Roberto Oliveira,O Vazio de Domingo à Tarde,Elenco
Bianca Terraza,O Vazio de Domingo à Tarde,Elenco
Pedro Xavier,O Vazio de Domingo à Tarde,Elenco
Mauro Pires Ribeiro,O Vazio de Domingo à Tarde,Elenco
Tainá Baldez,O Vazio de Domingo à Tarde,Elenco
Marcelo Pelucio,O Vazio de Domingo à Tarde,Elenco
Maria Stella,O Vazio de Domingo à Tarde,Elenco
Igor Souza,O Vazio de Domingo à Tarde,Elenco
Lupe Leal,O Vazio de Domingo à Tarde,Elenco
Gregório Benevides,O Vazio de Domingo à Tarde,Elenco
Edy Lima,O Vazio de Domingo à Tarde,Elenco
Rodrigo Lelis,O Vazio de Domingo à Tarde,Elenco
Duda Marques,O Vazio de Domingo à Tarde,Elenco
Diego de Léon,O Vazio de Domingo à Tarde,Elenco
Ayla Gresta,O Vazio de Domingo à Tarde,Elenco
Ultra Martini,O Vazio de Domingo à Tarde,Elenco
Tuanny Araujo,O Vazio de Domingo à Tarde,Elenco
Roustang Carrilho,O Vazio de Domingo à Tarde,Elenco
Kamala Ramers,O Vazio de Domingo à Tarde,Elenco
Elisa Volpatto,O Vazio de Domingo à Tarde,Elenco
Gustavo Galvão,O Vazio de Domingo à Tarde,Director
Gustavo Galvão,O Vazio de Domingo à Tarde,Producer
Cristiane Oliveira,O Vazio de Domingo à Tarde,Producer
Cristiane Oliveira,O Vazio de Domingo à Tarde,Writer
Gustavo Galvão,O Vazio de Domingo à Tarde,Writer
Paulo Miklos,Stories of Samba,Elenco
Gero Camilo,Stories of Samba,Elenco
Gustavo Machado,Stories of Samba,Elenco
Leilah Moreno,Stories of Samba,Elenco
Sidney Santiago,Stories of Samba,Elenco
Paulo Tiefenthaler,Stories of Samba,Elenco
Carlos Gimenez,Stories of Samba,Elenco
Izak Dahora,Stories of Samba,Elenco
Zemanuel Piñero,Stories of Samba,Elenco
Ney Piacentini,Stories of Samba,Elenco
Noemi Marinho,Stories of Samba,Elenco
Leiza Maria,Stories of Samba,Elenco
Dagoberto Feliz,Stories of Samba,Elenco
Tassia Cabanas,Stories of Samba,Elenco
Guilherme Rodio,Stories of Samba,Elenco
Raimundo Moura,Stories of Samba,Elenco
Victor Salomão,Stories of Samba,Elenco
Guilherme Conceição,Stories of Samba,Elenco
Rodrigo Mazzoni,Stories of Samba,Elenco
Eduardo Zanotti,Stories of Samba,Elenco
Pedro Serrano,Stories of Samba,Director
Renata Martins Alvarez,Stories of Samba,Producer
Pedro Serrano,Stories of Samba,Producer
Suzana Pires,O Anel de Eva,Elenco
Odilon Wagner,O Anel de Eva,Elenco
Laíze Câmara,O Anel de Eva,Elenco
Sandro Lucose,O Anel de Eva,Elenco
Regina Sampaio,O Anel de Eva,Elenco
Lis Luciddi,O Anel de Eva,Elenco
Luciano Bortoluzzi,O Anel de Eva,Elenco
Rafael Golombek,O Anel de Eva,Elenco
Amauri Tangará,O Anel de Eva,Elenco
Márcio Campos,O Anel de Eva,Elenco
Dufflair Barradas,O Anel de Eva,Director
Manuel Filho,Cidade da Criança: Uma História Afetiva,Elenco
Edu Raia,Cidade da Criança: Uma História Afetiva,Elenco
Marco Meier,Cidade da Criança: Uma História Afetiva,Elenco
Mauricio de Sousa,Cidade da Criança: Uma História Afetiva,Elenco
Miriam Mehler,Cidade da Criança: Uma História Afetiva,Elenco
Roberto Campana,Cidade da Criança: Uma História Afetiva,Elenco
Tânia Meier,Cidade da Criança: Uma História Afetiva,Elenco
Manuel Filho,Cidade da Criança: Uma História Afetiva,Director
Manuel Filho,Cidade da Criança: Uma História Afetiva,Writer
Caio Blat,Great Sertão,Elenco
Luisa Arraes,Great Sertão,Elenco
Rodrigo Lombardi,Great Sertão,Elenco
Eduardo Sterblitch,Great Sertão,Elenco
Luis Miranda,Great Sertão,Elenco
Mariana Nunes,Great Sertão,Elenco
Luellem de Castro,Great Sertão,Elenco
Wj,Great Sertão,Elenco
Izak Dahora,Great Sertão,Elenco
Reinaldo Junior,Great Sertão,Elenco
Lucas Oranmian,Great Sertão,Elenco
Gustavo Falcão,Great Sertão,Elenco
Giselle Motta,Great Sertão,Elenco
Marília Nunes,Great Sertão,Elenco
Manoel Rangel,Great Sertão,Producer
Guel Arraes,Great Sertão,Writer
Heitor Dhalia,Great Sertão,Producer
Egisto Betti,Great Sertão,Producer
Guel Arraes,Great Sertão,Director
Jorge Furtado,Great Sertão,Writer
Fernanda Marques,Nobody Leaves Alive,Elenco
Augusto Madeira,Nobody Leaves Alive,Elenco
Andréia Horta,Nobody Leaves Alive,Elenco
Rejane Faria,Nobody Leaves Alive,Elenco
Arlindo Lopes,Nobody Leaves Alive,Elenco
Naruna Costa,Nobody Leaves Alive,Elenco
Bukassa Kabengele,Nobody Leaves Alive,Elenco
Aury Porto,Nobody Leaves Alive,Elenco
Marco Bravo,Nobody Leaves Alive,Elenco
Marcelo Laham,Nobody Leaves Alive,Elenco
Paulo Américo,Nobody Leaves Alive,Elenco
Maria do Carmo Soares,Nobody Leaves Alive,Elenco
Lilian de Lima,Nobody Leaves Alive,Elenco
Ana Kutner,Nobody Leaves Alive,Elenco
Rafaela Mandelli,Nobody Leaves Alive,Elenco
Henrique Schafer,Nobody Leaves Alive,Elenco
Augusto Trainotti,Nobody Leaves Alive,Elenco
Samuel de Assis,Nobody Leaves Alive,Elenco
Vanderlei Bernardino,Nobody Leaves Alive,Elenco
Viviane Monteiro,Nobody Leaves Alive,Elenco
Lulu Pavarin,Nobody Leaves Alive,Elenco
Teka Romualdo,Nobody Leaves Alive,Elenco
Márcio Américo,Nobody Leaves Alive,Elenco
Adolfo Moura,Nobody Leaves Alive,Elenco
Luiz Mário Vicente,Nobody Leaves Alive,Elenco
Donizete Mazonas,Nobody Leaves Alive,Elenco
Nicola Siri,Nobody Leaves Alive,Elenco
Gueda Liberto,Nobody Leaves Alive,Elenco
Camila Maria,Nobody Leaves Alive,Elenco
Emiliano Favacho,Nobody Leaves Alive,Elenco
Carolina Zanon,Nobody Leaves Alive,Elenco
Oswaldo Eugênio,Nobody Leaves Alive,Elenco
Bárbara Ricciardi,Nobody Leaves Alive,Elenco
Preta Ferreira,Nobody Leaves Alive,Elenco
André Ristum,Nobody Leaves Alive,Director
André Ristum,Nobody Leaves Alive,Producer
Rodrigo Castellar,Nobody Leaves Alive,Producer
Caio Gullane,Nobody Leaves Alive,Producer
Fabiano Gullane,Nobody Leaves Alive,Producer
André Novis,Nobody Leaves Alive,Producer
Nicoly Mota,sirius não é tão longe,Elenco
Sofia Vasconcelos,sirius não é tão longe,Elenco
Nick Sanches,sirius não é tão longe,Director
Lucas Souto,sirius não é tão longe,Producer
Juliana Craveiro,sirius não é tão longe,Producer
Nick Sanches,sirius não é tão longe,Writer
Ana Paula Schneider,Motherboard,Elenco
Ana Júlia Silva Guimarães,Motherboard,Elenco
Vitor Gabriel Pereira,Motherboard,Elenco
Márcio Simões,Motherboard,Elenco
Margarida Peixoto,Motherboard,Elenco
Áurea Baptista,Motherboard,Elenco
Carlos Cunha Filho,Motherboard,Elenco
Marcello Crawshaw,Motherboard,Elenco
Cassiano Ranzolin,Motherboard,Elenco
Keka Bittencourt,Motherboard,Elenco
Teffy Marcondes,Motherboard,Elenco
Guilherme Barcellos,Motherboard,Elenco
Zé Luiz Thomé,Motherboard,Elenco
Otto Guerra,Motherboard,Elenco
Stevan Gaipo,Motherboard,Elenco
Gisela Habeyche,Motherboard,Elenco
Martha Brito,Motherboard,Elenco
Renan Rammé,Motherboard,Elenco
Christopher Costa,Motherboard,Elenco
Kiko Ferraz,Motherboard,Elenco
Igor Bastos,Motherboard,Elenco
Kellen C. Silva,Motherboard,Elenco
Igor Bastos,Motherboard,Director
Sophia Abrahão,Letícia,Elenco
Bernardo Felinto,Letícia,Elenco
Sergio Harger,Letícia,Elenco
Letícia Tomazella,Letícia,Elenco
Naiara Lira,Letícia,Elenco
Fabrizia Posada,Letícia,Elenco
Bárbara Salles,Letícia,Elenco
Cássia Gentile,Letícia,Elenco
Leonardo Brandão,Letícia,Elenco
Juliana Maraschin,Letícia,Elenco
Paulo Ribeiro,Letícia,Elenco
Sávio Gerardo,Letícia,Elenco
Marcellus Inácio,Letícia,Elenco
Rebeca Reis,Letícia,Elenco
Andresa Sousa,Letícia,Elenco
Maria Léo,Letícia,Elenco
Mari Lotti,Letícia,Elenco
Filipe Lima,Letícia,Elenco
Judith Aragão,Letícia,Elenco
Cristiano Vieira,Letícia,Director
Sergio Harger,Letícia,Producer
Cristiano Vieira,Letícia,Producer
Petrus Pires,Roberto Pires: Êle Fêz O Cinema Baiano Nascer,Elenco
Victor Marques,Roberto Pires: Êle Fêz O Cinema Baiano Nascer,Elenco
Paula Anuska,Roberto Pires: Êle Fêz O Cinema Baiano Nascer,Producer
Victor Marques,Roberto Pires: Êle Fêz O Cinema Baiano Nascer,Producer
Paula Anuska,Roberto Pires: Êle Fêz O Cinema Baiano Nascer,Director
Victor Marques,Roberto Pires: Êle Fêz O Cinema Baiano Nascer,Writer
Alexandre Philipe,Letter to the Captain,Elenco
Vinicius Neto,Letter to the Captain,Elenco
Philipe Melo,Letter to the Captain,Elenco
Gustavo Rodrigues,Letter to the Captain,Elenco
Glaydson Júnior,Letter to the Captain,Elenco
Carolina Figueiredo,Letter to the Captain,Elenco
Philipe Melo,Letter to the Captain,Director
Philipe Melo,Letter to the Captain,Writer
Maria das Mêrces,As Conspirações Alienígenas: part. I,Elenco
Carlos Henrique,As Conspirações Alienígenas: part. I,Elenco
Carlos Henrique,As Conspirações Alienígenas: part. I,Director
Carlos Henrique,As Conspirações Alienígenas: part. I,Producer
Carlos Henrique,As Conspirações Alienígenas: part. I,Writer
Geovanna Seccafien,A Importância da Direção de Fotografia para o Cinema,Director
André Alonso,DE:MENT!RA,Director
Vasilios Papapitsio,PARAPRONOIA,Director
Vasilios Papapitsio,PARAPRONOIA,Writer
Priscilla Colombi,Anita – A Guerreira de Dois Mundos,Elenco
Cassiano Ranzolin,Anita – A Guerreira de Dois Mundos,Elenco
Werner Schünneman,Anita – A Guerreira de Dois Mundos,Elenco
Jackson Antunes,Anita – A Guerreira de Dois Mundos,Elenco
Marcos Verza,Anita – A Guerreira de Dois Mundos,Elenco
Sirmar Antunes,Anita – A Guerreira de Dois Mundos,Elenco
Luis Franke,Anita – A Guerreira de Dois Mundos,Elenco
Andressa Matos,Anita – A Guerreira de Dois Mundos,Elenco
Leandro Shirmer,Anita – A Guerreira de Dois Mundos,Elenco
Cássio Nascimento,Anita – A Guerreira de Dois Mundos,Elenco
Guilherme Suman,Anita – A Guerreira de Dois Mundos,Elenco
Zé Victor Castiel,Anita – A Guerreira de Dois Mundos,Elenco
Marcello Crawshaw,Anita – A Guerreira de Dois Mundos,Elenco
Rose Canal,Anita – A Guerreira de Dois Mundos,Elenco
Cléo Ávila,Anita – A Guerreira de Dois Mundos,Elenco
Renan Fagundes,Anita – A Guerreira de Dois Mundos,Elenco
Pirisca Grecco,Anita – A Guerreira de Dois Mundos,Elenco
Joca Martins,Anita – A Guerreira de Dois Mundos,Elenco
Lilian Zoldan,Anita – A Guerreira de Dois Mundos,Elenco
Liliana Cardoso,Anita – A Guerreira de Dois Mundos,Elenco
Marcel Colares,Anita – A Guerreira de Dois Mundos,Elenco
Leonardo Souza,Anita – A Guerreira de Dois Mundos,Elenco
Cássio Nascimento,Anita – A Guerreira de Dois Mundos,Elenco
Mislaine Oliveira,Anita – A Guerreira de Dois Mundos,Elenco
Thalysson de Oliveira,Anita – A Guerreira de Dois Mundos,Elenco
Vanda Duarte,Anita – A Guerreira de Dois Mundos,Elenco
Sirmar Antunes,Anita – A Guerreira de Dois Mundos,Elenco
Victor Hugo de Aquino,Anita – A Guerreira de Dois Mundos,Elenco
Gustavo Crus,Anita – A Guerreira de Dois Mundos,Elenco
Guilherme Ferreira,Anita – A Guerreira de Dois Mundos,Elenco
Rafael Borba,Anita – A Guerreira de Dois Mundos,Elenco
Guilherme Suman,Anita – A Guerreira de Dois Mundos,Director
Guilherme Suman,Anita – A Guerreira de Dois Mundos,Writer
Thiago Suman,Anita – A Guerreira de Dois Mundos,Writer
Pollyana Castro,Quem eu quero ser,Director
Pollyana Castro,Quem eu quero ser,Writer
Vanessa Castro,Panacéia,Elenco
Márcia Duarte,Panacéia,Elenco
Camila Kupac,Panacéia,Director
Camila Kupac,Panacéia,Writer
Victória Citton,Panacéia,Producer
Ingrid Dupont,Maré,Director
Ingrid Dupont,Maré,Writer
Gabriel Kudla,Comprimidos,Director
Heloísa Marshall,Comprimidos,Writer
Adrielle Figueró,Fobia,Director
Adrielle Figueró,Fobia,Writer
Bemok Txucarramãe,Wamã Mekarõ,Director
Simone Giovine,"Tuire, O Gesto do Facão",Director
Ivich,Raoni. A descida do povo mebengôkre na terra.,Director
Kokokaroti Txucarramãe,Raoni. A descida do povo mebengôkre na terra.,Director
Matsipaya Waura Txucarramãe,Raoni. A descida do povo mebengôkre na terra.,Director
Simone Giovine,Raoni. A descida do povo mebengôkre na terra.,Director
Andressa Iremex Apinajé,(Re)Encontros - Akupӯnh awjanã,Director
Celio Castro,(Re)Encontros - Akupӯnh awjanã,Director
Gabriel Cardoso,(Re)Encontros - Akupӯnh awjanã,Director
Laura Guimarães,(Re)Encontros - Akupӯnh awjanã,Director
Odair Giraldin,(Re)Encontros - Akupӯnh awjanã,Director
Ramon Batista,Jacu,Director
Kethy Kist,Situationship,Elenco
Tamiha Mohamed,Situationship,Elenco
Victor Sant'annah,Situationship,Elenco
Paulo Sloboda,Situationship,Director
Kethy Kist,Situationship,Writer
Ana Claúdia Miguel,Sola,Elenco
Erick Martíncues,Sola,Elenco
Sara Nichio,Sola,Elenco
Natália Dornelas,Sola,Director
Natália Dornelas,Sola,Writer
Milena Vaz,Quando Foi Que Acordei?,Elenco
Eduarda Bento,Quando Foi Que Acordei?,Elenco
Mariana Corrêa,Quando Foi Que Acordei?,Director
Pedro Bournoukian,Quando Foi Que Acordei?,Producer
Rocco Boëchat,Onde está minha mente?,Elenco
Boris Simão,Onde está minha mente?,Elenco
Boris Simão,Onde está minha mente?,Director
Rocco Boëchat,Onde está minha mente?,Writer
Wilson Olien,Corvo de Madeira,Elenco
GabeGonca,Corvo de Madeira,Elenco
Eric Pimentel,Corvo de Madeira,Elenco
Victor Rosa,Corvo de Madeira,Elenco
Eric Pimentel,Corvo de Madeira,Director
Eric Pimentel,Corvo de Madeira,Writer
Victor Rosa,Corvo de Madeira,Director
Victor Rosa,Corvo de Madeira,Writer
Maisnerd,Zukas,Elenco
Adam The Dystopic,Zukas,Elenco
cleozinhu,Zukas,Elenco
Glockdi,Zukas,Elenco
Maisnerd,Zukas,Director
Fernanda Boacnin,Lumi,Director
Glauber Rocha,Golpe de Vista,Elenco
Anselmo Duarte,Golpe de Vista,Elenco
Michel Schettert,Golpe de Vista,Director
Vent,Cartas,Elenco
Sabryna,Cartas,Elenco
Trindade,Cartas,Elenco
Phablo Barreto,Cartas,Elenco
Isa Maserati,Cartas,Elenco
Geovani Montalvão,Cartas,Elenco
Lucas Borges,Cartas,Elenco
Adriano,Cartas,Elenco
Yago Alves,Cartas,Elenco
Vent,Cartas,Director
Vent,Cartas,Writer
Vent,Cartas,Producer
Phablo Barreto,Cartas,Producer
Ryan Cavalcante,Cartas,Producer
Renan Balbino,LADES,Elenco
Heitor Cossito,LADES,Elenco
João Vítor Costa,LADES,Elenco
Luiza Varella,LADES,Elenco
Maria Cândida Xavier,LADES,Elenco
Rafa Duarte,LADES,Elenco
Rafael Gomes,LADES,Elenco
Artur Vinicius,LADES,Elenco
Roger,LADES,Elenco
Igor Jair Fernandes,LADES,Elenco
Gabriel Ferreira,LADES,Elenco
Luiza Varella,LADES,Director
Heitor Cossito,LADES,Director
Luiza Varella,LADES,Writer
Rodrigo Santoro,Noah's Ark,Elenco
Alice Braga,Noah's Ark,Elenco
Marcelo Adnet,Noah's Ark,Elenco
Keith Silverstein,Noah's Ark,Elenco
Ian James Corlett,Noah's Ark,Elenco
Luis Bermudez,Noah's Ark,Elenco
Laila McCann,Noah's Ark,Elenco
Debra Wilson,Noah's Ark,Elenco
Christopher Corey Smith,Noah's Ark,Elenco
Triya Leong,Noah's Ark,Elenco
Rachel Butera,Noah's Ark,Elenco
Misty Lee,Noah's Ark,Elenco
Rick Zieff,Noah's Ark,Elenco
Seu Jorge,Noah's Ark,Elenco
Lázaro Ramos,Noah's Ark,Elenco
Júlio Andrade,Noah's Ark,Elenco
Bruno Gagliasso,Noah's Ark,Elenco
Rhianna Barbosa,Noah's Ark,Elenco
Edvana Carvalho,Noah's Ark,Elenco
Gregório Duvivier,Noah's Ark,Elenco
Ingrid Guimarães,Noah's Ark,Elenco
Heloísa Périssé,Noah's Ark,Elenco
Daniel Furlan,Noah's Ark,Elenco
Débora Nascimento,Noah's Ark,Elenco
Seu Jorge,Noah's Ark,Elenco
Giovanna Ewbank,Noah's Ark,Elenco
Luis Miranda,Noah's Ark,Elenco
Monica Iozzi,Noah's Ark,Elenco
Babu Santana,Noah's Ark,Elenco
Eduardo Sterblitch,Noah's Ark,Elenco
Leandro Firmino,Noah's Ark,Elenco
Marcelo Serrado,Noah's Ark,Elenco
Louise D'Tuani,Noah's Ark,Elenco
Guilherme Rodio,Noah's Ark,Elenco
Laila Garin,Noah's Ark,Elenco
Amazyles de Almeida,Noah's Ark,Elenco
Caio Gox,Noah's Ark,Elenco
Douglas Barbosa,Noah's Ark,Elenco
Fernando Mendonça,Noah's Ark,Elenco
Thiago Venturi,Noah's Ark,Elenco
Sérgio Machado,Noah's Ark,Director
Alois Di Leo,Noah's Ark,Director
Walter Salles,Noah's Ark,Producer
Maria Carlota Bruno,Noah's Ark,Producer
Fabiano Gullane,Noah's Ark,Producer
Caio Gullane,Noah's Ark,Producer
André Novis,Noah's Ark,Producer
O Naresh Kumar,Noah's Ark,Producer
Venkata Kiran Kumar,Noah's Ark,Producer
João Pedro Faro,love love eutanásia,Director
Henrique Santana,8 de janeiro: Anatomia de um Ataque Golpista,Director
Liliane Mutti,"Salut, mes ami.e.s!",Director
Luiz Inácio Lula da Silva,8/1 – A Democracia Resiste,Elenco
Alexandre de Moraes,8/1 – A Democracia Resiste,Elenco
Flávio Dino,8/1 – A Democracia Resiste,Elenco
Ricardo Cappelli,8/1 – A Democracia Resiste,Elenco
Arthur Lira,8/1 – A Democracia Resiste,Elenco
Ricardo Stuckert,8/1 – A Democracia Resiste,Elenco
Julia Duailibi,8/1 – A Democracia Resiste,Director
Rafael Norton,8/1 – A Democracia Resiste,Director
Naomi Lamarck,A Noiva Natal,Elenco
Luana Varela,A Noiva Natal,Elenco
Ryan Medeiros,A Noiva Natal,Elenco
Isabelle Pinto,A Noiva Natal,Elenco
Lucas Silva,A Noiva Natal,Producer
José Neto,A Noiva Natal,Producer
Sophia Cabral,A Noiva Natal,Director
Douglas Amorim,A Noiva Natal,Producer
Heron Condor,A Noiva Natal,Director
Raquel Higa,Louco como Van Gogh,Elenco
Clara Cury,Louco como Van Gogh,Elenco
Maria Thereza De Paula,Louco como Van Gogh,Director
Bruna Nery,Louco como Van Gogh,Director
Lucas Gabriel,Empunhando a Esperança,Director
Lucas Gabriel,Empunhando a Esperança,Writer
Lucas Gabriel,Empunhando a Esperança,Producer
Beto Leite,Empunhando a Esperança,Producer
Rafaela Bernardazzi,Empunhando a Esperança,Producer
Luíze Câmara,Empunhando a Esperança,Director
Nathan Brito,Empunhando a Esperança,Director
Nathan Brito,Empunhando a Esperança,Writer
Luíze Câmara,Empunhando a Esperança,Writer
Luíze Câmara,Empunhando a Esperança,Producer
Nathan Brito,Empunhando a Esperança,Producer
Alessandra Negrini,A Árvore,Elenco
João Wainer,A Árvore,Director
Raquel Higa,Beats Digging Ditches,Elenco
Clara Cury,Beats Digging Ditches,Elenco
Emili Araujo,Beats Digging Ditches,Director
Vinicius Benato,Beats Digging Ditches,Director
Célia Bombom,Elucida,Elenco
Ana Tereza Gedeão,Elucida,Elenco
Jotapê Mafra,Elucida,Elenco
Raane Myrtle,Elucida,Director
Raane Myrtle,Elucida,Writer
Clara Nicácio,Elucida,Writer
Pietra Soriano,Elucida,Director
Helena Freitas,Elucida,Producer
Hisadora Ferreira,Elucida,Producer
Marina Gadelha,Anzol,Elenco
Francisco Silva,Anzol,Elenco
Rosinaldo Luna,Anzol,Elenco
Maria Salete,Anzol,Elenco
Julio Deunier,Anzol,Elenco
Marianne Batista,Anzol,Director
Filipe Garcia,Na Estrada Pra California,Elenco
Ana Karina Barbieri,Na Estrada Pra California,Elenco
Maria Lucia Diniz,Na Estrada Pra California,Elenco
Daniel Thomas,Na Estrada Pra California,Elenco
Natasha Savignon,Na Estrada Pra California,Elenco
Caco Piacenti,Na Estrada Pra California,Elenco
Vitor Inácio Paiva,Na Estrada Pra California,Elenco
Sofia Marques,Na Estrada Pra California,Elenco
Agenor Evangelista,Na Estrada Pra California,Elenco
Victor Savignon de Araujo,Na Estrada Pra California,Elenco
Peter Babinski,Na Estrada Pra California,Elenco
Emi Melnik,Na Estrada Pra California,Elenco
Felipy Andrade,Na Estrada Pra California,Elenco
Leo Jacob,Na Estrada Pra California,Elenco
Louisa Savignon,Na Estrada Pra California,Director
Louisa Savignon,Na Estrada Pra California,Producer
Ary Toledo,Ary Toledo: Cê Senta,Elenco
Samuel D'Almeida,REGISTRANDO O TEMPO,Director
Sonia Guajajara,Praia da Saudade,Elenco
Sidarta Ribeiro,Praia da Saudade,Elenco
Sinai Sganzerla,Praia da Saudade,Elenco
Sinai Sganzerla,Praia da Saudade,Director
Sinai Sganzerla,Praia da Saudade,Producer
Giulia Benite,Chama a Bebel,Elenco
Larissa Maciel,Chama a Bebel,Elenco
José Rubens Chachá,Chama a Bebel,Elenco
Flávia Garrafa,Chama a Bebel,Elenco
Marcos Breda,Chama a Bebel,Elenco
Gustavo Coelho,Chama a Bebel,Elenco
Pedro Henriques Mota,Chama a Bebel,Elenco
Antônio Zeni,Chama a Bebel,Elenco
Sofia Cordeiro,Chama a Bebel,Elenco
Flor Gil,Chama a Bebel,Elenco
Rafa Muller,Chama a Bebel,Elenco
Ariel Gustsack,Chama a Bebel,Elenco
Anderson Leal,Chama a Bebel,Elenco
Anna Lisboa,Chama a Bebel,Elenco
Paulo Nascimento,Chama a Bebel,Director
Paulo Nascimento,Chama a Bebel,Writer
Monica Catalane,Chama a Bebel,Producer
Ricky Hiraoka,Chama a Bebel,Writer
Enzo Cortinove Gomes,A História do Amor,Elenco
Eduarda,A História do Amor,Elenco
Lucas Leite Tinoco,A História do Amor,Director
Lucas Leite Tinoco,A História do Amor,Writer
Humberto dos Santos,Monumental,Elenco
Hebert Eligo dos Santos,Monumental,Elenco
Théo Garboza,Monumental,Elenco
Nicollas Truffa,Monumental,Elenco
Nicollas Truffa,Monumental,Director
Nicollas Truffa,Monumental,Producer
Felipe Rabelo,Sítio,Elenco
Daniel Lopes,Sítio,Elenco
Amaury Meireles,Sítio,Elenco
Mateus Umbelino,Sítio,Director
Kayky Brito,Quarto Level 1,Elenco
Rodrigo Dorado,Quarto Level 1,Elenco
Yasmim Sant'Anna,Quarto Level 1,Elenco
Pablo Loureiros,Quarto Level 1,Director
Matheus Smith,At night all cats are brown,Elenco
Rejane Faria,At night all cats are brown,Elenco
Renato Novaes,At night all cats are brown,Elenco
dévora mc,At night all cats are brown,Elenco
Carlos Francisco,At night all cats are brown,Elenco
Gláucia Vandeveld,At night all cats are brown,Elenco
Evando Pessoa,At night all cats are brown,Elenco
Meibe Rodrigues,At night all cats are brown,Elenco
Antonio Pedroni,At night all cats are brown,Elenco
Léo Pessoa,At night all cats are brown,Elenco
Paulo Trindade,At night all cats are brown,Elenco
João Fiorini,At night all cats are brown,Elenco
Matheus Moura,At night all cats are brown,Director
Matheus Moura,At night all cats are brown,Writer
Matheus Moura,At night all cats are brown,Producer
Thiago Pombo,A Cachoeira dos Pássaros,Writer
Thiago Pombo,A Cachoeira dos Pássaros,Director
Rafael M. P. Lindemeyer,Treasures of the Trade,Director
Sophia Victória,Monalisa,Elenco
Meibe Rodrigues,Monalisa,Elenco
João Miàtti,Monalisa,Elenco
Tainá Lima,Monalisa,Producer
Tainá Lima,Monalisa,Director
Tainá Lima,Monalisa,Writer
Isadora Maria,Nowhere to Be Found,Elenco
Alice Agnes Silva,Nowhere to Be Found,Elenco
Raul Almeida,Nowhere to Be Found,Writer
Alice Agnes Silva,Nowhere to Be Found,Writer
Danilo Teixeira,Nowhere to Be Found,Director
Antônio Cortez,Nowhere to Be Found,Director
Danilo Teixeira,Nowhere to Be Found,Writer
Francisco Edmisio da Silva,"Edmisio, que foi para São Paulo atrás do dinheiro que o vento leva",Elenco
Jonathan Rodrigues,"Edmisio, que foi para São Paulo atrás do dinheiro que o vento leva",Director
Jonathan Rodrigues,"Edmisio, que foi para São Paulo atrás do dinheiro que o vento leva",Producer
Jonathan Rodrigues,"Edmisio, que foi para São Paulo atrás do dinheiro que o vento leva",Writer
Rafael Jardim,Essa moça,Director
Rafael Jardim,Efêmera,Director
Aquiles Lopes,O Gráfico Amador,Director
Lula Queiroga,O Gráfico Amador,Director
Abrahão Souza,The Bike Guy's Chronicle,Director
Abrahão Souza,The Bike Guy's Chronicle,Writer
Rafael Isoppo,The Real Drift King,Elenco
Rafael Isoppo,The Real Drift King,Elenco
Rafael Isoppo,The Real Drift King,Director
Rafael Isoppo,The Real Drift King,Writer
Rafael Isoppo,The Real Drift King,Producer
Rafa Calil,Povo da Floresta,Director
Catapreta,Dona Beatriz Ñsîmba Vita,Director
Sophia Valverde,Turma da Mônica Jovem: Reflexos do Medo,Elenco
Xande Valois,Turma da Mônica Jovem: Reflexos do Medo,Elenco
Bianca Paiva,Turma da Mônica Jovem: Reflexos do Medo,Elenco
Theo Salomão,Turma da Mônica Jovem: Reflexos do Medo,Elenco
Carol Roberto,Turma da Mônica Jovem: Reflexos do Medo,Elenco
Yuma Ono,Turma da Mônica Jovem: Reflexos do Medo,Elenco
Giovanna Chaves,Turma da Mônica Jovem: Reflexos do Medo,Elenco
Carolina Amaral,Turma da Mônica Jovem: Reflexos do Medo,Elenco
Mateus Solano,Turma da Mônica Jovem: Reflexos do Medo,Elenco
Eliana Fonseca,Turma da Mônica Jovem: Reflexos do Medo,Elenco
Bruno Vinicius,Turma da Mônica Jovem: Reflexos do Medo,Elenco
Júlia Rabello,Turma da Mônica Jovem: Reflexos do Medo,Elenco
Lucas Pretti,Turma da Mônica Jovem: Reflexos do Medo,Elenco
Ataíde Arcoverde,Turma da Mônica Jovem: Reflexos do Medo,Elenco
Rodrigo Fernandes,Turma da Mônica Jovem: Reflexos do Medo,Elenco
Maria Bopp,Turma da Mônica Jovem: Reflexos do Medo,Elenco
José Trassi,Turma da Mônica Jovem: Reflexos do Medo,Elenco
Mauricio de Sousa,Turma da Mônica Jovem: Reflexos do Medo,Elenco
Rodrigo Goulart,Turma da Mônica Jovem: Reflexos do Medo,Writer
Regina Negrini,Turma da Mônica Jovem: Reflexos do Medo,Writer
Denise Tibiriçá Machado,Turma da Mônica Jovem: Reflexos do Medo,Producer
Patrícia Chamon,Turma da Mônica Jovem: Reflexos do Medo,Producer
Maurício Eça,Turma da Mônica Jovem: Reflexos do Medo,Director
Sabrina Garcia,Turma da Mônica Jovem: Reflexos do Medo,Writer
Renato Novaes,Roubar um Plano,Elenco
Adriano Araújo,Roubar um Plano,Elenco
Francineide Bandeira,Roubar um Plano,Elenco
Jonnas Rosa,Roubar um Plano,Elenco
André Novais Oliveira,Roubar um Plano,Director
Lincoln Péricles,Roubar um Plano,Director
André Novais Oliveira,Quando Aqui,Director
Thati Lopes,Saideira,Elenco
Luciana Paes,Saideira,Elenco
Tonico Pereira,Saideira,Elenco
Suely Franco,Saideira,Elenco
Teca Pereira,Saideira,Elenco
Ary França,Saideira,Elenco
Jackson Antunes,Saideira,Elenco
Bruna Viola,Saideira,Elenco
Rogério Fróes,Saideira,Elenco
Matheus Abreu,Saideira,Elenco
Ian Braga,Saideira,Elenco
Eduarda Fernandes,Saideira,Elenco
Danilo França,Saideira,Elenco
Lucas César Rios,Saideira,Elenco
Fred Vitolla,Saideira,Elenco
Luzia Di Resende,Saideira,Elenco
Rafael Sufoco,Saideira,Elenco
Leonardo Bulhões,Saideira,Elenco
Guilherme Ruggio,Saideira,Elenco
Leonardo Alvarez Saad,Saideira,Elenco
Julio Taubkin,Saideira,Director
Angelo Ravazi,Saideira,Producer
Mayra Lucas,Saideira,Producer
Pedro Arantes,Saideira,Director
Pedro Arantes,Saideira,Writer
Julio Taubkin,Saideira,Writer
Arthur Warren,Saideira,Writer
Marina Morais,Saideira,Writer
Coletivo Pisquinhos,Where Judas Stole the Boots,Director
Pedro Estrada,Noite Neon,Director
Claryssa Almeida,Noite Neon,Director
Tomás Tancredi,Garimpando Garimpeiros,Director
Erik Ely,I wasn't born for this,Director
Anderson Soninho,Cassino,Elenco
Daniel Guimarães,Cassino,Elenco
Leandro Gomes,Cassino,Elenco
Gianluca Cozza,Cassino,Director
João Fernando Chagas,Cassino,Producer
Eleonora Loner,Cassino,Writer
Gianluca Cozza,Cassino,Writer
André Berzagui,Cassino,Writer
Getúlio Ribeiro,Ausência,Director
Elane dos Santos Rego,The First Women,Elenco
Leda Maria Cozer Abreu,The First Women,Elenco
Maria Lucia da Silva Lima,The First Women,Elenco
Marilza Martins da Silva,The First Women,Elenco
Marisa Pires Nogueira,The First Women,Elenco
Roseli de Belo,The First Women,Elenco
Rosilane Camargo Motta,The First Women,Elenco
Adriana Yañez,The First Women,Director
Luiz Ferraz,The First Women,Producer
Gal Buitoni,The First Women,Producer
Amanda Devulsky,Artificial but very sensitive,Director
Enedson Gomes,Blockbuster,Elenco
Rute Vianna,Blockbuster,Elenco
Luiz Gomide Walther,Blockbuster,Elenco
Rafael Toledo,Blockbuster,Writer
Rafael Toledo,Blockbuster,Director
Vitor Acacio,Blockbuster,Producer
Felipe Enio,Blockbuster,Producer
Zé Fernandes,Nirvana,Director
Anderson Cruz de Almeida,Gatorama,Director
Rodrigo R. Meireles,Soneca e Jupa,Director
Larissa Barbosa,The outside is inside,Director
Elias Andreato,Pill Nation,Elenco
Teuda Bara,Pill Nation,Elenco
Cláudia Assunção,Pill Nation,Elenco
Daniel Jaber,Pill Nation,Elenco
Bruno Tadeu,Pill Nation,Director
Tiago Tereza,I Can't Do Nothing,Director
Cristina Maure,The Station,Director
Thiago Medeiros,Uber - Aplicatio Móvel,Director
Jão,Jão: SuperTurnê ao Vivo,Elenco
Laura Vicente,Jão: SuperTurnê ao Vivo,Elenco
Daniel dos Santos,Jão: SuperTurnê ao Vivo,Director
Aline Duda,Jão: SuperTurnê ao Vivo,Producer
DJ K,Terror Mandelão,Elenco
MC Zero K,Terror Mandelão,Elenco
Michel o Puro,Terror Mandelão,Elenco
Matheus (Theus),Terror Mandelão,Elenco
Palhaço It o Terror dos Bailes,Terror Mandelão,Elenco
Freira a Terrorista dos Bailes,Terror Mandelão,Elenco
Chucky Assassino dos Bailes,Terror Mandelão,Elenco
DJ Vilão DS,Terror Mandelão,Elenco
Bruninho JS,Terror Mandelão,Elenco
MC Guh B13,Terror Mandelão,Elenco
MC Menor Ryan,Terror Mandelão,Elenco
JLZ,Terror Mandelão,Elenco
MC MJ,Terror Mandelão,Elenco
MC Menor Vilão,Terror Mandelão,Elenco
DJ Knote,Terror Mandelão,Elenco
DJ Ninow 013,Terror Mandelão,Elenco
MC Dolabella,Terror Mandelão,Elenco
DJ Hary,Terror Mandelão,Elenco
DJ GH do ABC,Terror Mandelão,Elenco
MC IGap,Terror Mandelão,Elenco
MC Leo da VH 13,Terror Mandelão,Elenco
DJ Dayeh,Terror Mandelão,Elenco
GG Albuquerque,Terror Mandelão,Elenco
Felipe Larozza,Terror Mandelão,Director
GG Albuquerque,Terror Mandelão,Director
Patrícia Heit,Terror Mandelão,Producer
Vitória Labrudi,CERAMISTAS DA COMUNIDADE DO ELVAS,Director
Elizabeth Ramos,CERAMISTAS DA COMUNIDADE DO ELVAS,Director
Elizabeth Ramos,BORDADEIRAS DE CÉSAR DE PINA,Director
Vitória Labrudi,BORDADEIRAS DE CÉSAR DE PINA,Director
Elizabeth Ramos,ANASTÁCIA,Director
Vitória Labrudi,ANASTÁCIA,Director
Carol Fonseca,Altar,Director
Dani Drumond,Água Rasa,Director
Bebé Salvego,The Shell Covered Ox,Elenco
Daniela Dams,The Shell Covered Ox,Elenco
Daniel Barosa,The Shell Covered Ox,Director
Daniel Barosa,The Shell Covered Ox,Writer
Yara de Novaes,Malu,Elenco
Juliana Carneiro da Cunha,Malu,Elenco
Carol Duarte,Malu,Elenco
Átila Bee,Malu,Elenco
Márcio Vito,Malu,Elenco
Marina Provenzzano,Malu,Elenco
Felipe Haiut,Malu,Elenco
Pedro Freire,Malu,Director
Pedro Freire,Malu,Writer
Roberto Berliner,Malu,Producer
Sabrina Garcia,Malu,Producer
Leo Ribeiro,Malu,Producer
Tatiana Leite,Malu,Producer
Marina Sartoreli,Paprica,Elenco
Letícia Cabral,Paprica,Director
Clara Maltaca,Paprica,Producer
Mauro Henrique Soarez,Paprica,Producer
Fabiana de Oliveira,Paprica,Director
Monique Monteiro,O Hóspede,Elenco
Marc Bell,O Hóspede,Elenco
Felipe Rhein,O Hóspede,Elenco
Vinicius Colares,O Hóspede,Writer
Vinicius Colares,O Hóspede,Director
Felipe Rhein,O Hóspede,Producer
Jose Aragão Jr.,O Hóspede,Writer
Vinicius Colares,O Hóspede,Producer
Cleriton F. Alves,O Hóspede,Producer
Ana Emidia,O Hóspede,Producer
Joedson Silva,O Hóspede,Producer
Fábio Andrade,Tropical Paths,Director
Dario Lopes,Quarter Finals or Why I Decided to Support Brazil,Director
Vinicius Campos,Quarter Finals or Why I Decided to Support Brazil,Director
Leandro Olímpio,Our flyer would look like this,Director
João Victor Almeida,Leave the Doll in the Car,Director
Marcus Veríssimo,Lúcido,Elenco
Evas Carretero,Lúcido,Elenco
Pedro Casali,Lúcido,Elenco
Dudu Oliveira,Lúcido,Elenco
André Madrini,Lúcido,Director
Ana Carolina Marinho,I did not come either,Director
Amanda Bortolo,I did not come either,Producer
Amanda Bortolo,I did not come either,Writer
Ana Carolina Marinho,I did not come either,Writer
Anna Zêpa,I did not come either,Writer
Luz Bárbara,I did not come either,Writer
Letícia Bassit,I did not come either,Writer
Ana Julia T. Loreto,A Criação de Frankenstein,Elenco
João Victor T. Loreto,A Criação de Frankenstein,Elenco
Guilherme Oliveira,A Criação de Frankenstein,Elenco
Yuri Ventura,A Criação de Frankenstein,Elenco
Murilo Cerentini,A Criação de Frankenstein,Elenco
Vinicius Santos,A Criação de Frankenstein,Elenco
Bianca dos Santos,A Criação de Frankenstein,Elenco
Manuela Nunes,A Criação de Frankenstein,Elenco
Evelin da Rosa Thomaz,A Criação de Frankenstein,Elenco
Issabely Mariah,A Criação de Frankenstein,Elenco
Ester Mutz,A Criação de Frankenstein,Elenco
Pedro Henrique Loreto,A Criação de Frankenstein,Director
Pedro Henrique Loreto,A Criação de Frankenstein,Writer
Pedro Henrique Loreto,A Criação de Frankenstein,Producer
Ana Julia T. Loreto,A Criação de Frankenstein,Producer
Douglas Mattaüs,The Things You Said On That Cloudy Day,Director
Welington Matos,Tato,Elenco
Gabriel Albuquerque,Tato,Elenco
Gabriel Albuquerque,Tato,Elenco
Lenine Martins,Tato,Elenco
Pedro Carvalho,Tato,Director
Letícia Hayashi,NAGANO,Director
Gustavo Casabona,The Tuber,Elenco
Wagner Neves,The Tuber,Elenco
Marlene Moreira,The Tuber,Elenco
Maurício Ramos,The Tuber,Elenco
Janaina Afhonso,The Tuber,Elenco
Lucas Camargo de Barros,The Tuber,Director
Nicolas Thomé Zetune,The Tuber,Director
Lucas Camargo de Barros,The Tuber,Writer
Julia Bogochvol,The Tuber,Producer
Miguel Clark,Paixão Sinistra,Elenco
Cosmo Salisme,Paixão Sinistra,Elenco
Antonio Ferraz,Paixão Sinistra,Elenco
Estevão Nogueira,Paixão Sinistra,Elenco
Dedé Maia,Paixão Sinistra,Elenco
Matheus Zenom,Paixão Sinistra,Elenco
Bruno Lisboa,Paixão Sinistra,Elenco
Bruce Barbosa,Paixão Sinistra,Elenco
Pio Piolho,Paixão Sinistra,Elenco
Vinícius Dratovsky,Paixão Sinistra,Elenco
Lorenzo Affinito,Paixão Sinistra,Elenco
Eduardo Clark,Paixão Sinistra,Elenco
Daniel Brito,Paixão Sinistra,Elenco
Vinícius Romero,Paixão Sinistra,Elenco
Bruno Lisboa,Paixão Sinistra,Producer
João Pedro Faro,Paixão Sinistra,Director
Pedro Balderama,Fale Baixinho,Director
Mel Lisboa,The Whispers that Killed Me,Elenco
Otavio Linhares,The Whispers that Killed Me,Elenco
Carla Rodrigues,The Whispers that Killed Me,Elenco
Pedro Gaeta,The Whispers that Killed Me,Elenco
Patrick Sampaio,The Whispers that Killed Me,Elenco
Isabela Lago,The Whispers that Killed Me,Elenco
Antônio Junior,The Whispers that Killed Me,Producer
Diogo Capriotti,The Whispers that Killed Me,Producer
Arthur Tuoto,The Whispers that Killed Me,Director
Wilma Machado,Não jogue sozinha,Elenco
Cássia Girardi,Não jogue sozinha,Elenco
Raphael Motta,Não jogue sozinha,Director
Tamar Guimarães,SOAP,Director
Luís Knihs,SOAP,Producer
Carol Gesser,SOAP,Producer
Cíntia Lima,Rei da Ciranda Pesada,Director
Aretha Sadick,If I'm Here It Is by Mystery,Elenco
Lorre Motta,If I'm Here It Is by Mystery,Elenco
Bruna Linzmeyer,If I'm Here It Is by Mystery,Elenco
Helena Ignez,If I'm Here It Is by Mystery,Elenco
Zezé Motta,If I'm Here It Is by Mystery,Elenco
Clarissa Ribeiro,If I'm Here It Is by Mystery,Director
Érica Sarmet,If I'm Here It Is by Mystery,Producer
Edson Aquino,Apples in the Dark,Elenco
Mônica Rodrigues,Apples in the Dark,Elenco
Yago Lima,Apples in the Dark,Elenco
Ramon Martins,Apples in the Dark,Elenco
Tommy Germain,Apples in the Dark,Elenco
Tiago A. Neves,Apples in the Dark,Director
Tatiane Britos,Apples in the Dark,Producer
Vinicius Neves,Apples in the Dark,Producer
Rafael da Silva,Herança,Elenco
Giovanna Olivieri,Herança,Elenco
Guilherme Pestana,Herança,Elenco
Câmera,Herança,Elenco
Victor Diniz,Herança,Director
Guilherme Pestana,Herança,Director
Carolina Salgado,Herança,Producer
Nina Moreira,Cecilia's Odyssey,Elenco
Vanessa Garcia,Cecilia's Odyssey,Elenco
Erick Oliveira,Cecilia's Odyssey,Elenco
Gabriela Lencioni,Cecilia's Odyssey,Director
Clébia Sousa,"Segunda-Feira, Então",Elenco
Erlene Melo,"Segunda-Feira, Então",Elenco
Everaldo Pontes,"Segunda-Feira, Então",Elenco
Maria Cecília,"Segunda-Feira, Então",Elenco
Júlio Pereira,"Segunda-Feira, Então",Director
Pedro Walisson,The Mascot,Elenco
Huná,The Mascot,Elenco
Jany Santos,The Mascot,Elenco
Luciano Pedro Jr.,The Mascot,Elenco
Jennifer Lorrane,The Mascot,Elenco
Karol Peixoto,The Mascot,Elenco
Morghana Paz,The Mascot,Elenco
Lanne Trindade,The Mascot,Elenco
Moniza Amaral,The Mascot,Elenco
Ticiane Simões,The Mascot,Elenco
Jean Albuquerque,The Mascot,Elenco
DJ Thuppá,The Mascot,Elenco
Janderson Felipe,The Mascot,Director
Lucas Litrento,The Mascot,Director
Lucas Litrento,The Mascot,Writer
Janderson Felipe,The Mascot,Writer
Pedro Krull,The Mascot,Producer
Yasmin Thayná,O tempo é um pássaro,Director
Edneia Brazão,There’s No Sea in This Town,Elenco
Paulo N’Dermei,There’s No Sea in This Town,Elenco
Manu Zilveti,There’s No Sea in This Town,Director
Gregorio Gananian,He Who Saw the Abyss,Director
Negro Leo,He Who Saw the Abyss,Director
Indi Gregório,Expurgo,Elenco
Henrique Canazart,Expurgo,Director
Henrique Canazart,Expurgo,Writer
Mariana de Melo,The Silence of Iron,Director
Isaac Donato,Not Dead,Director
Isaac Donato,Not Dead,Producer
Marília Cunha,Not Dead,Producer
Wafa'a Celine Halawi,Portrait of a Certain Orient,Elenco
Charbel Kamel,Portrait of a Certain Orient,Elenco
Zakaria Kaakour,Portrait of a Certain Orient,Elenco
Eros Galbiati,Portrait of a Certain Orient,Elenco
Rosa Peixoto,Portrait of a Certain Orient,Elenco
Tuna Dwek,Portrait of a Certain Orient,Elenco
Marcelo Gomes,Portrait of a Certain Orient,Director
Mariana Ferraz,Portrait of a Certain Orient,Producer
Ernesto Soto,Portrait of a Certain Orient,Producer
Marcelo Gomes,Portrait of a Certain Orient,Writer
Guilherme Cezar Coelho,Portrait of a Certain Orient,Producer
Gustavo Campos,Portrait of a Certain Orient,Writer
Maria Camargo,Portrait of a Certain Orient,Writer
Lucília Raimundo,Formosa Beach,Elenco
Samira Carvalho,Formosa Beach,Elenco
Mãe Celina de Xangô,Formosa Beach,Elenco
Maria d'Aires,Formosa Beach,Elenco
Julia De Simone,Formosa Beach,Director
Julia De Simone,Formosa Beach,Writer
Aline Portugal,Formosa Beach,Writer
Mariana Luiza,Formosa Beach,Writer
Luana Melgaço,Formosa Beach,Producer
Julia De Simone,Formosa Beach,Producer
Filipa Reis,Formosa Beach,Producer
Gabriel Valdevite,BATUCAÊ,Elenco
Gabriela Calixto,BATUCAÊ,Elenco
Clyza Sales,BATUCAÊ,Elenco
Lucas Santana,BATUCAÊ,Elenco
Duda Magalhães,BATUCAÊ,Director
Roberto Cicivizzo,BATUCAÊ,Writer
Gabriel Valdevite,BATUCAÊ,Writer
Duda Magalhães,BATUCAÊ,Writer
Gabriel Valdevite,BATUCAÊ,Producer
Luccas Neto,Príncipe Lu e a Lenda do Dragão,Elenco
Renato Aragão,Príncipe Lu e a Lenda do Dragão,Elenco
Zezé Motta,Príncipe Lu e a Lenda do Dragão,Elenco
Maurício Mattar,Príncipe Lu e a Lenda do Dragão,Elenco
Giovanna Alparone,Príncipe Lu e a Lenda do Dragão,Elenco
Beatriz Couto,Príncipe Lu e a Lenda do Dragão,Elenco
Flávia Monteiro,Príncipe Lu e a Lenda do Dragão,Elenco
Cássio Scapin,Príncipe Lu e a Lenda do Dragão,Elenco
Tadeu Mello,Príncipe Lu e a Lenda do Dragão,Elenco
Pedro Truszko,Príncipe Lu e a Lenda do Dragão,Elenco
Anajú Dorigon,Príncipe Lu e a Lenda do Dragão,Elenco
Ana Luísa Amaral,Príncipe Lu e a Lenda do Dragão,Elenco
Gillray Coutinho,Príncipe Lu e a Lenda do Dragão,Elenco
Juliana Martins,Príncipe Lu e a Lenda do Dragão,Elenco
Luke Neto,Príncipe Lu e a Lenda do Dragão,Elenco
Bella Oliveira,Príncipe Lu e a Lenda do Dragão,Elenco
Leandro Neri,Príncipe Lu e a Lenda do Dragão,Director
Leandro Neri,Príncipe Lu e a Lenda do Dragão,Writer
Paulo Halm,Príncipe Lu e a Lenda do Dragão,Writer
Luccas Neto,Príncipe Lu e a Lenda do Dragão,Writer
Cibele Tomaz,Príncipe Lu e a Lenda do Dragão,Producer
Mauriceia Rocha,Eu Faço Loucuras por Você,Elenco
Mariana Neris,Eu Faço Loucuras por Você,Elenco
Bárbaro Xavier,Eu Faço Loucuras por Você,Elenco
Bia Moraes,Eu Faço Loucuras por Você,Elenco
Amanda Doria,Eu Faço Loucuras por Você,Elenco
Victor Blasques,Eu Faço Loucuras por Você,Elenco
Heinz Prellwitz,Eu Faço Loucuras por Você,Elenco
Érika Rocha,Eu Faço Loucuras por Você,Elenco
Mariana Costa,Eu Faço Loucuras por Você,Elenco
Guilherme Conceição,Eu Faço Loucuras por Você,Elenco
Cica Moura,Eu Faço Loucuras por Você,Elenco
Gabriela Queiroz,Eu Faço Loucuras por Você,Director
Edson Celulari,Astral City 2: The Messengers,Elenco
Renato Prieto,Astral City 2: The Messengers,Elenco
Fábio Lago,Astral City 2: The Messengers,Elenco
Nando Brandão,Astral City 2: The Messengers,Elenco
Aline Prado,Astral City 2: The Messengers,Elenco
Ju Colombo,Astral City 2: The Messengers,Elenco
Othon Bastos,Astral City 2: The Messengers,Elenco
Felipe de Carolis,Astral City 2: The Messengers,Elenco
Fernanda Rodrigues,Astral City 2: The Messengers,Elenco
Mouhamed Harfouch,Astral City 2: The Messengers,Elenco
Julianne Trevisol,Astral City 2: The Messengers,Elenco
Letícia Braga,Astral City 2: The Messengers,Elenco
Maria Volpe,Astral City 2: The Messengers,Elenco
Thales Miranda,Astral City 2: The Messengers,Elenco
Rafael Sieg,Astral City 2: The Messengers,Elenco
Vanessa Gerbelli,Astral City 2: The Messengers,Elenco
Camila Lucciola,Astral City 2: The Messengers,Elenco
Leo Castro,Astral City 2: The Messengers,Elenco
Lidiane Oliveira,Astral City 2: The Messengers,Elenco
João Gana,Astral City 2: The Messengers,Elenco
Ana Cecília Banal,Astral City 2: The Messengers,Elenco
João Barreto,Astral City 2: The Messengers,Elenco
Jovan Ferreira,Astral City 2: The Messengers,Elenco
Paguh,Astral City 2: The Messengers,Elenco
Maria Rizza,Astral City 2: The Messengers,Elenco
Jaime Leibovitch,Astral City 2: The Messengers,Elenco
Leoni Mazzei,Astral City 2: The Messengers,Elenco
Carlos Tenorio,Astral City 2: The Messengers,Elenco
Henrique Neves,Astral City 2: The Messengers,Elenco
Wagner de Assis,Astral City 2: The Messengers,Writer
Wagner de Assis,Astral City 2: The Messengers,Director
Wagner de Assis,Astral City 2: The Messengers,Producer
Iafa Britz,Astral City 2: The Messengers,Producer
Bruno Bluwol,Astral City 2: The Messengers,Producer
Patricia Lopes,Astral City 2: The Messengers,Producer
Nikolae Marschall,Alguma hora da madrugada,Elenco
Nikolae Marschall,Alguma hora da madrugada,Director
Nikolae Marschall,Alguma hora da madrugada,Writer
Manda Ramoos,MasterChat GPT,Elenco
Sérgio Silva,MasterChat GPT,Elenco
Manda Ramoos,MasterChat GPT,Director
Yuri Félix,MasterChat GPT,Producer
Severino Cavalcanti,Seu Cavalcanti,Elenco
Tereza Cavalcanti,Seu Cavalcanti,Elenco
Isabel Novaes,Seu Cavalcanti,Elenco
Maeve Jinkings,Seu Cavalcanti,Elenco
Tânia Maria,Seu Cavalcanti,Elenco
Jácylla Kennya,Seu Cavalcanti,Elenco
Leonardo Lacca,Seu Cavalcanti,Director
Leonardo Lacca,Seu Cavalcanti,Producer
Emilie Lesclaux,Seu Cavalcanti,Producer
Mannu Costa,Seu Cavalcanti,Producer
Kleber Mendonça Filho,Seu Cavalcanti,Producer
Swahili Vidal,CABINDA,Director
Olivares Gomes,Wishlist for Superagüi,Elenco
Valdemir Matias Gomes,Wishlist for Superagüi,Elenco
Marcell Squenine,Wishlist for Superagüi,Elenco
Pedro Giongo,Wishlist for Superagüi,Director
Leonardo Pirondi,Adrift Potentials,Director
Leonardo Pirondi,Adrift Potentials,Producer
Yasmin Toretta,Dama Inerte,Elenco
Daniel Bones,Dama Inerte,Elenco
Lorena Corrêa,Dama Inerte,Elenco
Vinícius Couti,Dama Inerte,Elenco
Thaynara Bromenchenkel,Dama Inerte,Elenco
Zachia Alitolip,Dama Inerte,Elenco
Felipe Boleli,Dama Inerte,Elenco
Junior Rocha,Dama Inerte,Elenco
Raiany Simões,Dama Inerte,Elenco
Davi Alves,Dama Inerte,Elenco
Brun Henrry,Dama Inerte,Elenco
Daniel Monjardim,Dama Inerte,Elenco
Angelo Vitor Chiabai,Dama Inerte,Elenco
Thelma Lopes,Dama Inerte,Elenco
Ari Vargas,Dama Inerte,Elenco
Thiago Cordeiro,Dama Inerte,Elenco
Alex Bonini,Dama Inerte,Elenco
Jerff Almeida,Dama Inerte,Elenco
Maria Mourenço,Dama Inerte,Elenco
Ana Paula Castro,Dama Inerte,Elenco
Cláudia Raggi Abikair,Dama Inerte,Elenco
Renza Luiza,Dama Inerte,Elenco
Cinthya de Oliveira,Dama Inerte,Elenco
Adonel Junior,Dama Inerte,Elenco
Wendel Vieira,Dama Inerte,Elenco
Amanda Freitas,Dama Inerte,Elenco
Arthur Agostini,Dama Inerte,Elenco
Juliana Neves,Dama Inerte,Elenco
Ana Castro,Dama Inerte,Elenco
Lucas Albuquerque,Dama Inerte,Elenco
Sérgio Guilherme,Dama Inerte,Elenco
Ricardo Steff,Dama Inerte,Elenco
Juan Silva,Dama Inerte,Elenco
Jessica Roberts,Dama Inerte,Elenco
Douglas Tubarão,Dama Inerte,Elenco
Enzo Rodrigues,Dama Inerte,Producer
Enzo Rodrigues,Dama Inerte,Writer
Enzo Rodrigues,Dama Inerte,Director
Lucas Santos,Vídeo sobre o tédio,Elenco
Kauã Borges,Vídeo sobre o tédio,Elenco
Lucas Santos,Vídeo sobre o tédio,Director
Lucas Santos,Vídeo sobre o tédio,Writer
Kauã Borges,Vídeo sobre o tédio,Producer
Ary Fontoura,Tributo: Ary Fontoura,Elenco
Mariana Ximenes,Tributo: Ary Fontoura,Elenco
Matheus Malafaia,Tributo: Ary Fontoura,Director
Isadora Wilkinson,Tributo: Ary Fontoura,Writer
Lalo Homrich,Tributo: Ary Fontoura,Writer
Beatriz Besser,Tributo: Ary Fontoura,Producer
Laura Paes,"Mesmo Que Você Não Veja, Eu Confesso",Elenco
Luiza Laini,"Mesmo Que Você Não Veja, Eu Confesso",Elenco
Ana Laura Heidorn,"Mesmo Que Você Não Veja, Eu Confesso",Elenco
Gabriel Almeida,"Mesmo Que Você Não Veja, Eu Confesso",Elenco
Nícolas Martins,"Mesmo Que Você Não Veja, Eu Confesso",Elenco
Gabriela Teodoro,"Mesmo Que Você Não Veja, Eu Confesso",Producer
Sara  Ospedal,"Mesmo Que Você Não Veja, Eu Confesso",Director
Natália Castilho,"Mesmo Que Você Não Veja, Eu Confesso",Writer
Tiago Yukio Nakayama,"Mesmo Que Você Não Veja, Eu Confesso",Writer
Pietra Dini,O Reflexo da Influência,Elenco
Victoria Ribeiro,O Reflexo da Influência,Elenco
Luiz Carlos Borralho,O Reflexo da Influência,Writer
Laura Cecília,O Reflexo da Influência,Producer
Athos Rubim,O Reflexo da Influência,Producer
Laura Cecília,O Reflexo da Influência,Writer
Athos Rubim,O Reflexo da Influência,Director
Gabriel Viana,D1SF0R1A,Elenco
Jús Saraiva,D1SF0R1A,Elenco
Thayza Pimenta,D1SF0R1A,Elenco
Jús Saraiva,D1SF0R1A,Director
Gabriel Viana,D1SF0R1A,Writer
Júlia Santiago,D1SF0R1A,Writer
Jús Saraiva,D1SF0R1A,Writer
Pablo H,D1SF0R1A,Writer
Thiago Oliveira,D1SF0R1A,Producer
Vitória Teixeira,D1SF0R1A,Director
Vitória Teixeira,D1SF0R1A,Writer
Eduardo Carvalho,A Inteligência Artificial Contra a Estupidez Natural na Oficina do Diabo,Elenco
Eduardo Carvalho,A Inteligência Artificial Contra a Estupidez Natural na Oficina do Diabo,Writer
Jonathan Rodrigues,A Inteligência Artificial Contra a Estupidez Natural na Oficina do Diabo,Director
Jonathan Rodrigues,A Inteligência Artificial Contra a Estupidez Natural na Oficina do Diabo,Writer
Jonathan Rodrigues,A Inteligência Artificial Contra a Estupidez Natural na Oficina do Diabo,Producer
Leonardo da Riva,Pedrobó,Elenco
Igor Blundi,Pedrobó,Elenco
Eduardo Mikio,Pedrobó,Elenco
Leonardo da Riva,Pedrobó,Director
Igor Blundi,Pedrobó,Producer
Leonardo da Riva,Pedrobó,Writer
Leonardo da Riva,Pedrobó,Producer
Luã Ériclis,O T-REX E A PEDRA LASCADA,Director
Jéssica Vassaitis,Muito Permanece,Director
Paula Vanina Cencig,Lagrimar,Director
Tereza Duarte,Lagrimar,Producer
Paula Vanina Cencig,Lagrimar,Writer
rømã,Kila & Mauna,Elenco
Muriel Cruz,Kila & Mauna,Elenco
Ella Monstra,Kila & Mauna,Director
Pablo Diniz,Fios que dão Vida,Director
Gabrielly Nicacio,Fios que dão Vida,Director
Jackson Jardel dos Santos,"Ekedji, aquela que cuida",Director
João Pedro Eugênio de Paiva,"Ekedji, aquela que cuida",Director
Gabrielle Ferreira,The signs are invisible,Director
Julia Araújo,Ana e as Montanhas,Director
Larissa Penna,Pitica and the Perfect Sandwich,Elenco
Lucca Vendramel,Pitica and the Perfect Sandwich,Elenco
Fefe Urresti,Pitica and the Perfect Sandwich,Elenco
Babi Astolfi,Pitica and the Perfect Sandwich,Director
Fefe Urresti,Pitica and the Perfect Sandwich,Producer
Fefe Urresti,Pitica and the Perfect Sandwich,Writer
Babi Astolfi,Pitica and the Perfect Sandwich,Writer
Lucca Vendramel,Pitica and the Perfect Sandwich,Writer
Ju Hogata,Pitica and the Perfect Sandwich,Writer
Larissa Penna,Pitica and the Perfect Sandwich,Writer
Adolpho Antt,ALIVE,Elenco
Jad Rocha,ALIVE,Elenco
Geo Santos,ALIVE,Elenco
Luanderson Overissimo,ALIVE,Elenco
Paulo Lins,ALIVE,Elenco
Fellipe Paixão,ALIVE,Director
Ângelo Antônio,ALIVE,Director
Andressa Santiago,ALIVE,Producer
Nathan Luigi,Escada Para o Céu de João Bigode,Elenco
Pedro Henrique,Escada Para o Céu de João Bigode,Elenco
Juan Francelino,Escada Para o Céu de João Bigode,Elenco
Kauê Trindade,Escada Para o Céu de João Bigode,Elenco
Léo Mister Music,Escada Para o Céu de João Bigode,Elenco
Lília Reis,Escada Para o Céu de João Bigode,Elenco
Talisson de Oliveira,Escada Para o Céu de João Bigode,Elenco
Leandra Melo,Escada Para o Céu de João Bigode,Elenco
Tiago Zonatto,Escada Para o Céu de João Bigode,Elenco
Mossoró,Escada Para o Céu de João Bigode,Elenco
Henrique Sanches,Escada Para o Céu de João Bigode,Director
Henrique Sanches,Escada Para o Céu de João Bigode,Writer
Henrique Sanches,Escada Para o Céu de João Bigode,Producer
Douglas Mattaüs,Spaces of Bresson,Director
Henry Cunha,Okiro,Elenco
Henry Cunha,Okiro,Director
Henry Cunha,Okiro,Writer
Ana Laura Heidorn,Rewind,Elenco
Luiza Laini,Rewind,Elenco
Diana Fidari,Rewind,Elenco
Felipe de João,Rewind,Elenco
Laura Braz,Rewind,Elenco
Luís Gongra,Rewind,Director
Luiza Tani,Rewind,Producer
Gustavo Miguel,Rewind,Producer
Samuel Malaquias,Rewind,Writer
Paloma Merched,Rewind,Writer
blind4love,Feelings,Elenco
blind4love,Feelings,Director
blind4love,Feelings,Writer
Thiaguinho,Tardezinha Pela Vida Inteira,Elenco
Rafael Zulu,Tardezinha Pela Vida Inteira,Elenco
Péricles,Tardezinha Pela Vida Inteira,Elenco
Rodriguinho,Tardezinha Pela Vida Inteira,Elenco
Belo,Tardezinha Pela Vida Inteira,Elenco
Maria Rita,Tardezinha Pela Vida Inteira,Elenco
Gabriel Abayomi,Tardezinha Pela Vida Inteira,Elenco
Wilson Prateado,Tardezinha Pela Vida Inteira,Elenco
Fabinho Viotto,Tardezinha Pela Vida Inteira,Elenco
Junior Pulgão,Tardezinha Pela Vida Inteira,Elenco
Nego do Pandeiro,Tardezinha Pela Vida Inteira,Elenco
Mark Soul,Tardezinha Pela Vida Inteira,Elenco
Danilo Oliveira,Tardezinha Pela Vida Inteira,Elenco
Rogerinho Nagô,Tardezinha Pela Vida Inteira,Elenco
Nando Martins,Tardezinha Pela Vida Inteira,Elenco
Ancelmo Lima,Tardezinha Pela Vida Inteira,Elenco
Saymon Saz,Tardezinha Pela Vida Inteira,Elenco
Mumuzinho,Tardezinha Pela Vida Inteira,Elenco
Chrigor Lisboa,Tardezinha Pela Vida Inteira,Elenco
Sorriso Maroto,Tardezinha Pela Vida Inteira,Elenco
Salgadinho,Tardezinha Pela Vida Inteira,Elenco
Marquinhos Sensação,Tardezinha Pela Vida Inteira,Elenco
Ferrugem,Tardezinha Pela Vida Inteira,Elenco
Léo Santana,Tardezinha Pela Vida Inteira,Elenco
Gloria Groove,Tardezinha Pela Vida Inteira,Elenco
Netinho de Paula,Tardezinha Pela Vida Inteira,Elenco
Dilsinho,Tardezinha Pela Vida Inteira,Elenco
Marvvila,Tardezinha Pela Vida Inteira,Elenco
Suel,Tardezinha Pela Vida Inteira,Elenco
Kamisa 10,Tardezinha Pela Vida Inteira,Elenco
Billy SP,Tardezinha Pela Vida Inteira,Elenco
Mr. Dan,Tardezinha Pela Vida Inteira,Elenco
Fran Landhin,Tardezinha Pela Vida Inteira,Director
Douglas Aguillar,Tardezinha Pela Vida Inteira,Director
Patrícia Niedermeier,Viagens,Elenco
Patrícia Niedermeier,Viagens,Director
Cavi Borges,Viagens,Director
Órion,O gato voador,Elenco
Kauã Borges,O gato voador,Director
Davi R. Borges,Em meus sonhos eu posso tocar o céu,Elenco
Davi R. Borges,Em meus sonhos eu posso tocar o céu,Director
Davi R. Borges,Em meus sonhos eu posso tocar o céu,Writer
Fabrício Basílio,Viventes,Director
Rachel Ellis,Eros,Director
Bruno Fredes,All The Better To Hear You With,Elenco
Ellen Tavares,All The Better To Hear You With,Elenco
Emiliano Cunha,All The Better To Hear You With,Elenco
Angie Abreu,All The Better To Hear You With,Writer
Mayco Martins,All The Better To Hear You With,Writer
Mayco Martins,All The Better To Hear You With,Director
Mayco Martins,All The Better To Hear You With,Producer
Ellen Tavares,All The Better To Hear You With,Producer
Pitagoras Nardi,All The Better To Hear You With,Producer
Angie Abreu,All The Better To Hear You With,Producer
Rodrigo Gallo,São Jorge contra o Dragão,Elenco
Hissa de Urkiola,São Jorge contra o Dragão,Elenco
Gabriela Eufrásio,São Jorge contra o Dragão,Elenco
Rodrigo Gallo,São Jorge contra o Dragão,Director
Harry Crowl,A Propósito de Harry,Elenco
Christopher Faust,A Propósito de Harry,Producer
Fernando Severo,A Propósito de Harry,Director
Wellington Sari,A Propósito de Harry,Producer
Fernando Severo,A Propósito de Harry,Writer
Amandyra,Greice,Elenco
Daniel Pizamiglio,Greice,Elenco
Inês Brites,Greice,Elenco
Luara Learth,Greice,Elenco
Mauro Soares,Greice,Elenco
Isabél Zuaa,Greice,Elenco
Márcia Lança,Greice,Elenco
Filipa Matta,Greice,Elenco
Rafaela Diógenes,Greice,Elenco
Beatriz Garrucho,Greice,Elenco
Sandra Hung,Greice,Elenco
Dipas,Greice,Elenco
Carlos Victor Rubens Magalhães,Greice,Elenco
Luciana Souza,Greice,Elenco
Faela Maya,Greice,Elenco
Lucas Galvino,Greice,Elenco
Gabi Ribeiro,Greice,Elenco
Leonardo Mouramateus,Greice,Elenco
Bruna Pessoa,Greice,Elenco
Tina Reinstrings,Greice,Elenco
Anna Leticya Gomes,Greice,Elenco
Maria Norma Colares,Greice,Elenco
Ana Galizia,Greice,Elenco
Helena Estrela,Greice,Elenco
Gui Pimentel,Greice,Elenco
Andy Malafaia,Greice,Producer
Leonardo Mouramateus,Greice,Director
Mayra Lucas,Greice,Producer
Paulo Serpa,Greice,Producer
Daniel Rubinger,[Untitled Project],Elenco
Gustavo Ramos Ribeiro,[Untitled Project],Elenco
Miguel Carreto,[Untitled Project],Elenco
Maria Clara de Aguiar,[Untitled Project],Elenco
Edimar Souza,[Untitled Project],Elenco
Lívia C. Soares,[Untitled Project],Elenco
Iure Martins,[Untitled Project],Elenco
Sama Rouhani,[Untitled Project],Elenco
Regiane Agrella,[Untitled Project],Elenco
Flávia Cesarino,[Untitled Project],Elenco
Leonardo A. Andrade,[Untitled Project],Elenco
Tiago Dunham,[Untitled Project],Elenco
Ana Beatriz de Castilho Bonini,[Untitled Project],Elenco
Enzo Dias,[Untitled Project],Elenco
Victor Hugo Cruz Freire,[Untitled Project],Elenco
Caio Correa,[Untitled Project],Elenco
Bruno Kenzo Yui,[Untitled Project],Elenco
Ana Beatriz Cantão de Campos,[Untitled Project],Elenco
Ian Higashi,[Untitled Project],Elenco
Henrique Cremonezzi,[Untitled Project],Elenco
Daniel Rubinger,[Untitled Project],Director
Miguel Carreto,[Untitled Project],Director
Daniel Rubinger,[Untitled Project],Writer
Miguel Carreto,[Untitled Project],Writer
Gustavo Ramos Ribeiro,[Untitled Project],Writer
Daniel Rubinger,[Untitled Project],Producer
Maria Clara de Aguiar,[Untitled Project],Producer
Antonia Soares,Off-Line,Elenco
Catarina Zenaro,Off-Line,Elenco
Maria Eduarda,Off-Line,Elenco
Juliana Santos,Off-Line,Elenco
Manuel Lopes,Off-Line,Elenco
Maria Fernanda,Off-Line,Elenco
Pedro Rino Kiyoto,Off-Line,Director
Pedro Rino Kiyoto,Off-Line,Producer
Arad,It's Own Flesh,Elenco
Felipe de Azevedo,It's Own Flesh,Director
Felipe de Azevedo,It's Own Flesh,Writer
Mike Souza,Prisioneiros,Elenco
Anya Tristão,Prisioneiros,Elenco
Felipe Andolpho,Prisioneiros,Elenco
Mafê Lacerda,Prisioneiros,Elenco
Thomaz Toffanetto,Prisioneiros,Elenco
Rafaella Walerio,Prisioneiros,Elenco
Mariah Araujo,Prisioneiros,Producer
Renan Rodsan,Prisioneiros,Producer
Renan Rodsan,Prisioneiros,Director
Rodrigo Mendes,Penumbra,Elenco
José Rubens,Penumbra,Elenco
Angelo Sousa,Penumbra,Writer
Vinícius Mendes,Penumbra,Director
Angelo Sousa,Penumbra,Producer
Vinícius Mendes,Penumbra,Producer
Cleide Mariano,Francisco,Elenco
Momô de Oliveira,Francisco,Elenco
Arielle Teles,Francisco,Elenco
Edson Cardoso,Francisco,Elenco
Gustavo Lins,Francisco,Director
Ed Roberto,Francisco,Producer
Maíra Farias,"While the candles are lit, my heart is in flames",Elenco
Valério Bruno,"While the candles are lit, my heart is in flames",Elenco
Gabriel Oliveira,"While the candles are lit, my heart is in flames",Director
Gabriel Oliveira,"While the candles are lit, my heart is in flames",Writer
Ronaldo de Azevedo,Gato Galáctico e o Feitiço do Tempo,Elenco
Erick Torres,Gato Galáctico e o Feitiço do Tempo,Elenco
Luiza Mezadri,Gato Galáctico e o Feitiço do Tempo,Elenco
Daniel Infantini,Gato Galáctico e o Feitiço do Tempo,Elenco
Blota Filho,Gato Galáctico e o Feitiço do Tempo,Elenco
Rodrigo Zanforlin,Gato Galáctico e o Feitiço do Tempo,Director
Daniel Picolo,Gato Galáctico e o Feitiço do Tempo,Producer
Mariana Motta,Beyond the Moonlight,Elenco
Diego Monti,Beyond the Moonlight,Elenco
Natane Castro,Beyond the Moonlight,Elenco
João Batista,Beyond the Moonlight,Elenco
Heloisa Helena,Beyond the Moonlight,Elenco
Bruno Ferreira,Beyond the Moonlight,Writer
Bruno Ferreira,Beyond the Moonlight,Director
Salome Velasquez,La Eterna Búsqueda del Quién,Director
Yoná Cunha,Exotismos,Elenco
Ana Willrich,Exotismos,Elenco
Vinicius Fernandes,Exotismos,Elenco
Clau Costa,Exotismos,Elenco
Salomão Neto,Exotismos,Elenco
Alessandra Gama,Exotismos,Director
Marta Aragão,Exotismos,Producer
Marta Aragão,Exotismos,Writer
Alessandra Gama,Exotismos,Writer
João Luiz Prestes,Exotismos,Producer
Julia Siqueira,ainda amigos,Elenco
Henrique Luchiari,ainda amigos,Elenco
Henrique Luchiari,ainda amigos,Writer
Henrique Luchiari,ainda amigos,Director
Thomaz Toffanetto,Lágrimas de Deus,Elenco
Julee Silva,Lágrimas de Deus,Elenco
Piêtro Fregulia,Lágrimas de Deus,Director
Piêtro Fregulia,Lágrimas de Deus,Writer
Pitty,Pitty: ACNXX Ao Vivo em Salvador,Elenco
Pedro H. Vieira,TRETA TRETA TRETA,Writer
Pedro H. Vieira,TRETA TRETA TRETA,Director
Rudinei Fernando,É o Boi,Elenco
Régis Berretta,É o Boi,Elenco
Carla Mourão,É o Boi,Elenco
"Edson Paes ""Kannov""",É o Boi,Elenco
"José Carlos ""Magrão""",É o Boi,Elenco
"José C. Revelli ""Zé Loco""",É o Boi,Elenco
Diego Denardi,É o Boi,Director
Diego Denardi,É o Boi,Writer
Felipe Papaterra,É o Boi,Writer
Luis Filipe Caivano,É o Boi,Writer
Rafael Marin,É o Boi,Producer
Lissa Marie,Eu Quero Ir,Elenco
Giordano Castro,Eu Quero Ir,Elenco
Lívia Falcão,Eu Quero Ir,Elenco
Cláudio Ferrario,Eu Quero Ir,Elenco
Juan Calado,Eu Quero Ir,Elenco
Yasmin Castelo,Eu Quero Ir,Elenco
Nicolas Baldini,Eu Quero Ir,Elenco
Maria Alice,Eu Quero Ir,Elenco
Íris Campos,Eu Quero Ir,Elenco
Iara Campos,Eu Quero Ir,Elenco
Mauriceia Conceição,Eu Quero Ir,Elenco
Lorena Carvalho,Eu Quero Ir,Elenco
Chico Ribeiro,Eu Quero Ir,Elenco
João Rick,Eu Quero Ir,Elenco
Ângelo Brandão,Eu Quero Ir,Elenco
Eduardo Cordeiro,Eu Quero Ir,Elenco
Rômulo Alves,Eu Quero Ir,Elenco
Fábio Leão,Eu Quero Ir,Elenco
Chico Domingues,Eu Quero Ir,Elenco
Pablo Polo,Eu Quero Ir,Director
Vitor Dorantes,Meu Maior Inimigo Sou Eu,Elenco
Ângelo Victor,Meu Maior Inimigo Sou Eu,Director
Vinicius Gouveia,Meu Maior Inimigo Sou Eu,Producer
Julia Gabrielle,Meu Maior Inimigo Sou Eu,Writer
Isis Silva,Meu Maior Inimigo Sou Eu,Writer
Vitor Dorantes,Meu Maior Inimigo Sou Eu,Writer
Gabriel Diego,O Amor em Fases,Elenco
Anne Oliveira,O Amor em Fases,Elenco
Kauã Henrique,O Amor em Fases,Elenco
Vitor Dorantes,O Amor em Fases,Writer
Ana Karolina,O Amor em Fases,Writer
Vinicius Gouveia,O Amor em Fases,Producer
Kauã Henrique,O Amor em Fases,Director
Tinde Van Andel,As far as the world reaches,Elenco
Alvaro Ugate,As far as the world reaches,Elenco
Ron Bernstein,As far as the world reaches,Elenco
Marianna De Campos Françoso,As far as the world reaches,Elenco
Luiza Lemmertz,As far as the world reaches,Elenco
Daniel Frota de Abreu,As far as the world reaches,Writer
Daniel Frota de Abreu,As far as the world reaches,Director
Daniel Frota de Abreu,As far as the world reaches,Producer
Karin Andrade,Mais Uma Taça,Elenco
Luanna Benedito,Mais Uma Taça,Elenco
Benni Simonato,Mais Uma Taça,Elenco
Gab Jobim,Mais Uma Taça,Elenco
Gab Jobim,Mais Uma Taça,Director
Arthur Pereira Silva,Poor Rich Boys,Elenco
Guilherme Padilha,Poor Rich Boys,Elenco
Gabriel Piedade,Poor Rich Boys,Elenco
Caio Omena,Poor Rich Boys,Writer
Caio Omena,Poor Rich Boys,Director
Cainã de Paulo,Flammable Digital Film,Elenco
Cainã de Paulo,Flammable Digital Film,Director
Lauan Barros,RLP: the documentary,Elenco
Gislayne Alburqueque,RLP: the documentary,Elenco
Maria Valquiria,RLP: the documentary,Elenco
Alice Firmiano,RLP: the documentary,Elenco
Bruna Andrade,RLP: the documentary,Elenco
Eloisa Iwen,RLP: the documentary,Elenco
Giovanna Ribeiro,RLP: the documentary,Elenco
Kellyane Souza,RLP: the documentary,Elenco
Clara Roberta,RLP: the documentary,Elenco
Elysa Cândida,RLP: the documentary,Elenco
Rafael Goulart,RLP: the documentary,Elenco
Juann Otavio,RLP: the documentary,Elenco
Mayara Kely,RLP: the documentary,Elenco
Rayane Paiva,RLP: the documentary,Elenco
Carol Clemente,RLP: the documentary,Elenco
Antonnielly Angela,RLP: the documentary,Elenco
Yasmin Teixeira,RLP: the documentary,Elenco
Lauan Barros,RLP: the documentary,Writer
Lauan Barros,RLP: the documentary,Director
Lucas Antôny,Qual é o Teu Chamado?,Elenco
Nycolas Emanuel,Qual é o Teu Chamado?,Elenco
Ester Rodrigues,Qual é o Teu Chamado?,Elenco
Luana Lopes,Qual é o Teu Chamado?,Elenco
Vitória rodrigues,Qual é o Teu Chamado?,Elenco
Igor wendel,Qual é o Teu Chamado?,Elenco
Pedro Augusto,Qual é o Teu Chamado?,Elenco
Jônatas Raterclifer,Qual é o Teu Chamado?,Elenco
Ana Clara,Qual é o Teu Chamado?,Elenco
Lucas Antôny,Qual é o Teu Chamado?,Director
Eduardo Rodrigues,O Síndico,Elenco
Claudia Mattos,O Síndico,Elenco
Marcelo Fernandes,O Síndico,Elenco
Verônica Tomé,O Síndico,Elenco
Jalil Sallas,O Síndico,Elenco
Francisco Givanilson,O Síndico,Elenco
Thais Coolper,O Síndico,Elenco
Rick Lisboa,O Síndico,Elenco
Wanner Rodrigues,O Síndico,Elenco
Thais Morgado,O Síndico,Director
Vinicius Santos,O Síndico,Producer
Matheus Borges,O Síndico,Writer
Carla Souza,O Síndico,Producer
Maribel Lima,O Síndico,Director
Neo Paez Halak,Appendix,Elenco
Rafael de Carvalho Gomes,Appendix,Elenco
Júlia Marques Van der Veld,Appendix,Elenco
Neo Paez Halak,Appendix,Producer
Neo Paez Halak,Appendix,Director
Rafael de Carvalho Gomes,Appendix,Director
Rafael de Carvalho Gomes,Appendix,Producer
Nico Nicolaiewsky,Onde está o amor? As fitas perdidas,Elenco
Hique Gomez,Onde está o amor? As fitas perdidas,Elenco
José Pedro Goulart,Onde está o amor? As fitas perdidas,Director
Davi Fields,Bugados - Você Bugou Meu Coração,Elenco
Sienna Belle,Bugados - Você Bugou Meu Coração,Elenco
Vinícius Marinho,Bugados - Você Bugou Meu Coração,Elenco
Ryancarlos de Oliveira,Bugados - Você Bugou Meu Coração,Elenco
Isabella Casarini,Bugados - Você Bugou Meu Coração,Elenco
Gabriel Miller,Bugados - Você Bugou Meu Coração,Elenco
Eliana Fonseca,Bugados - Você Bugou Meu Coração,Director
André Catarinacho,Bugados - Você Bugou Meu Coração,Writer
Leonardo Mascarenhas,Turno Maldito,Elenco
Enzo Buzzatti,Turno Maldito,Elenco
Mariana Botelho,Turno Maldito,Elenco
Giovanna Khouri,Turno Maldito,Elenco
Rafael M. P. Lindemeyer,Turno Maldito,Elenco
Gui Saglietti,Turno Maldito,Elenco
Vinicius Piccoli,Turno Maldito,Director
Rafael M. P. Lindemeyer,Turno Maldito,Director
Victor Mendes de Freitas,Turno Maldito,Producer
Rafael M. P. Lindemeyer,Turno Maldito,Writer
Giovanna Bittencourt Scheiner,Turno Maldito,Producer
Lucas Lima,Só é feliz quem se arrisca,Director
Rodrigo Vulcano,Só é feliz quem se arrisca,Director
SnowXD,Pelas ruas ou: Como as lembranças me fizeram ficar perdido em meu próprio ser,Elenco
SnowXD,Pelas ruas ou: Como as lembranças me fizeram ficar perdido em meu próprio ser,Elenco
Lívia Portilho,Pelas ruas ou: Como as lembranças me fizeram ficar perdido em meu próprio ser,Producer
André Aquino,Pelas ruas ou: Como as lembranças me fizeram ficar perdido em meu próprio ser,Writer
André Aquino,Pelas ruas ou: Como as lembranças me fizeram ficar perdido em meu próprio ser,Director
Danilo Maia,Temos Vagas,Elenco
Thaís Müller,Temos Vagas,Elenco
Victor Torres,Temos Vagas,Elenco
Daniel Ratto,Temos Vagas,Elenco
Marcelo Pio,Temos Vagas,Elenco
Natalia Rosa,Temos Vagas,Elenco
Yuri Magalhães,Temos Vagas,Elenco
Paulo Almeida,Temos Vagas,Elenco
Julia Sabatiê,Temos Vagas,Elenco
Aparecido da Silva,Temos Vagas,Elenco
Guga Sabatiê,Temos Vagas,Director
Guga Sabatiê,Temos Vagas,Writer
Rudi Lagemann,Noite de Talentos,Director
Gabi Moretto,Um porquê ou um porém,Elenco
Mariana Rodrigues Terra,Um porquê ou um porém,Director
Clara de Castro,Um porquê ou um porém,Writer
Brenda Hahn Prestes,Um porquê ou um porém,Writer
Victor Selivon,THE MASTERPIECE,Director
Bruno Santos,Pimenta Landscape,Producer
Letícia Gaver,Pimenta Landscape,Producer
Bruno Santos,Pimenta Landscape,Director
Letícia Gaver,Pimenta Landscape,Director
Felipe Montanaro,The Music According With Jesus Christ,Elenco
Hugo Castro,The Music According With Jesus Christ,Elenco
Rodolfo Luiz Vieira,The Music According With Jesus Christ,Elenco
Pianista Desconhecido,The Music According With Jesus Christ,Elenco
Rodolfo Luiz Vieira,The Music According With Jesus Christ,Director
Rodolfo Luiz Vieira,The Music According With Jesus Christ,Writer
Rodolfo Luiz Vieira,The Music According With Jesus Christ,Producer
Felipe Montanaro,The Music According With Jesus Christ,Writer
Luciano de Miranda,La Lucha Invade el Cine Mexicano,Elenco
El Santo,La Lucha Invade el Cine Mexicano,Elenco
Blue Demon,La Lucha Invade el Cine Mexicano,Elenco
Aarón Rodríguez Arellano,La Lucha Invade el Cine Mexicano,Elenco
Tinieblas,La Lucha Invade el Cine Mexicano,Elenco
Tonina Jackson,La Lucha Invade el Cine Mexicano,Elenco
Annabelle Gutiérrez,La Lucha Invade el Cine Mexicano,Elenco
Titina Romay,La Lucha Invade el Cine Mexicano,Elenco
David Silva,La Lucha Invade el Cine Mexicano,Elenco
Eduardo Bonada,La Lucha Invade el Cine Mexicano,Elenco
El Médico Asesino,La Lucha Invade el Cine Mexicano,Elenco
Crox Alvarado,La Lucha Invade el Cine Mexicano,Elenco
John Carradine,La Lucha Invade el Cine Mexicano,Elenco
Lorena Velázquez,La Lucha Invade el Cine Mexicano,Elenco
Elizabeth Campbell,La Lucha Invade el Cine Mexicano,Elenco
Armando Silvestre,La Lucha Invade el Cine Mexicano,Elenco
Jesús Salinas,La Lucha Invade el Cine Mexicano,Elenco
Maura Monti,La Lucha Invade el Cine Mexicano,Elenco
Wolf Ruvinskis,La Lucha Invade el Cine Mexicano,Elenco
Alejandro Cruz,La Lucha Invade el Cine Mexicano,Elenco
Fernando Osés,La Lucha Invade el Cine Mexicano,Elenco
Superzan,La Lucha Invade el Cine Mexicano,Elenco
Jaguar de Colombia,La Lucha Invade el Cine Mexicano,Elenco
Aytekin Akkaya,La Lucha Invade el Cine Mexicano,Elenco
Yavuz Selekman,La Lucha Invade el Cine Mexicano,Elenco
Tevfik Şen,La Lucha Invade el Cine Mexicano,Elenco
Ted Boy Marino,La Lucha Invade el Cine Mexicano,Elenco
Renato Aragão,La Lucha Invade el Cine Mexicano,Elenco
Roberto Guilherme,La Lucha Invade el Cine Mexicano,Elenco
Rubén Aguirre,La Lucha Invade el Cine Mexicano,Elenco
Carlos Suárez,La Lucha Invade el Cine Mexicano,Elenco
El Hijo del Santo,La Lucha Invade el Cine Mexicano,Elenco
Blue Panther,La Lucha Invade el Cine Mexicano,Elenco
Héctor Bonilla,La Lucha Invade el Cine Mexicano,Elenco
Jeffrey Uhlmann,La Lucha Invade el Cine Mexicano,Elenco
Blue Demon Jr.,La Lucha Invade el Cine Mexicano,Elenco
Huracan Ramirez Jr.,La Lucha Invade el Cine Mexicano,Elenco
Neutron,La Lucha Invade el Cine Mexicano,Elenco
Dos Caras,La Lucha Invade el Cine Mexicano,Elenco
Jonathan Rodrigues,La Lucha Invade el Cine Mexicano,Director
Jonathan Rodrigues,La Lucha Invade el Cine Mexicano,Writer
Jonathan Rodrigues,La Lucha Invade el Cine Mexicano,Producer
Coffin Souza,La Lucha Invade el Cine Mexicano,Writer
Rafael Santiago,Bombas Fantasmas ou: Jovens Explosivos,Elenco
Antônio P. Silva,Bombas Fantasmas ou: Jovens Explosivos,Elenco
Cristian Menezes,Bombas Fantasmas ou: Jovens Explosivos,Director
Marcela Akaoui,Di Cavalcanti - Entre Tempos e Lirismos,Director
Marcela Akaoui,Di Cavalcanti - Entre Tempos e Lirismos,Producer
Pedro Castro,Di Cavalcanti - Entre Tempos e Lirismos,Producer
João Gott,Terminal,Elenco
Antônio Fábio,Terminal,Elenco
Sérgio Sartório,Terminal,Elenco
Rosanna Viegas,Terminal,Elenco
Getsemane Silva,Terminal,Director
Getsemane Silva,Terminal,Producer
Guilherme Bacalhao,Terminal,Director
Guilherme Bacalhao,Terminal,Producer
Bela Fernandes,Shooting My Life's Script,Elenco
Xande Valois,Shooting My Life's Script,Elenco
Alanys Santos,Shooting My Life's Script,Elenco
Júlia Svacinna,Shooting My Life's Script,Elenco
Giovanna Chaves,Shooting My Life's Script,Elenco
Matheus Costa,Shooting My Life's Script,Elenco
Kiria Malheiros,Shooting My Life's Script,Elenco
Pedro David,Shooting My Life's Script,Elenco
Anderson Lima,Shooting My Life's Script,Elenco
Luca Ribeiro,Shooting My Life's Script,Elenco
Saulo Rodrigues,Shooting My Life's Script,Elenco
Samara Felippo,Shooting My Life's Script,Elenco
Caio Paduan,Shooting My Life's Script,Elenco
Regina Sampaio,Shooting My Life's Script,Elenco
Pâmela Tomé,Shooting My Life's Script,Elenco
Josie Antello,Shooting My Life's Script,Elenco
Pedro Novaes,Shooting My Life's Script,Elenco
Maria Alice,Shooting My Life's Script,Elenco
Milena Melo,Shooting My Life's Script,Elenco
Mabel Cezar,Shooting My Life's Script,Elenco
Antônio Alves,Shooting My Life's Script,Elenco
Mayara Travassos,Shooting My Life's Script,Elenco
Renata Tobelem,Shooting My Life's Script,Elenco
Ramoile Barreiros,Shooting My Life's Script,Elenco
Fábio Bastos,Shooting My Life's Script,Elenco
Ronnie Marruda,Shooting My Life's Script,Elenco
Marcia Di Milla,Shooting My Life's Script,Elenco
Paula Pimenta,Shooting My Life's Script,Elenco
Márcio Wilkie Barro,Shooting My Life's Script,Elenco
Mabel Pimenta Barro,Shooting My Life's Script,Elenco
Bruna Horta,Shooting My Life's Script,Writer
Paula Pimenta,Shooting My Life's Script,Writer
Pedro Antônio,Shooting My Life's Script,Director
Pedro Antônio,Shooting My Life's Script,Writer
Tomás Darcyl,Shooting My Life's Script,Producer
Gabriel Gurman,Shooting My Life's Script,Producer
Luanna Guimarães,Shooting My Life's Script,Writer
Ricardo Costianovsky,Shooting My Life's Script,Producer
João Portela,Despertar,Elenco
Ivan Teixeira,Despertar,Elenco
Soninha Cominato,Despertar,Elenco
Ana Lúcia Bafuni Kuba,Despertar,Elenco
Marco Madeira,Despertar,Elenco
Estela Maris,Despertar,Elenco
Jessica Athos,Despertar,Elenco
Milene Allah,Despertar,Producer
Christara Fabricio Moreira,Despertar,Writer
Otávio Vaz,Despertar,Producer
João Vítor Silva,Despertar,Writer
João Vítor Silva,Despertar,Director
Gisa,Volta,Elenco
Samira Arruda,Volta,Elenco
Giulia Ramos,Volta,Elenco
Rodrigo Rocha,Volta,Elenco
Lupe Gómez,Volta,Elenco
Beatriz Marques Simarro,Volta,Director
Jonas Feitosa,Volta,Producer
Karen Bianca,Volta,Writer
Laura Braz,Delavê,Elenco
Paloma Toledo,Delavê,Elenco
Ygor Alves,Delavê,Director
Alisson Lauro Nunes,Delavê,Producer
Ricardo P. G. Vianna,Delavê,Writer
Vivian Bortolozzo,Delavê,Director
Nicole Brajão,Delavê,Producer
Ygor Alves,Delavê,Writer
Cays,Em Movimento,Elenco
Santa Maria,Em Movimento,Elenco
Marcela Diniz,Em Movimento,Elenco
Vitória Moreira,Em Movimento,Producer
Patrick Lima,Em Movimento,Director
Patrick Lima,Em Movimento,Writer
Irène Jacob,Shikun,Elenco
Yaël Abecassis,Shikun,Elenco
Hana Laslo,Shikun,Elenco
Naama Preis,Shikun,Elenco
Bahira Ablassi,Shikun,Elenco
Pini Mitelman,Shikun,Elenco
מנשה נוי,Shikun,Elenco
Atallah Tannous,Shikun,Elenco
Minas Qarawany,Shikun,Elenco
Amos Gitai,Shikun,Director
Raymundo de Souza,Horizonte,Elenco
Ana Rosa,Horizonte,Elenco
Suely Franco,Horizonte,Elenco
Alexandra Richter,Horizonte,Elenco
Pérola Faria,Horizonte,Elenco
Ronan Horta,Horizonte,Elenco
Arthur de Farah,Horizonte,Elenco
Paulo Vespúcio,Horizonte,Elenco
Dostoiewski Champangnatte,Horizonte,Writer
Rafael Calomeni,Horizonte,Director
Janaina Wagner,Quebrante,Director
Janaina Wagner,Quebrante,Producer
Yan Menezes,Não Se Sabe o Defeito,Elenco
Eduardo Lima,Não Se Sabe o Defeito,Elenco
Anny Gabriely,Não Se Sabe o Defeito,Elenco
Robson Ribeiro,Não Se Sabe o Defeito,Elenco
Robson Ribeiro,Não Se Sabe o Defeito,Director
Robson Ribeiro,Não Se Sabe o Defeito,Producer
Robson Ribeiro,Não Se Sabe o Defeito,Writer
Filipe Gomes,A Dimensão Escura,Elenco
Alexandre Gomes,A Dimensão Escura,Elenco
Filipe Gomes,A Dimensão Escura,Director
Filipe Gomes,A Dimensão Escura,Writer
Dionizio Soares Batista,Piraquara's Gatherings,Elenco
Eli Domingues Batista,Piraquara's Gatherings,Elenco
Evelyn da Rosa Ferreira Soares,Piraquara's Gatherings,Elenco
Francisca Barros da Silva (Dide),Piraquara's Gatherings,Elenco
Louri Benke,Piraquara's Gatherings,Elenco
Reni Goretes Ferreira,Piraquara's Gatherings,Elenco
Moisés Domingues Batista,Piraquara's Gatherings,Elenco
Gabriel Reis,Piraquara's Gatherings,Director
Gabriel Reis,Piraquara's Gatherings,Writer
Henrique P. D.,The Tragedy of Galloway,Writer
Henrique P. D.,The Tragedy of Galloway,Director
Henrique P. D.,The Tragedy of Galloway,Producer
Chen Xiao Xin,Sleep with Your Eyes Open,Elenco
Wang Shin-Hong,Sleep with Your Eyes Open,Elenco
Liao Kai Ro,Sleep with Your Eyes Open,Elenco
Nahuel Pérez Biscayart,Sleep with Your Eyes Open,Elenco
Lu Yang Zong,Sleep with Your Eyes Open,Elenco
Nele Wohlatz,Sleep with Your Eyes Open,Director
Justine O,Sleep with Your Eyes Open,Producer
Violeta Bava,Sleep with Your Eyes Open,Producer
Rosa Martínez Rivero,Sleep with Your Eyes Open,Producer
Emilie Lesclaux,Sleep with Your Eyes Open,Producer
Pío Longo,Sleep with Your Eyes Open,Writer
Nele Wohlatz,Sleep with Your Eyes Open,Writer
Kleber Mendonça Filho,Sleep with Your Eyes Open,Producer
Caio Daher,Por Que Os Sabiás Cantam À Noite?,Elenco
Caio Daher,Por Que Os Sabiás Cantam À Noite?,Director
Diana Mattos,Betânia,Elenco
Ulysses Azevedo,Betânia,Elenco
Nádia de Cassia,Betânia,Elenco
Caçula Rodrigues,Betânia,Elenco
Michelle Cabral,Betânia,Elenco
Tião Carvalho,Betânia,Elenco
Rosa Ewerton Jara,Betânia,Elenco
Vitão Santiago,Betânia,Elenco
Anouk Mulard,Betânia,Elenco
Caiçara Vibration,Betânia,Elenco
Tim Vidal,Betânia,Elenco
Marcelo Botta,Betânia,Producer
Marcelo Botta,Betânia,Writer
Marcelo Botta,Betânia,Director
Gabriel Di Giacomo,Betânia,Producer
Vinicius Teixeira,I Don't Wanna Know Your Name,Elenco
Jader Januário,I Don't Wanna Know Your Name,Elenco
Vinicius Teixeira,I Don't Wanna Know Your Name,Director
Vinicius Teixeira,I Don't Wanna Know Your Name,Writer
Leslie David Baker,Planos no Papel,Elenco
Liebe,der Blumenkönig,Director
Fernanda Vianna,Cidade; Campo,Elenco
Mirella Façanha,Cidade; Campo,Elenco
Bruna Linzmeyer,Cidade; Campo,Elenco
Kalleb Oliveira,Cidade; Campo,Elenco
Andréa Marquee,Cidade; Campo,Elenco
Preta Ferreira,Cidade; Campo,Elenco
Marcos de Andrade,Cidade; Campo,Elenco
Nilcéia Vicente,Cidade; Campo,Elenco
Raquel Ferreira,Cidade; Campo,Elenco
Maya de Paiva,Cidade; Campo,Elenco
Rita Niza,Cidade; Campo,Elenco
Brenda Lígia,Cidade; Campo,Elenco
Majeca Angelucci,Cidade; Campo,Elenco
Felipe Kenji,Cidade; Campo,Elenco
Andréia Pires,Cidade; Campo,Elenco
Nelson Fabian Campos Ramires,Cidade; Campo,Elenco
Jorge Queiroz da Silva,Cidade; Campo,Elenco
Floriza de Souza Silva,Cidade; Campo,Elenco
Cidiele Braga Carmona,Cidade; Campo,Elenco
Geisiane da Silva,Cidade; Campo,Elenco
Jade Reginaldo Ribeiro,Cidade; Campo,Elenco
Jorge da Silva,Cidade; Campo,Elenco
Rosicleia Vilhalva Duarte,Cidade; Campo,Elenco
Vanieli Maciel Reginaldo,Cidade; Campo,Elenco
Maria Ionescu,Cidade; Campo,Producer
Juliana Rojas,Cidade; Campo,Writer
Clément Duboin,Cidade; Campo,Producer
Sara Silveira,Cidade; Campo,Producer
Juliana Rojas,Cidade; Campo,Director
Vitor Marling,Fixação,Elenco
Yasmin Cavalari,Fixação,Elenco
Tatiana Formiga,Fixação,Elenco
Alexandre Rada,Fixação,Elenco
Elvira Schulz,Fixação,Elenco
Guilherme Formiga,Fixação,Elenco
Daniel Formiga,Fixação,Elenco
Daniel Formiga,Fixação,Director
Marcelo Formiga,Fixação,Director
Daniel Formiga,Fixação,Producer
Marcelo Formiga,Fixação,Producer
Vitor Marling,Fixação,Producer
Beatriz Eira,Fixação,Writer
Larissa Vereza,Hidden Memories,Elenco
Emiliano Ruschel,Hidden Memories,Elenco
Steve Tom,Hidden Memories,Elenco
Nancy Youngblut,Hidden Memories,Elenco
Del Hunter-White,Hidden Memories,Elenco
David Herman,Hidden Memories,Elenco
Marc Forget,Hidden Memories,Elenco
Analú Prestes,Hidden Memories,Elenco
Carlos Vereza,Hidden Memories,Elenco
Blaine Miller,Hidden Memories,Elenco
Adrienne McQueen,Hidden Memories,Elenco
Mark Lucas,Hidden Memories,Elenco
Felipe Bond,Hidden Memories,Elenco
Maísa Souza,Hidden Memories,Elenco
Dominique Vereza,Hidden Memories,Elenco
Emiliano Ruschel,Hidden Memories,Director
Larissa Vereza,Hidden Memories,Director
Ludmilla,LUDMILLA: Numanice #3 Ao Vivo,Elenco
Belo,LUDMILLA: Numanice #3 Ao Vivo,Elenco
Gabriel Vasconcelos,LUDMILLA: Numanice #3 Ao Vivo,Director
Carolina Dutra,LUDMILLA: Numanice #3 Ao Vivo,Director
LuhBunny,Cantar ou Morrer 2,Writer
LuhBunny,Cantar ou Morrer 2,Director
LuhBunny,Cantar ou Morrer 2,Producer
João Paulo Britto,Reciclo,Elenco
João Paulo Britto,Reciclo,Director
Pedro Henrique Martins Da Silva Gadelha,Recriando Lembranças De Uma Garrafa Que Já Não Existe Mais,Elenco
Cauan Gadelha,Recriando Lembranças De Uma Garrafa Que Já Não Existe Mais,Elenco
Érik Costa,Recriando Lembranças De Uma Garrafa Que Já Não Existe Mais,Director
Isabella Borges do Nascimento,Afago,Elenco
Lucas Henrique Vasconcelos Barbosa,Afago,Elenco
Daniel Oliveira Barcelos,Afago,Elenco
Beatriz de Almeida Tenório,Afago,Producer
Samuel de Almeida Tenório,Afago,Director
Samuel de Almeida Tenório,Afago,Writer
Lucas Henrique Vasconcelos Barbosa,Afago,Producer
Samuel de Almeida Tenório,Afago,Producer
Gabriel Boliclifer,"Yo, Where's My Lighter?",Elenco
José Beltrão,"Yo, Where's My Lighter?",Elenco
Mayra da Cunha,"Yo, Where's My Lighter?",Elenco
Ágatha Flora,"Yo, Where's My Lighter?",Elenco
Isadora Freixo,"Yo, Where's My Lighter?",Elenco
"Lorran ""SAGA"" Teixeira","Yo, Where's My Lighter?",Elenco
Ohanna Victorio,"Yo, Where's My Lighter?",Elenco
Lucas Dutra,"Yo, Where's My Lighter?",Elenco
J.P. Santos,"Yo, Where's My Lighter?",Director
J.P. Santos,"Yo, Where's My Lighter?",Writer
Ariel Moraes,"Yo, Where's My Lighter?",Director
Ariel Moraes,"Yo, Where's My Lighter?",Writer
Alícia Fávaro,"Yo, Where's My Lighter?",Producer
Jessica Trintin,A Noiva,Elenco
Natália Sacramento,A Noiva,Elenco
Victoria Sacramento,A Noiva,Elenco
Eduardo Teixeira,A Noiva,Elenco
Arthur Boeno,A Noiva,Elenco
Rafael Grendene,A Noiva,Elenco
Luke Schatzmann,A Noiva,Director
Renato Winckiewicz,A Noiva,Writer
Nathalia Nunes,A Noiva,Producer
Edison Rodrigues,A Noiva,Writer
Marco Antônio Pereira,"Trap Pesadelo, O Manifesto",Director
BRiAN BiLLiONAiRE,Heated Passion,Elenco
Dama Brazil,Heated Passion,Elenco
BRiAN BiLLiONAiRE,Heated Passion,Director
Sofia Pellegrini,Collision,Elenco
Alexa Oa,Collision,Elenco
Jens Kjær,Collision,Director
Guilherme Eyng,Killing You,Elenco
Melissa Versari,Killing You,Elenco
Jordana Beck,Killing You,Director
Jordana Beck,Killing You,Writer
Guilherme Eyng,Killing You,Writer
Guilherme Cruz,Killing You,Producer
Giovanna Bittencourt Scheiner,Orbit,Elenco
Patrick Garcia,Orbit,Elenco
Fefe Urresti,Orbit,Elenco
Fernanda Boacnin,Orbit,Elenco
Melissa Romero,Orbit,Elenco
Alice Feitoza,Orbit,Elenco
Fefe Urresti,Orbit,Director
Fefe Urresti,Orbit,Writer
Melissa Romero,Orbit,Writer
Maria Clara Ferreira,Orbit,Writer
Fefe Urresti,Orbit,Producer
Eliton Oliveira,O Silêncio das Rosas,Director
Yuri Marçal,Cedo Demais,Elenco
Thati Lopes,Cedo Demais,Elenco
Vitor Thiré,Cedo Demais,Elenco
Gabriel Godoy,Cedo Demais,Elenco
Bella Camero,Cedo Demais,Elenco
Valentina Bandeira,Cedo Demais,Elenco
Kayky Brito,Cedo Demais,Elenco
Roberta Rodrigues,Cedo Demais,Elenco
Marlus Vieira,Cedo Demais,Elenco
Theresa Amayo,Cedo Demais,Elenco
Henry Jacklen,Cedo Demais,Elenco
Pedro Lima,Cedo Demais,Elenco
José Lavigne,Cedo Demais,Director
Clélia Bessa,Cedo Demais,Producer
Rafael Leal,Cedo Demais,Writer
Mayara Araujo,67 Things Smaller than Me,Elenco
Mike Ale,67 Things Smaller than Me,Director
Mike Ale,67 Things Smaller than Me,Writer
Noni Balzan,Enfim devorei a noite,Elenco
Thais Ramos,Enfim devorei a noite,Director
Gabrieli Daczkowski,Um íntimo Sentimento Contado Em Duas Partes,Elenco
Pedro Alves,Um íntimo Sentimento Contado Em Duas Partes,Director
Erika Palmeira,Um íntimo Sentimento Contado Em Duas Partes,Writer
Fábio Narciso,Best of Three,Elenco
Gabriel Gaspar,Best of Three,Elenco
Marco Rodrigues,Best of Three,Elenco
Fernanda Pereira,Best of Three,Elenco
Fábio Narciso,Best of Three,Director
Fábio Narciso,Best of Three,Writer
Ilaine Melo,Palavra Presa,Director
Leandro Firmino,São  Gonçalo 50°C,Elenco
Jhenifer Lima,São  Gonçalo 50°C,Director
Marlon Vieira,São  Gonçalo 50°C,Director
Roberta Paes,São  Gonçalo 50°C,Director
Alexandre Alves,São  Gonçalo 50°C,Writer
Elias Lobo,São  Gonçalo 50°C,Writer
Flávio Santos,São  Gonçalo 50°C,Writer
Lorena Siqueira,São  Gonçalo 50°C,Writer
Otávio Saccardo,Ruas,Producer
Otávio Saccardo,Ruas,Director
Otávio Saccardo,Ruas,Writer
Otávio Saccardo,Ruas,Elenco
Otávio Saccardo,Ruas,Director
Otávio Saccardo,Ruas,Producer
Otávio Saccardo,Ruas,Writer
Renato IMPERA,Dilma II - A Eleição Mais Suja da História,Elenco
Violet Sapphire,Dilma II - A Eleição Mais Suja da História,Elenco
Rafux,Dilma II - A Eleição Mais Suja da História,Elenco
RivasRND,Dilma II - A Eleição Mais Suja da História,Elenco
Tio Will,Dilma II - A Eleição Mais Suja da História,Elenco
Tio Will,Dilma II - A Eleição Mais Suja da História,Elenco
Renato IMPERA,Dilma II - A Eleição Mais Suja da História,Director
Renato IMPERA,Dilma II - A Eleição Mais Suja da História,Writer
Fábio Viecelli,Cantos Escuros,Elenco
Ananda Scaravelli,Cantos Escuros,Elenco
Inara Parrode,Cantos Escuros,Elenco
Cristina Freitas,Cantos Escuros,Elenco
Joana Lapa,Cantos Escuros,Elenco
Rodolfo Bellarosa Jr.,Cantos Escuros,Elenco
Matheus Cirillo,Cantos Escuros,Elenco
Henrique Nuzzi,Cantos Escuros,Writer
Ananda Scaravelli,Cantos Escuros,Writer
Henrique Nuzzi,Cantos Escuros,Director
Marquinhos de Oswaldo Cruz,Estação Oswaldo Cruz,Elenco
Alice Lanari,Estação Oswaldo Cruz,Director
Alice Lanari,Estação Oswaldo Cruz,Writer
Tay Lopez,The Backlands Shall Sea,Elenco
Joálisson Cunha,The Backlands Shall Sea,Elenco
Zezita Matos,The Backlands Shall Sea,Elenco
Buda Lira,The Backlands Shall Sea,Elenco
Lucas Veloso,The Backlands Shall Sea,Elenco
Danny Barbosa,The Backlands Shall Sea,Elenco
Rubens Santos,The Backlands Shall Sea,Elenco
Jamila Facury,The Backlands Shall Sea,Elenco
Geyson Luiz,The Backlands Shall Sea,Elenco
Amanda Menelau,The Backlands Shall Sea,Elenco
Paulo Pontes,The Backlands Shall Sea,Elenco
Nilo Pedrosa,The Backlands Shall Sea,Elenco
Mário Sergio Cabral,The Backlands Shall Sea,Elenco
Mayara Santos,The Backlands Shall Sea,Elenco
Ubiratan di Assis,The Backlands Shall Sea,Elenco
Jean Farias,The Backlands Shall Sea,Elenco
Rodrigo Cesar,The Backlands Shall Sea,Director
Cadu Pereiva,The Backlands Shall Sea,Writer
Rodrigo Cesar,The Backlands Shall Sea,Producer
Carlon Hardt,Laguna Plena,Director
Rimon Guimarães,Laguna Plena,Director
Gil Guigon,Esperando O Quê?,Elenco
Elizia Gomes,Esperando O Quê?,Elenco
Bella Lábegàlini,Esperando O Quê?,Elenco
Juko Lessa,Esperando O Quê?,Elenco
Pedro Saramago,Esperando O Quê?,Elenco
Davi Sanches Antunes,Esperando O Quê?,Director
Rebecca Faertes,Esperando O Quê?,Director
Nathália Alves,Esperando O Quê?,Writer
Adriana Brockman,Esperando O Quê?,Producer
Fabrício Gabriel,Franjinha e Milena em Busca da Ciência Parte I,Elenco
Bia Lisboa,Franjinha e Milena em Busca da Ciência Parte I,Elenco
Fábio Lucindo,Franjinha e Milena em Busca da Ciência Parte I,Elenco
Johnny O'Donnell,Franjinha e Milena em Busca da Ciência Parte I,Elenco
Bruno Motta,Franjinha e Milena em Busca da Ciência Parte I,Director
Bruno Motta,Franjinha e Milena em Busca da Ciência Parte I,Writer
Vanessa Fort,Franjinha e Milena em Busca da Ciência Parte I,Writer
Petter Baiestorf,The Great Triumph of Successful Failure,Producer
Petter Baiestorf,The Great Triumph of Successful Failure,Director
Petter Baiestorf,The Great Triumph of Successful Failure,Writer
Henrique B. Borgato,O Guia do Cachaceiro das Galáxias,Elenco
Rogerio Ramos,O Guia do Cachaceiro das Galáxias,Elenco
Willian Silva,O Guia do Cachaceiro das Galáxias,Elenco
Rosalinda Correa,O Guia do Cachaceiro das Galáxias,Elenco
Stéphanie Castro,O Guia do Cachaceiro das Galáxias,Elenco
Enzo Muncinelli,O Guia do Cachaceiro das Galáxias,Director
Henrique B. Borgato,O Guia do Cachaceiro das Galáxias,Director
NIKITA,Além do Muro,Elenco
BLUE,Além do Muro,Elenco
ZBK,Além do Muro,Elenco
NOKI,Além do Muro,Elenco
Lucas Abe,Além do Muro,Elenco
Amanda Heroine,Além do Muro,Director
Duda Bernardi,Além do Muro,Director
Juliana Zschap,Além do Muro,Director
Luã Pinali,Além do Muro,Director
Lucas Abe,Além do Muro,Director
Pedro Tkac,Além do Muro,Director
Luã Pinali,Além do Muro,Producer
Lucas Abe,Além do Muro,Producer
Andrews Furquim,Quantas Histórias Cabem Em Um Lugar?,Elenco
Natália Eloísa,Quantas Histórias Cabem Em Um Lugar?,Elenco
Luiz Felipe Leprevost,Quantas Histórias Cabem Em Um Lugar?,Elenco
Thaise Severo,Quantas Histórias Cabem Em Um Lugar?,Elenco
Otávio Gondin,Quantas Histórias Cabem Em Um Lugar?,Director
Manuela Malheiros,Quantas Histórias Cabem Em Um Lugar?,Producer
Camili Andrade,Quantas Histórias Cabem Em Um Lugar?,Producer
Camyz,Quantas Histórias Cabem Em Um Lugar?,Producer
Diana Moreno,Próxima Parada,Elenco
Sal Galarça,Próxima Parada,Director
Ph Ribas,Próxima Parada,Director
Marina Sartoreli,Próxima Parada,Director
Daniella Shizuko,Próxima Parada,Director
Ph Ribas,Próxima Parada,Producer
Gabriela Santini,The Call of The Void,Elenco
Mônica Montanari,The Call of The Void,Elenco
Rafael Zanata,The Call of The Void,Director
Rafael Zanata,The Call of The Void,Writer
Leonardo Kolberg,The Call of The Void,Producer
Juliana Reñones,Afternoon Delight,Elenco
Raphael Aguiar,Afternoon Delight,Director
Raphael Aguiar,Afternoon Delight,Writer
Raphael Aguiar,Afternoon Delight,Producer
Davi Campolongo,Empirion: Uma Aventura com Einstein,Elenco
Pietra Quintela,Empirion: Uma Aventura com Einstein,Elenco
Kevin Vechiatto,Empirion: Uma Aventura com Einstein,Elenco
Lívia Silva,Empirion: Uma Aventura com Einstein,Elenco
Norival Rizzo,Empirion: Uma Aventura com Einstein,Elenco
André Abujamra,Empirion: Uma Aventura com Einstein,Elenco
Clarissa Kiste,Empirion: Uma Aventura com Einstein,Elenco
Michael Ruman,Empirion: Uma Aventura com Einstein,Director
Lia Nunes,Empirion: Uma Aventura com Einstein,Producer
Roberto d'Avila,Empirion: Uma Aventura com Einstein,Producer
Loislane Cantini,Palavras,Elenco
Davi R. Borges,Palavras,Elenco
Davi R. Borges,Palavras,Writer
Davi R. Borges,Palavras,Director
Rich Follett,It's Knot What You Think,Elenco
Luca Piancastelli,It's Knot What You Think,Elenco
Arthur Pereira,It's Knot What You Think,Director
Arthur Pereira,It's Knot What You Think,Writer
Gabriel Medina,Now or Never,Elenco
Yago Dora,Now or Never,Elenco
Adriano de Souza,Now or Never,Elenco
Gabriel Novis,Now or Never,Director
Gabriel Novis,Now or Never,Producer
Gabriel Medina,Now or Never,Producer
Jam Hassan,Now or Never,Producer
Gabriel Novis,Now or Never,Writer
Jam Hassan,Now or Never,Writer
Jesse Berger,Now or Never,Writer
Jesse Berger,Now or Never,Producer
Duda Bertho,Now or Never,Writer
Steve Allain,Now or Never,Producer
Carl Braid,Now or Never,Producer
Eduardo Morelli,Now or Never,Producer
Rafael Moura,Now or Never,Producer
Michael Yedwab,Now or Never,Producer
Silvio Toledo,Shadows Side,Director
Louis Saint,Solitário,Elenco
Louis Saint,Solitário,Elenco
Louis Saint,Solitário,Elenco
Louis Saint,Solitário,Elenco
Louis Saint,Solitário,Director
Louis Saint,Solitário,Writer
Louis Saint,Solitário,Producer
Rodolpho Pinotti,A Bicicleta Vermelha,Director
Amanda Savariego,Carrossel,Elenco
Bigo Sfair Kleinke,Carrossel,Elenco
Cindy Kathellen,Carrossel,Elenco
Breno Peratz,Carrossel,Elenco
Letícia Cabral,Carrossel,Elenco
Leonardo Vieira Mendonça,Carrossel,Director
Mauro Henrique Soarez,Carrossel,Director
Jully Mariano,Carrossel,Writer
Vanessa Giácomo,Maré,Elenco
Giuliana Monteiro,Maré,Director
Petter Baiestorf,Scratches from Baiestorf & Souza,Director
Petter Baiestorf,Scratches from Baiestorf & Souza,Writer
Petter Baiestorf,Scratches from Baiestorf & Souza,Producer
Coffin Souza,Scratches from Baiestorf & Souza,Director
Coffin Souza,Scratches from Baiestorf & Souza,Writer
Coffin Souza,Scratches from Baiestorf & Souza,Producer
Gayance,Mascarade: Origin Story,Elenco
Oxanna Deverze,Mascarade: Origin Story,Elenco
Cathia Cariotte,Mascarade: Origin Story,Elenco
J. Style,Mascarade: Origin Story,Elenco
Anaïs Gilles,Mascarade: Origin Story,Elenco
Bernardo Laureano,Mascarade: Origin Story,Elenco
Jullia Roque,Mascarade: Origin Story,Elenco
Sumé Aguiar,Mascarade: Origin Story,Elenco
Fernanda Liberti,Mascarade: Origin Story,Elenco
Uriel Dames,Mascarade: Origin Story,Elenco
Thompson Oliveira,Mascarade: Origin Story,Elenco
Andrea Silvestre,Mascarade: Origin Story,Elenco
Telma Gomes,Mascarade: Origin Story,Elenco
Sueli Miranda,Mascarade: Origin Story,Elenco
Eliana Dias,Mascarade: Origin Story,Elenco
Claudia Leopoldo,Mascarade: Origin Story,Elenco
Maïlis Roy-Lessard,Mascarade: Origin Story,Director
Maïlis Roy-Lessard,Mascarade: Origin Story,Writer
Gayance,Mascarade: Origin Story,Writer
Carolan Grégoire,Mascarade: Origin Story,Producer
Henrique Cartaxo,Roberto Baggio,Director
Luis Arnías,Bisagras,Director
Ramoile Barreiros,Hellhound,Elenco
William Barbier,Hellhound,Elenco
Lincoln Barela,Hellhound,Director
Alberto de Oliveira,O Grande Espanto de Dorothy Boom,Director
Alberto Camarero,O Grande Espanto de Dorothy Boom,Director
Madu Olímpio,Água Viva,Elenco
Aurélio Gaspar,Água Viva,Elenco
Helena Figueiredo,Água Viva,Elenco
Arthur Gregório,Água Viva,Elenco
Gabriela Araujo,Água Viva,Director
Alysson M. Mussolin,Making Nico,Elenco
Ana Laura Negro,Making Nico,Elenco
Davi Meisu,Making Nico,Elenco
Francisco Ribeiro,Making Nico,Elenco
Gustavo Borges,Making Nico,Elenco
Ana Beatriz Pereira,Making Nico,Elenco
Arthur R. S.,Making Nico,Elenco
Lucas Marra,Making Nico,Elenco
Vinicius Sacchetto,Making Nico,Elenco
Ryan Távora,Making Nico,Elenco
Júlia Pedrosa,Making Nico,Elenco
Selene França,Making Nico,Elenco
Clara Morais,Making Nico,Elenco
Stephen Gomes,Making Nico,Elenco
Cristina Cambraia,Making Nico,Elenco
Yasmin Alcântara,Making Nico,Elenco
Bruna Toledo,Making Nico,Elenco
Olívia Lloyd,Making Nico,Elenco
Tainá Lima,Making Nico,Elenco
Gustavo Borges,Making Nico,Writer
Gustavo Borges,Making Nico,Director
Petter Baiestorf,A Cool Day with Os Legais,Elenco
Gurcius Gewdner,A Cool Day with Os Legais,Elenco
L. Borgia Rossetti,A Cool Day with Os Legais,Elenco
Amexa,A Cool Day with Os Legais,Elenco
Amauri Gewdner,A Cool Day with Os Legais,Elenco
Debbie B.,A Cool Day with Os Legais,Elenco
Fábio Turnis,A Cool Day with Os Legais,Elenco
Garganta Silva,A Cool Day with Os Legais,Elenco
Iuguru Magnor,A Cool Day with Os Legais,Elenco
Ruth Steyer,A Cool Day with Os Legais,Elenco
Thomas Costello,A Cool Day with Os Legais,Elenco
Ubiratan Evaristo,A Cool Day with Os Legais,Elenco
Zimmer,A Cool Day with Os Legais,Elenco
Petter Baiestorf,A Cool Day with Os Legais,Producer
Gurcius Gewdner,A Cool Day with Os Legais,Producer
Garganta Silva,A Cool Day with Os Legais,Producer
Petter Baiestorf,A Cool Day with Os Legais,Writer
L. Borgia Rossetti,A Cool Day with Os Legais,Producer
Petter Baiestorf,A Cool Day with Os Legais,Director
Luke G. Brandl,Mister Elephant,Elenco
Joseph Vitor,Mister Elephant,Elenco
Joseph Vitor,Mister Elephant,Director
Luke G. Brandl,Mister Elephant,Producer
Joseph Vitor,Mister Elephant,Writer
Luke G. Brandl,Mister Elephant,Writer
D.O.M,NE. GA. ÇÃO,Elenco
D.O.M,NE. GA. ÇÃO,Director
D.O.M,NE. GA. ÇÃO,Writer
Alan Falciani,Kafka e a Boneca Viajante,Elenco
Gabrielle Favile,Kafka e a Boneca Viajante,Elenco
Zéz,Kafka e a Boneca Viajante,Director
Daniel Felipe,Kafka e a Boneca Viajante,Producer
Zéz,Kafka e a Boneca Viajante,Writer
Carol Severian,"Deixa, João",Elenco
Gabriel Moura,"Deixa, João",Elenco
Rafael Talib,"Deixa, João",Producer
Rafael Talib,"Deixa, João",Director
Rafael G. Bonesi,"Deixa, João",Producer
Gustavo Paschoim,"You Laugh, You Die",Elenco
Lucas Gabriel,"You Laugh, You Die",Elenco
Vitor Aguilar,"You Laugh, You Die",Elenco
Lucas Gabriel,"You Laugh, You Die",Director
Gustavo Paschoim,"You Laugh, You Die",Writer
Vinicius Paes Dias,"Rio, de Janeiro a Janeiro",Elenco
Vinicius Paes Dias,"Rio, de Janeiro a Janeiro",Director
Richard Chan,Resgatando a qualidade,Elenco
Antonio Lino Junior,Resgatando a qualidade,Elenco
Lidiane Dalcin,Resgatando a qualidade,Elenco
Celso Scaranello,Resgatando a qualidade,Elenco
Neifer França,Resgatando a qualidade,Producer
Rafael Bellangero,Resgatando a qualidade,Director
José Bial,Oma,Director
Carla Damiani,Decalcomania,Elenco
Julia Borges,Decalcomania,Elenco
Bruno Fredes,Decalcomania,Elenco
Leonardo Ramos,Decalcomania,Elenco
Matheus Moreira,Decalcomania,Elenco
Carolina Lambre,Decalcomania,Elenco
Julia Menezes,Decalcomania,Elenco
Bruno Fredes,Decalcomania,Director
Julia Borges,Decalcomania,Writer
Bruno Fredes,Decalcomania,Writer
Angie Abreu,Decalcomania,Writer
Julia Borges,Decalcomania,Producer
Bruno Fredes,Decalcomania,Producer
Angie Abreu,Decalcomania,Producer
Leonardo Ramos,Decalcomania,Producer
Matheus Moreira,Decalcomania,Producer
Ingrid Dupont,Man Hungry: Fome De Homem,Elenco
Eduardo Hoy,Man Hungry: Fome De Homem,Elenco
Victoria Carnelli,Man Hungry: Fome De Homem,Elenco
Leonardo La Falce,Man Hungry: Fome De Homem,Director
Leonardo La Falce,Man Hungry: Fome De Homem,Writer
Leonardo La Falce,Man Hungry: Fome De Homem,Producer
Daniel Gonçalves,Como Seria?,Elenco
Daniel Gonçalves,Como Seria?,Director
Daniel Gonçalves,Como Seria?,Writer
PH Silva,U.S.E,Elenco
PH Silva,U.S.E,Director
Joao Schmidt,O Sol Vai Voltar Amanhã,Elenco
Guilherme Bandeira,O Sol Vai Voltar Amanhã,Elenco
Bento Pitol,O Sol Vai Voltar Amanhã,Elenco
Millena Maia,O Sol Vai Voltar Amanhã,Elenco
Alexandre Machado,O Sol Vai Voltar Amanhã,Elenco
Alissandra Bandeira,O Sol Vai Voltar Amanhã,Elenco
Guilherme Bandeira,O Sol Vai Voltar Amanhã,Director
Thiago Chrysó,O Sol Vai Voltar Amanhã,Producer
Guilherme Bandeira,O Sol Vai Voltar Amanhã,Writer
Thaís Lilith,Translúmia,Elenco
Alexia Pimentel,Translúmia,Elenco
Pedro Barbosa,Translúmia,Elenco
Bárbara Lebarbenchon,Translúmia,Elenco
Ana Plá,Translúmia,Producer
Bruno Cesar,Translúmia,Director
Petter Baiestorf,De Corpore Saturni,Writer
Petter Baiestorf,De Corpore Saturni,Producer
Petter Baiestorf,De Corpore Saturni,Director
Luan Schmitz,Calçada,Elenco
Giulia Chiara,Calçada,Elenco
Luan Schmitz,Calçada,Writer
Luan Schmitz,Calçada,Director
Giovanna Antonelli,Apaixonada,Elenco
Danton Mello,Apaixonada,Elenco
Polly Marinho,Apaixonada,Elenco
Pedro Henrique Monteiro,Apaixonada,Elenco
Rodrigo Simas,Apaixonada,Elenco
Nicolás Pauls,Apaixonada,Elenco
Rayssa Bratillieri,Apaixonada,Elenco
Natalia Dal Molin,Apaixonada,Elenco
Giuliano Laffayette,Apaixonada,Elenco
Bruno de Mello,Apaixonada,Elenco
Danilo Sacramento,Apaixonada,Elenco
Jonas Bloch,Apaixonada,Elenco
Claudia Ohana,Apaixonada,Elenco
Samanta Quadrado,Apaixonada,Elenco
Lidiane Almeida,Apaixonada,Elenco
Cátia Damasceno,Apaixonada,Elenco
Gabriel Bulcão,Apaixonada,Elenco
Hugo Grativol,Apaixonada,Elenco
Kakau Berredo,Apaixonada,Elenco
Gloria Dinniz,Apaixonada,Elenco
Martin Lima,Apaixonada,Elenco
Romina Barcos,Apaixonada,Elenco
Vitico Percussa,Apaixonada,Elenco
Patrícia Chamon,Apaixonada,Producer
Natalia Warth,Apaixonada,Director
Antonio Fragoso,The Beachnickers 2,Elenco
Danielle Winits,The Beachnickers 2,Elenco
Maurício Manfrini,The Beachnickers 2,Elenco
Cacau Protásio,The Beachnickers 2,Elenco
Charles Paraventi,The Beachnickers 2,Elenco
Elisa Pinheiro,The Beachnickers 2,Elenco
Nilton Bicudo,The Beachnickers 2,Elenco
Aline Campos,The Beachnickers 2,Elenco
Guilherme Tavares,The Beachnickers 2,Elenco
Alice Camargo,The Beachnickers 2,Elenco
Bella Roberth,The Beachnickers 2,Elenco
Alice Palmar,The Beachnickers 2,Elenco
Gustavo Costa,The Beachnickers 2,Elenco
Sulivã Bispo,The Beachnickers 2,Elenco
Marcos Pitombo,The Beachnickers 2,Elenco
Mariana Moura,The Beachnickers 2,Elenco
Alice Borges,The Beachnickers 2,Elenco
Pedro Farah,The Beachnickers 2,Elenco
Aldo Perrota,The Beachnickers 2,Elenco
Ana Cecília Banal,The Beachnickers 2,Elenco
Arilson Lucas,The Beachnickers 2,Elenco
Cilene Guedes,The Beachnickers 2,Elenco
Evaldo Macarrão,The Beachnickers 2,Elenco
Ismael Gotthardi,The Beachnickers 2,Elenco
Paulo Machado,The Beachnickers 2,Elenco
Stella Maria Rodrigues,The Beachnickers 2,Elenco
Valéria Arias,The Beachnickers 2,Elenco
Vinicius Nascimento,The Beachnickers 2,Elenco
Paulo Cursino,The Beachnickers 2,Writer
André Carreira,The Beachnickers 2,Producer
Roberto Santucci,The Beachnickers 2,Director
Maria José dos Santos Soares,Maria Parteira,Elenco
José Ribamar Fernandes Soares,Maria Parteira,Elenco
Audo Luís Dias,Maria Parteira,Elenco
Mariana Silva Furtado,Maria Parteira,Elenco
Herberth Carvalho. Luana Pontes,Maria Parteira,Elenco
Yasmin Carvalho,Maria Parteira,Elenco
Hevellen Yasmin Valles,Maria Parteira,Elenco
Lorrany da Silva,Maria Parteira,Elenco
Márcia Maria de Souza,Maria Parteira,Elenco
Herbyane Paixão,Maria Parteira,Elenco
Gleydson Caio Paixão,Maria Parteira,Elenco
Laura Sophia Paixão,Maria Parteira,Elenco
Marla Silveira,Maria Parteira,Director
Milene Rose,Pale Red Dot,Elenco
Lucas Koury,Pale Red Dot,Elenco
Stephanie Nascimento,Pale Red Dot,Elenco
Yasmin Ramos,Pale Red Dot,Elenco
Luiz Gustavo,Pale Red Dot,Elenco
João Davi,Pale Red Dot,Elenco
Kalel Pessôa,Pale Red Dot,Director
Lucas Chefe,Pale Red Dot,Director
Arthur Oliveira,Pale Red Dot,Director
Zezé Motta,Tributo: Zezé Motta,Elenco
Taís Araújo,Tributo: Zezé Motta,Elenco
Lalo Homrich,Tributo: Zezé Motta,Writer
Isadora Wilkinson,Tributo: Zezé Motta,Writer
Matheus Malafaia,Tributo: Zezé Motta,Director
Laura Cardoso,Tributo: Laura Cardoso,Elenco
Dira Paes,Tributo: Laura Cardoso,Elenco
Matheus Malafaia,Tributo: Laura Cardoso,Director
Lalo Homrich,Tributo: Laura Cardoso,Writer
Isadora Wilkinson,Tributo: Laura Cardoso,Writer
Jady Motta,Interlude,Elenco
Daniel Felipe,Interlude,Elenco
João Pedro Félix,Interlude,Writer
Julianne Borges,Interlude,Writer
Gabriela Teodoro,Interlude,Producer
Julianne Borges,Interlude,Director
Eduarda Soares,"Com carinho, Raquel",Elenco
Felipe Santelli,"Com carinho, Raquel",Elenco
Beatriz Chaves,"Com carinho, Raquel",Director
Erick Thyerri,"Com carinho, Raquel",Director
Beatriz Chaves,"Com carinho, Raquel",Producer
Erick Thyerri,"Com carinho, Raquel",Producer
Juliana de Carvalho,Línguas da Floresta,Director
Renato IMPERA,Inimigos da Nação: A Queda do Império do Brasil,Elenco
Luiz Carlos Persy,Inimigos da Nação: A Queda do Império do Brasil,Elenco
Miriam Ficher,Inimigos da Nação: A Queda do Império do Brasil,Elenco
Garcia Júnior,Inimigos da Nação: A Queda do Império do Brasil,Elenco
Renato IMPERA,Inimigos da Nação: A Queda do Império do Brasil,Director
Tsukassa Chayamiti,Onde as Ondas Quebram,Elenco
Inara Chayamiti,Onde as Ondas Quebram,Elenco
Kiyoshi Chayamiti,Onde as Ondas Quebram,Elenco
Machiko Takenaka Chayamiti,Onde as Ondas Quebram,Elenco
Inara Chayamiti,Onde as Ondas Quebram,Director
Lorena Bondarovsky,Onde as Ondas Quebram,Producer
Inara Chayamiti,Onde as Ondas Quebram,Producer
Gio Lisboa,Gio Lisboa em: Fora da Casinha,Elenco
Pedro H. Vieira,Madrugada amaldiçoada,Elenco
Jucy Vieira,Madrugada amaldiçoada,Elenco
Pedro H. Vieira,Madrugada amaldiçoada,Director
Pedro H. Vieira,Madrugada amaldiçoada,Producer
Ísis Dionísio,Só no Sertão,Elenco
Falcão,Só no Sertão,Elenco
Luís Costa,Só no Sertão,Elenco
Juliana Maia,Só no Sertão,Elenco
Karla da Fonseca Rodrigues,Só no Sertão,Elenco
Fabíola Líper,Só no Sertão,Elenco
Matheus Franklin,Só no Sertão,Elenco
Felipe de Paula,Só no Sertão,Elenco
Benjamin Rosa,Só no Sertão,Elenco
Marta Aurélia,Só no Sertão,Elenco
Jaene Mariá,Só no Sertão,Elenco
Kátia Camilia,Só no Sertão,Elenco
Milza Gama,Só no Sertão,Elenco
Moises Loureiro,Só no Sertão,Elenco
Alexandre Klemperer,Só no Sertão,Director
Iara Ribeiro,Só no Sertão,Producer
Lucas Rodrigues,Só no Sertão,Producer
Mabi Sousa,Só no Sertão,Producer
Andréia Pires,Só no Sertão,Producer
Paulo Wom,Só no Sertão,Producer
Raquel Alvarenga,banana quadrada,Elenco
Bárbaro Xavier,banana quadrada,Elenco
Bianca Giannoni,banana quadrada,Elenco
Alexandre Marinho,banana quadrada,Elenco
Arthur Moraes,banana quadrada,Elenco
Juliana Deus,banana quadrada,Elenco
Helena Pinheiro,banana quadrada,Elenco
Miguel Oliver,banana quadrada,Elenco
Estácio Cerqueira,banana quadrada,Director
Beatriz Pacheco,banana quadrada,Producer
Isabela Savassi,banana quadrada,Producer
Estácio Cerqueira,banana quadrada,Writer
Leo Chedid,banana quadrada,Writer
Bruna Pazinato,Lia: O Filme,Elenco
Graziella Schmitt,Lia: O Filme,Elenco
Suzana Alves,Lia: O Filme,Elenco
Theo Becker,Lia: O Filme,Elenco
Paula Jubé,Lia: O Filme,Elenco
Bruno Malucelli,Lia: O Filme,Elenco
Rose Abdallah,Lia: O Filme,Elenco
Paula Richard,Lia: O Filme,Writer
Bryan Felipe,Baleia Azul - Os desafios,Elenco
Adriana Omega,Baleia Azul - Os desafios,Elenco
Cauã Henrique,Baleia Azul - Os desafios,Director
Bryan Felipe,Baleia Azul - Os desafios,Director
Bárbaro Xavier,Hashtag,Elenco
Bárbaro Xavier,Hashtag,Writer
Kell Allen,Hashtag,Director
Luiz Cardoso,A New Balance,Elenco
Giullia Alice Lima,A New Balance,Elenco
Pedro Torquilho,A New Balance,Elenco
Manu Macedo,A New Balance,Elenco
Matheus Aragão,A New Balance,Elenco
Bernardo Camara,A New Balance,Director
Giovanna Castro,A New Balance,Producer
Kevin Horikoshi,Wrong Way,Elenco
Kevin Horikoshi,Wrong Way,Director
Kevin Horikoshi,Wrong Way,Writer
Kevin Horikoshi,Wrong Way,Producer
Dona Nicinha,Bati da Vila,Elenco
Joka Lima,Bati da Vila,Elenco
Mestre Pedro Correia,Bati da Vila,Elenco
Mestre Pedro de Lima,Bati da Vila,Elenco
Raquel Cardozo,Bati da Vila,Director
Raquel Cardozo,Bati da Vila,Writer
Ricelly Sousa,Bati da Vila,Producer
Rafael Bagnara,Exílio,Elenco
Rafael Bagnara,Exílio,Director
Petter Baiestorf,Lambidas Anais de Satã,Director
Petter Baiestorf,Lambidas Anais de Satã,Producer
Petter Baiestorf,Lambidas Anais de Satã,Writer
julia burle camara,quando você vem?,Director
Alice Leal,The Separation,Director
Sissel Dargis Morell,Balomania,Director
Valentino Manolo,Ruído da Pele,Elenco
Fernanda Chicolet,Ruído da Pele,Elenco
Fernanda Fonseca,Ruído da Pele,Elenco
Antonio Haddad,Ruído da Pele,Elenco
Gustavo Milan,Ruído da Pele,Director
Gustavo Milan,Ruído da Pele,Producer
Gustavo Morozini,Ruído da Pele,Producer
Manoel Carlos,Tributo: Manoel Carlos,Elenco
Matheus Malafaia,Tributo: Manoel Carlos,Director
Isadora Wilkinson,Tributo: Manoel Carlos,Writer
Lalo Homrich,Tributo: Manoel Carlos,Writer
Milena Batalha,Experimento Xila,Director
Vinícius Menezes,No Meio de Campo,Director
Vinícius Menezes,No Meio de Campo,Producer
Lucí Dantas,No Meio de Campo,Producer
Tuanne Gularte,ela cerra os olhos,Elenco
Amanda Ribeiro,ela cerra os olhos,Elenco
Michel Sakai,ela cerra os olhos,Director
Michel Sakai,ela cerra os olhos,Producer
Anthony Carvalho,ela cerra os olhos,Writer
Anthony Carvalho,ela cerra os olhos,Director
Anthony Carvalho,Fiz Amizade com um Fantasma,Elenco
Michel Sakai,Fiz Amizade com um Fantasma,Elenco
Tuanne Gularte,Fiz Amizade com um Fantasma,Elenco
Frederico Bosenbecker,Fiz Amizade com um Fantasma,Elenco
Andriw Burkert,Fiz Amizade com um Fantasma,Director
Andriw Burkert,Fiz Amizade com um Fantasma,Writer
Tuanne Gularte,Fiz Amizade com um Fantasma,Producer
Junio Pereira,Shoshana,Director
Petter Baiestorf,Rainbow,Director
Petter Baiestorf,Rainbow,Writer
Petter Baiestorf,Rainbow,Producer
Adaílson da Conceição,Kiriri 11/11,Elenco
Célio Kiriri,Kiriri 11/11,Elenco
Fabiana Kiriri,Kiriri 11/11,Elenco
Hênio Krychaòbó,Kiriri 11/11,Elenco
Janelson Reis,Kiriri 11/11,Elenco
Kroathym Kiriri,Kiriri 11/11,Elenco
Marlene Santhiago,Kiriri 11/11,Elenco
Myreyê Tüqüyñawy,Kiriri 11/11,Elenco
Thays Santhiago,Kiriri 11/11,Elenco
Washington Kraobó,Kiriri 11/11,Elenco
Kian Shaikhzadeh,Kiriri 11/11,Director
Kian Shaikhzadeh,Kiriri 11/11,Writer
Aicha Marques,A Matriarca,Elenco
Analu Tavares,A Matriarca,Elenco
Barbara Borgga,A Matriarca,Elenco
Caco Monteiro,A Matriarca,Elenco
Evelin Buchegger,A Matriarca,Elenco
Gil Teixeira,A Matriarca,Elenco
Hilton Cobra,A Matriarca,Elenco
Jackson Costa,A Matriarca,Elenco
Luciana Souza,A Matriarca,Elenco
Vinícius de Oliveira,A Matriarca,Elenco
Jonas Laborda,A Matriarca,Elenco
Lucile Petrement,A Matriarca,Elenco
Mariella Santiago,A Matriarca,Elenco
Flavia Fonseca,A Matriarca,Elenco
Loiá Fernandes,A Matriarca,Elenco
Sonia Leite,A Matriarca,Elenco
Magnólia Braga,A Matriarca,Elenco
Éder Boorbom,A Matriarca,Elenco
Rodrigo Lelis,A Matriarca,Elenco
Alba Cristina,A Matriarca,Elenco
Eva Lima,A Matriarca,Elenco
Fátima Mendonça,A Matriarca,Elenco
Inês Figueiró,A Matriarca,Writer
Lula Oliveira,A Matriarca,Director
Lula Oliveira,A Matriarca,Writer
Marcos Carvalho,A Matriarca,Producer
Fábio Rocha,A Matriarca,Writer
Ana Luiza Penna,A Matriarca,Writer
João Rodrigo Mattos,A Matriarca,Writer
Kico Póvoas,A Matriarca,Producer
João Rodrigo Mattos,A Matriarca,Producer
Adler Paz,A Matriarca,Producer
Lula Oliveira,A Matriarca,Producer
Petter Baiestorf,Relax,Director
Petter Baiestorf,Relax,Writer
Petter Baiestorf,Relax,Producer
Petter Baiestorf,55 Cancri,Director
Petter Baiestorf,55 Cancri,Writer
Petter Baiestorf,55 Cancri,Producer
Petter Baiestorf,Embrulho,Director
Petter Baiestorf,Embrulho,Writer
Petter Baiestorf,Embrulho,Producer
Petter Baiestorf,Strobos,Producer
Petter Baiestorf,Strobos,Director
Petter Baiestorf,Strobos,Writer
Marcelo Praddo,Solange não veio hoje,Elenco
Mariana Passos,Solange não veio hoje,Elenco
Marcos Lopes,Solange não veio hoje,Elenco
Klaus Hastenreiter,Solange não veio hoje,Director
Hilda Lopes Pontes,Solange não veio hoje,Director
Murilo Gricolo,Adam,Elenco
Amarildo Martins,Adam,Producer
Guto Pasko,Adam,Producer
Andréia Kaláboa,Adam,Producer
Ana Catarina Lugarini,Adam,Director
Guilherme Chikazawa,Insônia,Elenco
Guilherme Chikazawa,Insônia,Director
Guilherme Chikazawa,Insônia,Writer
Petter Baiestorf,Tropical Cosmos,Director
Petter Baiestorf,Tropical Cosmos,Writer
Petter Baiestorf,Tropical Cosmos,Producer
Vitória Vasconcellos,Náufrago,Elenco
Estela Leimig,Náufrago,Elenco
Gus Arruda Lins,Náufrago,Elenco
Vitória Vasconcellos,Náufrago,Writer
Vitória Vasconcellos,Náufrago,Director
Leonardo Delgado,Náufrago,Producer
Vitória Vasconcellos,Náufrago,Producer
Ricardo Boa Sorte,Benção,Elenco
Vanja Freitas,Benção,Elenco
Mamirawá,Benção,Elenco
San Marley,Benção,Elenco
Samuca,Benção,Elenco
Tatu,Benção,Elenco
Mamirawá,Benção,Director
Mamirawá,Benção,Writer
Tainã Pacheco,Benção,Director
Tainã Pacheco,Benção,Writer
Mamirawá,Benção,Producer
Ricardo Boa Sorte,Benção,Producer
Tainã Pacheco,Benção,Producer
Lara Beck,The Time of Things,Director
Saulo Moreira,The Time of Things,Producer
Sam Smith,Sam Smith: Lollapalooza Argentina,Elenco
Aritana Fulni-ô,Sagrado Compor,Elenco
"Mãe Meire, Ali Salami",Sagrado Compor,Elenco
Rouzbeh Motia,Sagrado Compor,Elenco
Tainara Takua,Sagrado Compor,Elenco
Anuiá Amarü,Sagrado Compor,Elenco
Mestra Penha,Sagrado Compor,Elenco
Rosildo do Rosário,Sagrado Compor,Elenco
Bartira Menezes,Sagrado Compor,Elenco
Dindinha Menezes,Sagrado Compor,Elenco
Graça Menezes,Sagrado Compor,Elenco
Henrique Menezes,Sagrado Compor,Elenco
Zezé Menezes,Sagrado Compor,Elenco
Henrique Dantas,Sagrado Compor,Writer
Henrique Dantas,Sagrado Compor,Director
Marcelo Abreu Góis,Sagrado Compor,Writer
Marcelo Abreu Góis,Sagrado Compor,Director
Gláucia Rodrigues,Sagrado Compor,Producer
Rafael Bagnara,Tudo é tarde,Elenco
Rafael Bagnara,Tudo é tarde,Director
Rafael Bagnara,Tudo é tarde,Writer
José Eduardo,Memórias do Subúrbio: O que é o Acervo da Laje,Elenco
Vilma Santos,Memórias do Subúrbio: O que é o Acervo da Laje,Elenco
Tainã Pacheco,Memórias do Subúrbio: O que é o Acervo da Laje,Director
Yan Azevedo,Memórias do Subúrbio: O que é o Acervo da Laje,Director
Cecília Veras,Memórias do Subúrbio: O que é o Acervo da Laje,Director
Diana Miranda,Memórias do Subúrbio: O que é o Acervo da Laje,Director
Cecília Veras,Memórias do Subúrbio: O que é o Acervo da Laje,Producer
Diana Miranda,Memórias do Subúrbio: O que é o Acervo da Laje,Producer
Tainã Pacheco,Memórias do Subúrbio: O que é o Acervo da Laje,Producer
Yan Azevedo,Memórias do Subúrbio: O que é o Acervo da Laje,Producer
Enzo Buzzatti,Mecha Meraki,Elenco
Larissa Penna,Mecha Meraki,Elenco
Gui Saglietti,Mecha Meraki,Elenco
Gui Saglietti,Mecha Meraki,Elenco
Fefe Urresti,Mecha Meraki,Elenco
Babi Astolfi,Mecha Meraki,Director
Babi Astolfi,Mecha Meraki,Producer
Babi Astolfi,Mecha Meraki,Writer
Alexandre Borba Chiqueta,A Tribo,Elenco
Jean Michel D'Oliveira,A Tribo,Elenco
Gabriel Toledo,A Tribo,Elenco
Victor Taube,A Tribo,Elenco
Alessandro Marcucci,A Tribo,Elenco
Lucas Vazquez,A Tribo,Elenco
Leticia Pereira,A Tribo,Elenco
Fillipe Moreno,A Tribo,Elenco
Oleksandr Kostyliev,A Tribo,Elenco
Samuel Rose,A Tribo,Director
Elton Reale,A Tribo,Writer
Marilena Brunoro Borges,Coração,Elenco
Carol de Medeiros,Coração,Director
Laís Machado,56 Days,Elenco
Daniele Souza,56 Days,Elenco
Beatriz Pinho,56 Days,Elenco
Elen Rodrigues,56 Days,Elenco
Elisa Maria Souto,56 Days,Elenco
Lais Cristina,56 Days,Elenco
Luana Reis,56 Days,Elenco
Maiara Nascimento,56 Days,Elenco
Meniky Marla,56 Days,Elenco
Negro Du,56 Days,Elenco
Silara Aguiar,56 Days,Elenco
Spike Luu,56 Days,Elenco
Stéfane Souto,56 Days,Elenco
Tais Grecco,56 Days,Elenco
Thales Henrique Albieri,56 Days,Elenco
Vitória Maria Matos,56 Days,Elenco
Lara Carvalho,56 Days,Director
Letícia Hania,Família - uma pílula documental,Elenco
Enzo Paulo,Família - uma pílula documental,Director
Enzo Paulo,Família - uma pílula documental,Writer
Guilherme Natalizio,Sundown,Elenco
Jonathan Natalizio,Sundown,Director
Jonathan Natalizio,Sundown,Writer
Manuel Domingos Neto,"Castello, The Dictator",Elenco
Lira Neto,"Castello, The Dictator",Elenco
Bárbara Goulart,"Castello, The Dictator",Elenco
Breno Moroni,"Castello, The Dictator",Elenco
Eliana de Castro,"Castello, The Dictator",Elenco
Stella Maris,"Castello, The Dictator",Elenco
Chico Aragão,"Castello, The Dictator",Elenco
Marta Lima,"Castello, The Dictator",Elenco
Lucia de Alencar,"Castello, The Dictator",Elenco
Mariana Lopes,"Castello, The Dictator",Producer
Luana Sampaio,"Castello, The Dictator",Director
Luana Sampaio,"Castello, The Dictator",Writer
Demitri Tulio,"Castello, The Dictator",Director
House of Aláfia,This Is Ballroom,Elenco
House of Blyndex,This Is Ballroom,Elenco
House of Bushido,This Is Ballroom,Elenco
House of Cabal,This Is Ballroom,Elenco
House of Cazul,This Is Ballroom,Elenco
Casa de Dandara,This Is Ballroom,Elenco
Casa dy Fokatruá,This Is Ballroom,Elenco
House of Império,This Is Ballroom,Elenco
Casa de Lafond,This Is Ballroom,Elenco
House of Mamba Negra,This Is Ballroom,Elenco
House of Raabe,This Is Ballroom,Elenco
Vitã,This Is Ballroom,Director
Juru,This Is Ballroom,Director
Rilda Lima,O Primeiro Beijo,Elenco
Lorenlai França,O Primeiro Beijo,Elenco
Sandra Regina Oliveira,O Primeiro Beijo,Elenco
Camila Oliveira dos Santos,O Primeiro Beijo,Elenco
Vânia Gonzaga da Silva,O Primeiro Beijo,Elenco
Elza Soares,O Primeiro Beijo,Elenco
Urânia Munzanzu,O Primeiro Beijo,Director
Susan Kalik,O Primeiro Beijo,Producer
Urânia Munzanzu,O Primeiro Beijo,Producer
George Neri,Sysyphus,Director
Petter Baiestorf,Possessão Pulsante,Elenco
Petter Baiestorf,Possessão Pulsante,Writer
Petter Baiestorf,Possessão Pulsante,Director
Petter Baiestorf,Possessão Pulsante,Producer
AMANDA ROCCO,Ruído Azul,Elenco
Julia Maurano,Ruído Azul,Director
Julia Maurano,Ruído Azul,Writer
Luis Miguel Marquina,Ruído Azul,Producer
Pedro Lopes,Ruído Azul,Producer
Isabella Martinho,Pacific,Elenco
Gabriel D. Arja,Pacific,Elenco
Ana Beatriz Michele,Pacific,Elenco
Gabriel D. Arja,Pacific,Director
Gabriel D. Arja,Pacific,Writer
Luan Nazareno,Love Me As You Should,Elenco
Valdson Borges,Love Me As You Should,Elenco
Angela Gomes,Love Me As You Should,Elenco
Elizandra Ferreira,Love Me As You Should,Elenco
Cassio Vitorio,Love Me As You Should,Elenco
Lucas Blanco,Love Me As You Should,Director
Ícaro Santos,Love Me As You Should,Producer
Lucas Blanco,Love Me As You Should,Writer
Bia,O Amuleto,Elenco
Gui Moreira,O Amuleto,Director
Petrilson Pinheiro,O IEL deve cancelar Monteiro Lobato?,Elenco
Alfredo,O IEL deve cancelar Monteiro Lobato?,Elenco
Marcos L.,O IEL deve cancelar Monteiro Lobato?,Elenco
Audiovisual do IEL,O IEL deve cancelar Monteiro Lobato?,Director
Marcelo Abreu Góis,Sede de Rio,Director
Giovana Rossi,Sangria,Director
Esther Goldfarb,Sangria,Director
Noah Cermelli,Sangria,Director
Clara de Brito,Sangria,Director
Alice Sanna,Sangria,Director
Ana Laura Tonial,Sangria,Director
Davi Trindade Barra,Íris,Elenco
Levi Trindade Barra,Íris,Elenco
Lucas Trindade Barra,Íris,Elenco
Carlos,Íris,Elenco
Levi Trindade Barra,Íris,Director
Levi Trindade Barra,Íris,Writer
Henrique de Paula,Every romance ends like this,Elenco
Alex Reis,Every romance ends like this,Elenco
Renato Mascarenhas,Every romance ends like this,Elenco
Marina Honda,Every romance ends like this,Elenco
Hellen Vasconcelos,Every romance ends like this,Elenco
Marco Aurélio Gal,Every romance ends like this,Elenco
Marco Aurélio Gal,Every romance ends like this,Director
Marco Aurélio Gal,Every romance ends like this,Producer
Marco Aurélio Gal,Every romance ends like this,Writer
Katharina Grisotti,Mar Brasileiro,Elenco
Luciano Oreggia,Mar Brasileiro,Director
Vitor Cardoso,Mar Brasileiro,Writer
Diva Fernandes,Marcas do Chumbo: O Caso do Menino David,Elenco
Leandro Ferrari,Marcas do Chumbo: O Caso do Menino David,Director
Petter Baiestorf,O Beijo,Elenco
Petter Baiestorf,O Beijo,Producer
Petter Baiestorf,O Beijo,Writer
Petter Baiestorf,O Beijo,Director
Petter Baiestorf,The Moon 1969,Director
Petter Baiestorf,The Moon 1969,Producer
Petter Baiestorf,The Moon 1969,Writer
Ainá Xisto,Metamorphosis’ Chantings Or That Time When I Incarnated As Porpoise,Director
Hiram Rodrigues,Claustrofilia,Elenco
JP Vieira,Claustrofilia,Elenco
Dowglas Mota,Claustrofilia,Elenco
Piêtro Fregulia,Claustrofilia,Director
Thomaz Toffanetto,Claustrofilia,Producer
Piêtro Fregulia,Claustrofilia,Writer
Mark Hoppus,Blink-182 - Lollapalooza 2024,Elenco
Tom DeLonge,Blink-182 - Lollapalooza 2024,Elenco
Travis Barker,Blink-182 - Lollapalooza 2024,Elenco
Edmilson Elias Nunes,Paixão de Cristo - 55 Anos,Elenco
Eriberto Leão,Paixão de Cristo - 55 Anos,Elenco
Eunice Santos,Paixão de Cristo - 55 Anos,Elenco
Giderson Tenório Silva,Paixão de Cristo - 55 Anos,Elenco
José Marcelo Vieira,Paixão de Cristo - 55 Anos,Elenco
José Roberto de Andrade (Zé Tintin),Paixão de Cristo - 55 Anos,Elenco
Lúcio Lombardi,Paixão de Cristo - 55 Anos,Elenco
Marcos Daniel Ramos Mota,Paixão de Cristo - 55 Anos,Elenco
Maria José de Lemos,Paixão de Cristo - 55 Anos,Elenco
Marina Gulde Pacheco,Paixão de Cristo - 55 Anos,Elenco
Mário José da Silva (Chico),Paixão de Cristo - 55 Anos,Elenco
Jose Nilson Martin Dos Santos,Paixão de Cristo - 55 Anos,Elenco
Paloma Bernardi,Paixão de Cristo - 55 Anos,Elenco
Ricardo Mourão,Paixão de Cristo - 55 Anos,Elenco
Robison Kennedy Mendonça Pacheco,Paixão de Cristo - 55 Anos,Elenco
Robinson Gulde Pacheco,Paixão de Cristo - 55 Anos,Elenco
Silviano Luis da Silva,Paixão de Cristo - 55 Anos,Elenco
Tânia Maria Gulde,Paixão de Cristo - 55 Anos,Elenco
Valdeci José da Silva,Paixão de Cristo - 55 Anos,Elenco
Washington Machado,Paixão de Cristo - 55 Anos,Elenco
Westinghouse Lucena,Paixão de Cristo - 55 Anos,Elenco
Zé Barbosa,Paixão de Cristo - 55 Anos,Elenco
Amanda Vieira,Paixão de Cristo - 55 Anos,Writer
Márcio Moura,Paixão de Cristo - 55 Anos,Director
Jaqueline Brandão,Paixão de Cristo - 55 Anos,Producer
Juliana Von Schmalz,Paixão de Cristo - 55 Anos,Producer
Lucas Toledo,The Baptism,Elenco
João Marcelo Gomes,The Baptism,Director
Gabriel Manita,Descascar Caranguejo,Elenco
Julie Duarte,Descascar Caranguejo,Elenco
Vítor diCastro,Descascar Caranguejo,Elenco
Juliana Medella,Descascar Caranguejo,Elenco
Gabriel Manita,Descascar Caranguejo,Producer
Julie Duarte,Descascar Caranguejo,Director
Natasha Jascalevich,Descascar Caranguejo,Director
Maria Laura Cravo,Descascar Caranguejo,Producer
Gabriel Manita,Descascar Caranguejo,Director
Julie Duarte,Descascar Caranguejo,Producer
Vitória Stifft,Vejo Ela em Toda Parte,Elenco
Lena Scalco,Vejo Ela em Toda Parte,Elenco
Larissa Lima,Vejo Ela em Toda Parte,Elenco
Pollyana Castro,Vejo Ela em Toda Parte,Director
Manuela Valgoi,Vejo Ela em Toda Parte,Writer
Lena Scalco,Vejo Ela em Toda Parte,Writer
Fred Durst,Limp Bizkit - Lollapalooza 2024,Elenco
Julia Vidal,Quarto Vazio,Writer
Fran Camilo,Quarto Vazio,Producer
Lígia Teixeira,Quarto Vazio,Writer
Julia Vidal,Quarto Vazio,Director
Xamã,Xamã: Lollapalooza Brasil,Elenco
Hozier,Hozier - Live at Lollapalooza Brazil 2024,Elenco
Hozier,Hozier - Live at Lollapalooza Brazil 2024,Director
Hozier,Hozier - Live at Lollapalooza Brazil 2024,Writer
Júlio Matos,Mute Utopia,Director
Laura Cristina,Bash das Peladinhas,Elenco
Nathália Uncini,Bash das Peladinhas,Elenco
Julia Beatriz,Bash das Peladinhas,Elenco
Mariane Martins,Bash das Peladinhas,Elenco
Luciana Marchi,Bash das Peladinhas,Elenco
Mariane Francesquetto,Bash das Peladinhas,Director
Samuel D'Almeida,A Chegada Do Ônibus Na Madrugada Da Cidade Do Céu Roxo,Director
Sam Smith,Sam Smith: Lollapalooza Brasil,Elenco
Fernando Alves Pinto,"Sebastião Leme, o Fotógrafo Inventor",Elenco
Cibele Ferreira,"Sebastião Leme, o Fotógrafo Inventor",Elenco
Rodrigo Grota,"Sebastião Leme, o Fotógrafo Inventor",Director
Rodrigo Grota,"Sebastião Leme, o Fotógrafo Inventor",Writer
Ainá Xisto,Metamorphosis' Chantings or That Time When I Incarnated as Porpoise,Elenco
Evani Moreira Maia,Metamorphosis' Chantings or That Time When I Incarnated as Porpoise,Elenco
Hinho Moreno,Metamorphosis' Chantings or That Time When I Incarnated as Porpoise,Elenco
Pajé Natto Tupinambá,Metamorphosis' Chantings or That Time When I Incarnated as Porpoise,Elenco
Ainá Xisto,Metamorphosis' Chantings or That Time When I Incarnated as Porpoise,Director
Ainá Xisto,Metamorphosis' Chantings or That Time When I Incarnated as Porpoise,Writer
Ainá Xisto,Metamorphosis' Chantings or That Time When I Incarnated as Porpoise,Producer
Brás Antunes,Metamorphosis' Chantings or That Time When I Incarnated as Porpoise,Producer
Caio Guerra,The Defenders of Tipota,Director
Norberto Antônio dos Santos,Recorrente,Elenco
Adimar da Silva Reis,Recorrente,Elenco
Maria dos Santos,Recorrente,Elenco
Felipe Fuentes,Recorrente,Director
Henrique Azevedo,Recorrente,Director
Vinicius Sacchetto,Recorrente,Director
Duts Tuts,Recorrente,Writer
Miller Martins,Recorrente,Director
Henrique Azevedo,Recorrente,Writer
Vinicius Sacchetto,Recorrente,Writer
Miller Martins,Recorrente,Writer
Felipe Fuentes,Recorrente,Writer
Duts Tuts,Recorrente,Director
José Lucas Bello,Ervas Daninhas,Elenco
Julia Cortez,Ervas Daninhas,Elenco
Eloisa Oliveira,Ervas Daninhas,Elenco
Mateus Bruza,Ervas Daninhas,Elenco
Samuel Guterman,Ervas Daninhas,Director
Mauricio Abbade,Ervas Daninhas,Producer
Samuel Guterman,Ervas Daninhas,Writer
Lucas Zaquini,Dream Inn: The Faceless Man,Elenco
Marcella Madureira,Dream Inn: The Faceless Man,Elenco
Cláudio Márcio,Dream Inn: The Faceless Man,Elenco
Divah Silva,Dream Inn: The Faceless Man,Elenco
Emanuelle Ferreira,Dream Inn: The Faceless Man,Elenco
Luma Calegari,Dream Inn: The Faceless Man,Elenco
Enzo Xavier,Dream Inn: The Faceless Man,Elenco
Carina Lima,Dream Inn: The Faceless Man,Elenco
Caio Scovino,Dream Inn: The Faceless Man,Elenco
Camila Belisário Barbosa,Dream Inn: The Faceless Man,Producer
Gustavo Aguiar,Dream Inn: The Faceless Man,Director
Gustavo Aguiar,Dream Inn: The Faceless Man,Writer
Emanuelle Ferreira,Dream Inn: The Faceless Man,Producer
Nicole Puzzi,As Marias,Elenco
Dominique Brand,As Marias,Elenco
Zélia Diniz,As Marias,Elenco
Kel Pereira,As Marias,Elenco
Vanessa Alves,As Marias,Elenco
Luana Dias,As Marias,Elenco
Dione Soares,As Marias,Elenco
Ivan Augusto,As Marias,Elenco
Valtinho Gomes,As Marias,Elenco
Fabio Garcia,As Marias,Elenco
Uliane Stefanie,As Marias,Elenco
Leonardo Cristopher,As Marias,Elenco
Fabiano Santos,As Marias,Elenco
Noelle Pine,As Marias,Elenco
Janderson Rodrigues,As Marias,Director
Noelle Pine,As Marias,Producer
Antonio Candido,"Antonio Candido, Final Notes",Elenco
Matheus Nachtergaele,"Antonio Candido, Final Notes",Elenco
Eduardo Escorel,"Antonio Candido, Final Notes",Director
Eduardo Escorel,"Antonio Candido, Final Notes",Writer
Zita Carvalhosa,"Antonio Candido, Final Notes",Producer
Dionísio Neto,"Death, Life and Luck",Elenco
Maria Paula Lima,"Death, Life and Luck",Elenco
Eva Bensiman,"Death, Life and Luck",Elenco
Luiza Valio,"Death, Life and Luck",Elenco
Guilherme Gomes,"Death, Life and Luck",Elenco
Alexandre Alencar,"Death, Life and Luck",Director
Paloma Wakamatsu,Uma Noite Bicheira,Elenco
Gustavo Ferraz,Uma Noite Bicheira,Elenco
Maira Maia,Uma Noite Bicheira,Elenco
João Victor (Jov's),Uma Noite Bicheira,Elenco
João Victor (Jov's),Uma Noite Bicheira,Director
Renato IMPERA,A Origem da Operação Lava Jato,Elenco
Bruno Yago Dias,A Origem da Operação Lava Jato,Elenco
Tio Will,A Origem da Operação Lava Jato,Elenco
Renato IMPERA,A Origem da Operação Lava Jato,Director
Renato IMPERA,A Origem da Operação Lava Jato,Writer
Mel Lisboa,Rita Lee - A Musical Autobiography,Elenco
Bruno Fraga,Rita Lee - A Musical Autobiography,Elenco
Antônio Vanfill,Rita Lee - A Musical Autobiography,Elenco
Carol Portes,Rita Lee - A Musical Autobiography,Elenco
Débora Reis,Rita Lee - A Musical Autobiography,Elenco
Fabiano Augusto,Rita Lee - A Musical Autobiography,Elenco
Flávia Strongolli,Rita Lee - A Musical Autobiography,Elenco
Gustavo Rezê,Rita Lee - A Musical Autobiography,Elenco
Roquildes Junior,Rita Lee - A Musical Autobiography,Elenco
Yael Pecarovich,Rita Lee - A Musical Autobiography,Elenco
Debora Dubois,Rita Lee - A Musical Autobiography,Director
Márcio Macena,Rita Lee - A Musical Autobiography,Director
Guilherme Samora,Rita Lee - A Musical Autobiography,Writer
Márcio Macena,Rita Lee - A Musical Autobiography,Writer
Jackson Antunes,Não Quero Te Perder,Elenco
Raira Machado,Não Quero Te Perder,Elenco
Debora Olivieri,Não Quero Te Perder,Elenco
Stella Miranda,Não Quero Te Perder,Elenco
Caio Manhente,Não Quero Te Perder,Elenco
Ana Miranda,Não Quero Te Perder,Elenco
Marina Trindade,Não Quero Te Perder,Elenco
Marcos Pasquim,Não Quero Te Perder,Elenco
Humberto Martins,Não Quero Te Perder,Elenco
Marcelo Zambelli,Não Quero Te Perder,Director
Samuel Machado,Não Quero Te Perder,Producer
Samuel Machado,Não Quero Te Perder,Writer
Cecília Lang,Bola pro Alto,Director
Pedro Isaias Lucas,Jango no Exilio,Director
Pedro Isaias Lucas,Jango no Exilio,Writer
Regina Casé,Dona Lurdes: O Filme,Elenco
Arlete Salles,Dona Lurdes: O Filme,Elenco
Evandro Mesquita,Dona Lurdes: O Filme,Elenco
Chay Suede,Dona Lurdes: O Filme,Elenco
Thiago Martins,Dona Lurdes: O Filme,Elenco
Jéssica Ellen,Dona Lurdes: O Filme,Elenco
Nanda Costa,Dona Lurdes: O Filme,Elenco
Juliano Cazarré,Dona Lurdes: O Filme,Elenco
Maria Gal,Dona Lurdes: O Filme,Elenco
Clara Galinari,Dona Lurdes: O Filme,Elenco
Yan Pietro,Dona Lurdes: O Filme,Elenco
Humberto Carrão,Dona Lurdes: O Filme,Elenco
Enrique Díaz,Dona Lurdes: O Filme,Elenco
Aílton Graça,Dona Lurdes: O Filme,Elenco
Ana Maria Braga,Dona Lurdes: O Filme,Elenco
João Gomes,Dona Lurdes: O Filme,Elenco
Altair Rodrigues,Dona Lurdes: O Filme,Elenco
Amanda Lyra,Dona Lurdes: O Filme,Elenco
Cyda Moreno,Dona Lurdes: O Filme,Elenco
Goretti Ribeiro,Dona Lurdes: O Filme,Elenco
Nisia Rocha,Dona Lurdes: O Filme,Elenco
Ramille,Dona Lurdes: O Filme,Elenco
Pietro Barana,Dona Lurdes: O Filme,Elenco
Roberto Caribé,Dona Lurdes: O Filme,Elenco
Cristiano Marques,Dona Lurdes: O Filme,Director
Luciana Monteiro,Dona Lurdes: O Filme,Producer
Eduardo Sterblitch,Dois é Demais em Orlando,Elenco
Pedro Burgarelli,Dois é Demais em Orlando,Elenco
Luana Martau,Dois é Demais em Orlando,Elenco
Anderson Di Rizzi,Dois é Demais em Orlando,Elenco
Daniel Furlan,Dois é Demais em Orlando,Elenco
Polly Marinho,Dois é Demais em Orlando,Elenco
Estevam Nabote,Dois é Demais em Orlando,Elenco
Aryè Campos,Dois é Demais em Orlando,Elenco
Morena Nunes,Dois é Demais em Orlando,Elenco
Robson Nunes,Dois é Demais em Orlando,Elenco
Karina Sofia Lima,Dois é Demais em Orlando,Elenco
Cézar Maracujá,Dois é Demais em Orlando,Elenco
Paguh,Dois é Demais em Orlando,Elenco
Daniel Nini,Dois é Demais em Orlando,Elenco
Celso Jardim,Dois é Demais em Orlando,Elenco
Carly Mrha,Dois é Demais em Orlando,Elenco
David Jachin Kelley,Dois é Demais em Orlando,Elenco
Martin Evangelista,Dois é Demais em Orlando,Elenco
Daniel Venlioles,Dois é Demais em Orlando,Elenco
Daniela Ocampo,Dois é Demais em Orlando,Writer
Rodrigo Van Der Put,Dois é Demais em Orlando,Director
Luiza Yabrudi,Dois é Demais em Orlando,Writer
Alberto Graça,Dois é Demais em Orlando,Producer
Luciana Boal Marinho,Dois é Demais em Orlando,Producer
Diego Paiva,Dois é Demais em Orlando,Producer
Isabele Riccart,O Disco das Histórias,Elenco
Eduardo Rodrigues,O Disco das Histórias,Elenco
Raíssa Anjos,O Disco das Histórias,Elenco
Murilo Pedroza,O Disco das Histórias,Elenco
Iara Salomão,O Disco das Histórias,Elenco
Roger Bravo,O Disco das Histórias,Director
Roger Bravo,O Disco das Histórias,Writer
Lima Duarte,Tributo: Lima Duarte,Elenco
Sérgio Guizé,Tributo: Lima Duarte,Elenco
Matheus Malafaia,Tributo: Lima Duarte,Director
Isadora Wilkinson,Tributo: Lima Duarte,Writer
Lalo Homrich,Tributo: Lima Duarte,Writer
Flavia Goa,Seres Conecta,Director
L3V1AT4,Seres Conecta,Director
Manuela Prioste,Sente a Vibração (Manuela's Version),Elenco
Rafael Martins,Sente a Vibração (Manuela's Version),Director
Gustavo Brito,Busca,Director
Gustavo Brito,Busca,Producer
Joe Tripician,Honeymoon in Oak Ridge,Director
Rafa Duarte,O Ritual,Elenco
Karem Caetano,O Ritual,Elenco
Ariel Gustsack,O Ritual,Writer
Helena Horta,O Ritual,Writer
Ariel Gustsack,O Ritual,Director
Helena Horta,O Ritual,Director
Davi R. Borges,Pulmão Vagalume,Director
Giselle Beiguelman,Domingo no Golpe,Director
Lucas Bambozzi,Domingo no Golpe,Director
Ary Aguiar,O Palco dos Rebeldes,Elenco
Bruno Seixas,O Palco dos Rebeldes,Elenco
Rodrigo Gallo,O Palco dos Rebeldes,Elenco
Philippe Medeiros,O Palco dos Rebeldes,Elenco
Gabriela Eufrásio,O Palco dos Rebeldes,Elenco
Luiza Outão,O Palco dos Rebeldes,Elenco
Luana Jordão,O Palco dos Rebeldes,Elenco
Klaudjio Oliveira,O Palco dos Rebeldes,Elenco
Leonardo Alcânctara,O Palco dos Rebeldes,Elenco
Mari Moraes,O Palco dos Rebeldes,Elenco
Victória Oliveira,O Palco dos Rebeldes,Elenco
Arthur Pimenta,O Palco dos Rebeldes,Elenco
Carol Gomes,O Palco dos Rebeldes,Elenco
Walter Farias,O Palco dos Rebeldes,Elenco
Beatriz Lima,O Palco dos Rebeldes,Elenco
Manuela Seixas,O Palco dos Rebeldes,Elenco
Ary Aguiar,O Palco dos Rebeldes,Director
Bruno Seixas,O Palco dos Rebeldes,Director
Luiza Outão,O Palco dos Rebeldes,Producer
Luiza Tiso,O Sol da Liberdade,Elenco
Igor Cotrim,O Sol da Liberdade,Elenco
Antonio Banhos,O Sol da Liberdade,Elenco
Edvar Feitosa,O Sol da Liberdade,Elenco
Bruno de Souza,O Sol da Liberdade,Director
Ana Luísa Wagner,O Sol da Liberdade,Producer
Hayllon,The Yapori Show: Energia Suprema,Elenco
mariana banana,The Yapori Show: Energia Suprema,Elenco
jason do yapori,The Yapori Show: Energia Suprema,Elenco
um monte de gente,The Yapori Show: Energia Suprema,Elenco
Hayllon,The Yapori Show: Energia Suprema,Director
Hayllon,The Yapori Show: Energia Suprema,Writer
Carlon Hardt,Receita de vó,Director
Ana Paula Oliveira,Tempos Brilhantes,Elenco
Edduarda Oliveira,Tempos Brilhantes,Elenco
Mariah Braga,Tempos Brilhantes,Elenco
Rafaela Bernardi,Tempos Brilhantes,Elenco
Julia Duarte Moura,Tempos Brilhantes,Director
Lucas Hamdan,Tempos Brilhantes,Writer
Lucas Hamdan,Tempos Brilhantes,Director
Lucas Hamdan,Tempos Brilhantes,Producer
Rafaela Bernardi,Tempos Brilhantes,Director
Lorena Alves,Tempos Brilhantes,Director
Pedro César,Babooshka,Elenco
Isadora Vasconcelos,Babooshka,Elenco
Felipe Falcão,Babooshka,Elenco
Isadora Vasconcelos,Babooshka,Director
Lucas Tamberi,Babooshka,Producer
Melissa Brogni,Pastrana,Elenco
Miguel Moreira,Pastrana,Elenco
Allyce Freitas Moreira,Pastrana,Elenco
Carlos Paixão,Pastrana,Elenco
Cristian Henz,Pastrana,Elenco
Victor Ludwig,Pastrana,Elenco
João Berlitz,Pastrana,Elenco
Joseane Nascimento,Pastrana,Elenco
Luciano Wiest,Pastrana,Elenco
Gabriel Motta,Pastrana,Director
Melissa Brogni,Pastrana,Director
Aletéia Selonk,Pastrana,Producer
Gabriel Motta,Pastrana,Writer
Júlia Cazarré,Pastrana,Writer
Melissa Brogni,Pastrana,Writer
Rafael Isoppo,Meus Olhos Queimam,Elenco
Gustavo Alabarce,Meus Olhos Queimam,Elenco
Pedro Popien,Meus Olhos Queimam,Producer
Pedro Popien,Meus Olhos Queimam,Director
Pedro Popien,Meus Olhos Queimam,Writer
Vinícius de Oliveira,Cortina Fechada,Elenco
Lilianna Bernartt,Cortina Fechada,Elenco
Celso Melez,Cortina Fechada,Elenco
Kaco Caruzo,Cortina Fechada,Director
Kaco Caruzo,Cortina Fechada,Writer
Matheus Vicasi,Cortina Fechada,Producer
Heloísa Araújo,Rose Nunes Vive!,Producer
Heloísa Araújo,Rose Nunes Vive!,Director
Frei Betto,Trago Notícias de Fernando,Elenco
Lúcia de Brito,Trago Notícias de Fernando,Elenco
Hermínia de Brito,Trago Notícias de Fernando,Elenco
Jáder Barreto Lima,Trago Notícias de Fernando,Director
Rafaella Lima,Trago Notícias de Fernando,Producer
Osani,Gabrielly,Director
Esdras Ananias,ARTIFICE,Elenco
Gabriel Francis,ARTIFICE,Elenco
Pedro Henrique Andrade,ARTIFICE,Elenco
Rafda Batista,ARTIFICE,Writer
Pedro Henrique Andrade,ARTIFICE,Director
Esdras Ananias,ARTIFICE,Writer
Gabriel Francis,ARTIFICE,Writer
Pedro Henrique Andrade,ARTIFICE,Writer
Julia Testoni,Minhas Vozes Minhas,Elenco
Bárbara Portela,Minhas Vozes Minhas,Elenco
Uoshi,Minhas Vozes Minhas,Writer
Uoshi,Minhas Vozes Minhas,Director
"Castro Pizzano ""Punk""",Minhas Vozes Minhas,Director
Iasmin Pereira,Sorriso Amarelo,Elenco
Teodoro Andrade,Sorriso Amarelo,Elenco
Rubel Machado,Sorriso Amarelo,Elenco
Lucas Queiroz,Sorriso Amarelo,Elenco
Mariana Soares,Sorriso Amarelo,Elenco
Bea Oliveira,Sorriso Amarelo,Elenco
Vinícius Amaral,Sorriso Amarelo,Elenco
Giulia Maria Roberta,Sorriso Amarelo,Director
Teodoro Andrade,Sorriso Amarelo,Producer
Giulia Maria Roberta,Sorriso Amarelo,Writer
Teodoro Andrade,Sorriso Amarelo,Writer
Iasmin Pereira,Sorriso Amarelo,Writer
Samuel D'Almeida,NOVO JOGO DO BOLSONARO,Director
Victor Rodrigues,Relé,Elenco
Kino Lopes,Relé,Elenco
André Togni,Relé,Elenco
Xavier Braun,Relé,Director
João F. Calanca,Quadrilha Arrasta-Quarteirão,Elenco
Ph Ribas,Quadrilha Arrasta-Quarteirão,Elenco
Guillen Medeiros,Quadrilha Arrasta-Quarteirão,Elenco
Nyc Oliveira,Quadrilha Arrasta-Quarteirão,Elenco
Ana Salgado,Quadrilha Arrasta-Quarteirão,Elenco
Sayuri Hayashida,Quadrilha Arrasta-Quarteirão,Elenco
Roh Dias,Quadrilha Arrasta-Quarteirão,Elenco
Claudete Oliveira,Quadrilha Arrasta-Quarteirão,Elenco
Rafa Danielli,Quadrilha Arrasta-Quarteirão,Producer
Caíque Castelo Araújo,Quadrilha Arrasta-Quarteirão,Director
Caíque Castelo Araújo,Quadrilha Arrasta-Quarteirão,Writer
Helena Solberg,Um Filme para Beatrice,Elenco
Helena Solberg,Um Filme para Beatrice,Director
Helena Solberg,Um Filme para Beatrice,Writer
Marcelo Pedrazzi,Um Filme para Beatrice,Producer
Alexandre Rocha,Um Filme para Beatrice,Producer
Arthur Mussolin,BIXO,Elenco
Alysson M. Mussolin,BIXO,Elenco
Alysson M. Mussolin,BIXO,Director
Ana Laura Negro,BIXO,Director
Davi Meisu,BIXO,Director
Gustavo Borges,BIXO,Director
Alysson M. Mussolin,BIXO,Writer
Gustavo Borges,BIXO,Writer
Dinho Araújo,NO CORRE,Elenco
Hans Müller Cetto,NO CORRE,Director
Tatiana Marques Spuzzillo,NO CORRE,Director
Leonardo Eichinger,NO CORRE,Director
Thayany Muniz,The New Glasses of Caetano,Elenco
Dikuã Jahmall,The New Glasses of Caetano,Elenco
Ycaro Samaniego,The New Glasses of Caetano,Director
Ycaro Samaniego,The New Glasses of Caetano,Writer
João Jano,The New Glasses of Caetano,Director
Joice Rodrigues,The New Glasses of Caetano,Producer
Ycaro Samaniego,The New Glasses of Caetano,Producer
Kassiane Schwingel,Mulheres Araucárias,Director
Vanessa Fe Há,Mulheres Araucárias,Director
Camila Mīg Sá,Mulheres Araucárias,Director
Rayssa Bratillieri,O Sol Por Elas,Elenco
Thalita Carauta,O Sol Por Elas,Elenco
Filipe Bragança,O Sol Por Elas,Elenco
Lázaro Ramos,O Sol Por Elas,Elenco
Isabel Teixeira,O Sol Por Elas,Elenco
Karine Teles,O Sol Por Elas,Elenco
Késia Estácio,O Sol Por Elas,Elenco
Mariana Santos,O Sol Por Elas,Elenco
Alexandre Borges,O Sol Por Elas,Elenco
Marcos Caruso,O Sol Por Elas,Elenco
Maria Clara Spinelli,O Sol Por Elas,Elenco
Luan Argollo,O Sol Por Elas,Elenco
Rayssa Bratillieri,O Sol Por Elas,Director
Lufe Steffen,Uma Breve História da Imprensa LGBT+ no Brasil,Director
Sérgio Rezende,Sertão Sertões,Director
Lucas Toledo,Peixes Elétricos,Elenco
Colombina Gasparelo,Peixes Elétricos,Elenco
Ágatha Angélica Wiggers,Peixes Elétricos,Elenco
Cida Rolim,Peixes Elétricos,Elenco
Peixy,Peixes Elétricos,Elenco
Caíque Araújo,Peixes Elétricos,Elenco
João F. Calanca,Peixes Elétricos,Elenco
Pedro H. Machado,Peixes Elétricos,Director
Henrique Domingues,Peixes Elétricos,Writer
Pedro H. Machado,Peixes Elétricos,Writer
Ricardo Martensen,Retomada,Director
Felipe Tomazelli,Retomada,Writer
Ricardo Martensen,Retomada,Writer
Jorge Bodanzky,As Cores e Amores de Lore,Director
Lucas Marra,Nico,Elenco
Júlia Pedrosa,Nico,Elenco
Ryan Távora,Nico,Elenco
Vinicius Sacchetto,Nico,Elenco
Cristina Cambraia,Nico,Elenco
Selene França,Nico,Elenco
Clara Morais,Nico,Elenco
Francisco Ribeiro,Nico,Elenco
Esdras Ananias,Nico,Elenco
Alysson M. Mussolin,Nico,Director
Mônica Carvalho,Licença para Enlouquecer,Elenco
Danielle Winits,Licença para Enlouquecer,Elenco
Michele Muniz,Licença para Enlouquecer,Elenco
Henri Castelli,Licença para Enlouquecer,Elenco
Nelson Freitas,Licença para Enlouquecer,Elenco
André Mattos,Licença para Enlouquecer,Elenco
Luíza Tomé,Licença para Enlouquecer,Elenco
Thaíssa Carvalho,Licença para Enlouquecer,Elenco
Brendha Haddad,Licença para Enlouquecer,Elenco
Hsu Chien,Licença para Enlouquecer,Director
Mônica Carvalho,Licença para Enlouquecer,Writer
Marcelo Correa,Licença para Enlouquecer,Writer
Michele Muniz,Licença para Enlouquecer,Writer
Valerio Cosimo,Licença para Enlouquecer,Producer
Camilla Nascimento,"Saúde da Família: Cultura, Alteridade e Formação",Elenco
Karina Rejane da Silva Ellias,"Saúde da Família: Cultura, Alteridade e Formação",Elenco
Diego Azevedo Conte de Mello,"Saúde da Família: Cultura, Alteridade e Formação",Elenco
Fabiana Aparecida Oliboni Minuzzo,"Saúde da Família: Cultura, Alteridade e Formação",Elenco
Guilherme Corrêa Leão,"Saúde da Família: Cultura, Alteridade e Formação",Elenco
Claudete da Silva Garcia,"Saúde da Família: Cultura, Alteridade e Formação",Elenco
Diogo Vaz,"Saúde da Família: Cultura, Alteridade e Formação",Director
Diogo Vaz,"Saúde da Família: Cultura, Alteridade e Formação",Writer
Diogo Vaz,"Saúde da Família: Cultura, Alteridade e Formação",Producer
Gabriela Fávero Alberti,"Saúde da Família: Cultura, Alteridade e Formação",Director
Gabriela Fávero Alberti,"Saúde da Família: Cultura, Alteridade e Formação",Writer
Gabriela Fávero Alberti,"Saúde da Família: Cultura, Alteridade e Formação",Producer
Pedro Aspahan,A Ecologia dos Orixás,Director
César Guimarães,A Ecologia dos Orixás,Director
Henfil,Reading Again Graúna,Elenco
Kely Nascimento,Te vejo de novo,Elenco
João Ives,Te vejo de novo,Elenco
Letícia Silva,Te vejo de novo,Elenco
Vinícius Dórea,Te vejo de novo,Elenco
Letícia Silva,Te vejo de novo,Director
Letícia Silva,Te vejo de novo,Writer
Carlos Adriano,Untitled #9: Nor All Flowers of Foul,Director
Caio Bernardo,Serão,Director
Laura Hantower,ANA C.,Elenco
Carol de Medeiros,ANA C.,Director
Rafael Bagnara,ANA C.,Writer
Giovanna Castilho,ANA C.,Producer
Celso Andre,Chemsex,Elenco
Alexandre Lino,Chemsex,Elenco
Aléssio Abdon,Chemsex,Elenco
Rodrigo Serphan,Chemsex,Elenco
Daniel Porto,Chemsex,Director
Alceu Valença,Sérgio Ricardo: Uma Outra História do Cinema Novo,Elenco
Sérgio Ricardo,Sérgio Ricardo: Uma Outra História do Cinema Novo,Elenco
Geraldo Azevedo,Sérgio Ricardo: Uma Outra História do Cinema Novo,Elenco
Antônio Pitanga,Sérgio Ricardo: Uma Outra História do Cinema Novo,Elenco
Ítala Nandi,Sérgio Ricardo: Uma Outra História do Cinema Novo,Elenco
Marina Lutfi,Sérgio Ricardo: Uma Outra História do Cinema Novo,Elenco
Othon Bastos,Sérgio Ricardo: Uma Outra História do Cinema Novo,Elenco
Luiza Aparecida,Sérgio Ricardo: Uma Outra História do Cinema Novo,Elenco
Osmar Prado,Sérgio Ricardo: Uma Outra História do Cinema Novo,Elenco
Rafael Rosa Hagemeyer,Sérgio Ricardo: Uma Outra História do Cinema Novo,Director
Márcia Navai,Sérgio Ricardo: Uma Outra História do Cinema Novo,Director
Luccas Neto,Luccas Neto em: A Babá Operação Game Over,Elenco
Roni Ficher,Luccas Neto em: A Babá Operação Game Over,Elenco
Giovanna Alparone,Luccas Neto em: A Babá Operação Game Over,Elenco
João Pessanha,Luccas Neto em: A Babá Operação Game Over,Elenco
Aline Fanju,Luccas Neto em: A Babá Operação Game Over,Elenco
Carlos Takeshi,Luccas Neto em: A Babá Operação Game Over,Elenco
Vivian Duarte,Luccas Neto em: A Babá Operação Game Over,Elenco
João Dannyel,Luccas Neto em: A Babá Operação Game Over,Elenco
Juliana Delgado,Luccas Neto em: A Babá Operação Game Over,Elenco
Paulão Duplex,Luccas Neto em: A Babá Operação Game Over,Elenco
Maria Miyu,Luccas Neto em: A Babá Operação Game Over,Elenco
Jorge Hissa,Luccas Neto em: A Babá Operação Game Over,Elenco
Aisha Jambo,Luccas Neto em: A Babá Operação Game Over,Elenco
Leandro Neri,Luccas Neto em: A Babá Operação Game Over,Director
Luiz Claudio Latgé,Um bom vizinho,Director
Luiz Claudio Latgé,Um bom vizinho,Writer
Antônio Nóbrega,Anna Mariani - Photographic Notes,Elenco
Caetano Veloso,Anna Mariani - Photographic Notes,Elenco
Celeste Moreau Antunes,Anna Mariani - Photographic Notes,Elenco
João Miguel,Anna Mariani - Photographic Notes,Elenco
Lenora de Barros,Anna Mariani - Photographic Notes,Elenco
Regina Casé,Anna Mariani - Photographic Notes,Elenco
Tom Zé,Anna Mariani - Photographic Notes,Elenco
Alberto Renault,Anna Mariani - Photographic Notes,Director
Alberto Renault,Anna Mariani - Photographic Notes,Writer
Hermano Vianna,Anna Mariani - Photographic Notes,Writer
Bruno Jorge,Useless Utensils,Director
Isabela Lachi,Your Silence Became My Revenge,Elenco
Guilherme Freire,Your Silence Became My Revenge,Elenco
João Vinicius Gutierre,Your Silence Became My Revenge,Elenco
Lucas Nakamura,Your Silence Became My Revenge,Elenco
Kevin Campião,Your Silence Became My Revenge,Elenco
L. Cinema,Your Silence Became My Revenge,Director
L. Cinema,Your Silence Became My Revenge,Producer
Lucas Nakamura,Your Silence Became My Revenge,Writer
Lucas Nakamura,Your Silence Became My Revenge,Producer
Kevin Campião,Your Silence Became My Revenge,Producer
Leo Chedid,Self-Service,Elenco
Estácio Cerqueira,Self-Service,Director
Leo Chedid,Self-Service,Writer
Estácio Cerqueira,Self-Service,Writer
Marco Abujamra,Brizola,Director
Wolney Oliveira,"Lampião, Governor of the Badlands",Director
Wolney Oliveira,"Lampião, Governor of the Badlands",Writer
Margarita Hernández,"Lampião, Governor of the Badlands",Writer
Fernanda Young,Fernanda Young: Beyond My Control,Elenco
Maria Ribeiro,Fernanda Young: Beyond My Control,Elenco
Alexandre Machado,Fernanda Young: Beyond My Control,Elenco
Susanna Lira,Fernanda Young: Beyond My Control,Director
Tito Gomes,Fernanda Young: Beyond My Control,Producer
Susanna Lira,Fernanda Young: Beyond My Control,Producer
Daniela Thomas,Diamonds,Director
Sandra Corveloni,Diamonds,Director
Beto Amaral,Diamonds,Director
Jonathan,Não te peguei pra me amar então para,Elenco
Juliana,Não te peguei pra me amar então para,Elenco
Lucky,Não te peguei pra me amar então para,Elenco
Jake,Não te peguei pra me amar então para,Elenco
Sofia Santos,Chiquives: a Cadela Maldita,Elenco
Felipe Cancino,Chiquives: a Cadela Maldita,Elenco
Malu Blanco,Chiquives: a Cadela Maldita,Elenco
Leonardo Mazzola,Chiquives: a Cadela Maldita,Elenco
Theo Brum,Chiquives: a Cadela Maldita,Elenco
João Eduardo,Chiquives: a Cadela Maldita,Elenco
Lorenzo Fraga,Chiquives: a Cadela Maldita,Elenco
Lorenzo Fraga,Chiquives: a Cadela Maldita,Director
Lorenzo Fraga,Chiquives: a Cadela Maldita,Writer
Diego Leo,Pés de Peixe,Elenco
Fernanda Seixas,Pés de Peixe,Elenco
Peta Catão,Pés de Peixe,Elenco
Rosa Malagueta,Pés de Peixe,Elenco
Vânia Rosas,Pés de Peixe,Elenco
Paulo Queiroz,Pés de Peixe,Elenco
Jôce Mendes,Pés de Peixe,Elenco
Denis Lopes,Pés de Peixe,Elenco
Sandro Viana,Pés de Peixe,Elenco
Isabela Catão,Pés de Peixe,Elenco
Aldemar Matias,Pés de Peixe,Director
Larissa Ribeiro,Pés de Peixe,Director
Thomas Gonzalles,CATFISH,Elenco
Alexandre Machado,CATFISH,Director
Alexandre Machado,CATFISH,Writer
César F.P Falkenburg,Everything/Nothing,Elenco
Ana Lucia Falkenburg,Everything/Nothing,Elenco
Mauricio Falkenburg,Everything/Nothing,Elenco
Jesper,Everything/Nothing,Elenco
Ana Luiza Padeti,Everything/Nothing,Elenco
Alessandra Gerbelli,Everything/Nothing,Elenco
Brida Laisla,Everything/Nothing,Elenco
Daniela Ancesque,Everything/Nothing,Elenco
Felipe Araujo,Everything/Nothing,Elenco
Julia Renzo,Everything/Nothing,Elenco
Pietro Perez,Everything/Nothing,Elenco
Pedro Munhoz,Everything/Nothing,Elenco
Rafaela Moura,Everything/Nothing,Elenco
Alice Faria,Everything/Nothing,Elenco
Bruna Accioly,Everything/Nothing,Elenco
Fernanda Astolpho,Everything/Nothing,Elenco
Giulia Gandolfi,Everything/Nothing,Elenco
Ísis Saraiva,Everything/Nothing,Elenco
Júlia Blaz,Everything/Nothing,Elenco
Kaique Affonso,Everything/Nothing,Elenco
Mariana Castro,Everything/Nothing,Elenco
Marina Buaiz,Everything/Nothing,Elenco
Pedro Fonseca Ianhez,Everything/Nothing,Elenco
César F.P Falkenburg,Everything/Nothing,Director
César F.P Falkenburg,Everything/Nothing,Writer
César F.P Falkenburg,Everything/Nothing,Producer
Maria Zanini,LISURA,Elenco
Gabriel Del Nero,LISURA,Director
Rafael Ferreira,LISURA,Writer
Guilherme Rizzardo,Atraso,Elenco
João Vitor Pimentel,Atraso,Director
João Vitor Pimentel,Atraso,Writer
Leonardo Barcelos,O Que Pode O Corpo?,Director
Luís Fernando Veríssimo,Verissimo,Elenco
Lucia Helena Massa,Verissimo,Elenco
Angelo Defanti,Verissimo,Director
Diana Almeida,Verissimo,Producer
Angelo Defanti,Verissimo,Writer
Bárbara Defanti,Verissimo,Producer
Angelo Defanti,Verissimo,Producer
Eduardo Aquino,Verissimo,Writer
Gael Serpa Bechara,Today is the First Day of the Rest of Your Life,Elenco
Bel Bechara,Today is the First Day of the Rest of Your Life,Elenco
Sandro Serpa,Today is the First Day of the Rest of Your Life,Elenco
Bel Bechara,Today is the First Day of the Rest of Your Life,Director
Sandro Serpa,Today is the First Day of the Rest of Your Life,Director
Bel Bechara,Today is the First Day of the Rest of Your Life,Writer
Sandro Serpa,Today is the First Day of the Rest of Your Life,Writer
Raffaela Garraffa,Regret.,Elenco
Raffaela Garraffa,Regret.,Director
Matheus Restiffe,Deus de Neon,Elenco
André Sauer,Deus de Neon,Elenco
Jebbers,Deus de Neon,Elenco
Bruno Lazzarotto,Deus de Neon,Elenco
Thomas Kenji,Deus de Neon,Director
Thomas Kenji,Deus de Neon,Writer
Tiago Machado,Deus de Neon,Director
Lucca Alvarez,Deus de Neon,Producer
Outonno Selva,"for us, an essay",Elenco
Levi Costa,"for us, an essay",Elenco
Outonno Selva,"for us, an essay",Director
Outonno Selva,"for us, an essay",Producer
Outonno Selva,"for us, an essay",Writer
Mabel Novais,Crenças no ensino,Elenco
Mariana Delpino,Crenças no ensino,Elenco
Millene Camilly,Crenças no ensino,Elenco
Felipe Carvalho,Crenças no ensino,Elenco
Mateus Naurath,Crenças no ensino,Elenco
Henrique Sion,Crenças no ensino,Elenco
Sarah Victoria,Crenças no ensino,Elenco
Millene Camilly,Crenças no ensino,Writer
Mabel Novais,Crenças no ensino,Director
Millene Camilly,Crenças no ensino,Director
Mariana Delpino,Crenças no ensino,Writer
Mabel Novais,Crenças no ensino,Writer
Mabel Novais,Crenças no ensino,Producer
Millene Camilly,Crenças no ensino,Producer
Andrey Icaro,Aqui e Agora,Elenco
Letícia Silva,Aqui e Agora,Elenco
Vivian Evelyn,Aqui e Agora,Elenco
Dio Carvana,Aqui e Agora,Elenco
Maria Carolina,Aqui e Agora,Elenco
Ediane Lira,Aqui e Agora,Elenco
Vinícius Dórea,Aqui e Agora,Elenco
Vinícius Dórea,Aqui e Agora,Director
Vinícius Dórea,Aqui e Agora,Writer
Gabriel Santana,ST4LK3R,Elenco
Gessica Lima,ST4LK3R,Elenco
Gabriel Santana,ST4LK3R,Director
Gessica Lima,ST4LK3R,Writer
Gabriel Santana,ST4LK3R,Writer
Gessica Lima,ST4LK3R,Director
Gabriel Santana,ST4LK3R,Producer
Gessica Lima,ST4LK3R,Producer
João Medeiros,O Apartamento,Elenco
Victoria Gram,O Apartamento,Elenco
Caio Rocha,O Apartamento,Director
Renato Barbieri,Natterer's Treasure,Director
Ruby Nox,The Voice of Fear,Elenco
Renata Carvalho,The Voice of Fear,Elenco
Britnney Hill,The Voice of Fear,Elenco
Henrique Arruda,The Voice of Fear,Director
Henrique Arruda,The Voice of Fear,Writer
Manu Dias,The Voice of Fear,Producer
Alexandre Machafer,Jorge da Capadócia,Elenco
Cyria Coentro,Jorge da Capadócia,Elenco
Roberto Bomtempo,Jorge da Capadócia,Elenco
Miriam Freeland,Jorge da Capadócia,Elenco
Ricardo Soares,Jorge da Capadócia,Elenco
Augusto Garcia,Jorge da Capadócia,Elenco
Antônio Gonzalez,Jorge da Capadócia,Elenco
Roney Villela,Jorge da Capadócia,Elenco
Adriano Garib,Jorge da Capadócia,Elenco
Milton Lacerda,Jorge da Capadócia,Elenco
Silvio Matos,Jorge da Capadócia,Elenco
Miguel Mareli Lesqueves,Jorge da Capadócia,Elenco
Charles Paraventi,Jorge da Capadócia,Elenco
Robson Maia,Jorge da Capadócia,Elenco
Louise Clós,Jorge da Capadócia,Elenco
Roberto Rowntree,Jorge da Capadócia,Elenco
Yashar Zambuzzi,Jorge da Capadócia,Elenco
Rosana Prazeres,Jorge da Capadócia,Elenco
Nathália Costa,Jorge da Capadócia,Elenco
Sandra Alencar,Jorge da Capadócia,Elenco
Vanderlan Mendes,Jorge da Capadócia,Elenco
Enzo de Sá,Jorge da Capadócia,Elenco
Nelson Gaia,Jorge da Capadócia,Elenco
Carrique Vieira,Jorge da Capadócia,Elenco
Francisco Rocha,Jorge da Capadócia,Elenco
Flávio Birman,Jorge da Capadócia,Elenco
Antonio Barboza,Jorge da Capadócia,Elenco
Rodrigo Abrahão,Jorge da Capadócia,Elenco
André Locatelli,Jorge da Capadócia,Elenco
Josias Duarte,Jorge da Capadócia,Elenco
Kaio Antunes,Jorge da Capadócia,Elenco
Jack Berraquero,Jorge da Capadócia,Elenco
Alexandre Machafer,Jorge da Capadócia,Director
Carlos Alberto Serpa,Jorge da Capadócia,Producer
Ziya Dasdeler,Jorge da Capadócia,Producer
Sabrina Abreu,Ainda é 7 de Outubro,Elenco
Rafaela Treistman,Ainda é 7 de Outubro,Elenco
Rafael Zimerman,Ainda é 7 de Outubro,Elenco
Fadwa Al Shaer,Ainda é 7 de Outubro,Elenco
Mohammed Dajani,Ainda é 7 de Outubro,Elenco
Hyam Tannous,Ainda é 7 de Outubro,Elenco
Meir Javedanfar,Ainda é 7 de Outubro,Elenco
Yossi Klein Halevi,Ainda é 7 de Outubro,Elenco
Miri Eisin,Ainda é 7 de Outubro,Elenco
Youssef Ziadna,Ainda é 7 de Outubro,Elenco
Major Rafael Rozenszajn,Ainda é 7 de Outubro,Elenco
Carla Weisberg,Ainda é 7 de Outubro,Elenco
Tohara Tzobra,Ainda é 7 de Outubro,Elenco
Rami Ghraib,Ainda é 7 de Outubro,Elenco
Hussein Al Deek,Ainda é 7 de Outubro,Elenco
Ziad Nabulasi,Ainda é 7 de Outubro,Elenco
Yael Sherer,Ainda é 7 de Outubro,Elenco
Anat Zach,Ainda é 7 de Outubro,Elenco
Sarit Zehavi,Ainda é 7 de Outubro,Elenco
Angelica Calo Livne,Ainda é 7 de Outubro,Elenco
Adi Marciano,Ainda é 7 de Outubro,Elenco
Sabrina Abreu,Ainda é 7 de Outubro,Director
Léo Valente,Ainda é 7 de Outubro,Producer
Stella Fukai,Pelos,Elenco
Olívia Pegorin Brier,Pelos,Elenco
Emma Marques,Pelos,Director
Fabiola Silva,Pelos,Producer
Emma Marques,Pelos,Producer
Inaldete Pinheiro de Andrade,Uma Irmã Mais Velha,Elenco
Drica Mendes,Uma Irmã Mais Velha,Director
Jacqueline Martins,Uma Irmã Mais Velha,Writer
Drica Mendes,Uma Irmã Mais Velha,Writer
Jacqueline Martins,Uma Irmã Mais Velha,Producer
Yurinha Oliveira,Sagrada Travesti do Evangelho,Elenco
Dalily Stéfany,Sagrada Travesti do Evangelho,Elenco
Guile Martins,Sagrada Travesti do Evangelho,Elenco
Mariana Marques Sabio,Sagrada Travesti do Evangelho,Elenco
Mar Tchandra Abad,Sagrada Travesti do Evangelho,Elenco
Júlia F. Cândida,Sagrada Travesti do Evangelho,Director
Júlia F. Cândida,Sagrada Travesti do Evangelho,Writer
Júlia F. Cândida,Sagrada Travesti do Evangelho,Producer
Gabriel Leão,Sagrada Travesti do Evangelho,Producer
Lufe Berto,Mais Um Dia,Director
Edson Ferreira,A serena onda que o mar me trouxe,Director
Érika Beatriz Santos,Shedding,Elenco
Nicolau Araujo,Shedding,Writer
Nicolau Araujo,Shedding,Director
Emanuel Lavor,Shedding,Producer
Fábio Porchat,Traces of Love,Elenco
Sandy,Traces of Love,Elenco
Evelyn Castro,Traces of Love,Elenco
Larissa Luz,Traces of Love,Elenco
Samya Pascotto,Traces of Love,Elenco
Norma Blum,Traces of Love,Elenco
Augusto Zacchi,Traces of Love,Elenco
Fernanda Paes Leme,Traces of Love,Elenco
Cláudio Tovar,Traces of Love,Elenco
Dudu de Oliveira,Traces of Love,Elenco
Antônio Destro,Traces of Love,Elenco
Arthur Kohl,Traces of Love,Elenco
Chitãozinho,Traces of Love,Elenco
Xororó,Traces of Love,Elenco
José Augusto,Traces of Love,Elenco
Felipe Castanhari,Traces of Love,Elenco
Vera Kowalska,Traces of Love,Elenco
Luanna Guimarães,Traces of Love,Writer
Fernanda Mandriola,Traces of Love,Producer
Alvaro Campos,Traces of Love,Writer
Pedro Antônio,Traces of Love,Director
Pedro Antônio,Traces of Love,Writer
Fábio Porchat,Traces of Love,Writer
Nataly Mega,Traces of Love,Producer
Wesllei Cunha,Eles estão por perto,Elenco
Mari Santos,Eles estão por perto,Elenco
Ellen Karoline,Eles estão por perto,Elenco
Vitória Xavier,Eles estão por perto,Elenco
Ellen Karoline,Eles estão por perto,Director
Juliana Neves,Eles estão por perto,Director
Juliana Neves,Eles estão por perto,Writer
Ellen Karoline,Eles estão por perto,Writer
Petter Baiestorf,Saturno,Writer
Petter Baiestorf,Saturno,Director
Petter Baiestorf,Saturno,Producer
Vinícius Maia,Exposição,Elenco
Rosane Preciosa,Exposição,Elenco
Vinícius Sales,Exposição,Elenco
Gabriel Oliveira,Exposição,Elenco
Vinícius Maia,Exposição,Director
Vinícius Maia,Exposição,Producer
Vinícius Maia,Exposição,Writer
Miguel Antunes Ramos,Role Model,Director
Thaís Vidal,Havana's Sky,Director
Sergio Guidoux,Hands to the earth,Director
Ananda Morais,SDL - A Batalha Musical,Elenco
Jukanalha,SDL - A Batalha Musical,Elenco
Young Mascka,SDL - A Batalha Musical,Elenco
Flavia Gabi,SDL - A Batalha Musical,Elenco
Danny Ribeiro,SDL - A Batalha Musical,Elenco
Thiago Manzo,SDL - A Batalha Musical,Writer
Bruno Alcântara,SDL - A Batalha Musical,Writer
Plinio Scambora,SDL - A Batalha Musical,Director
Plinio Scambora,SDL - A Batalha Musical,Writer
Mari Santos,Não olhe para trás,Elenco
Wesllei Cunha,Não olhe para trás,Elenco
Mari Santos,Não olhe para trás,Director
Mari Santos,Não olhe para trás,Writer
Wesllei Cunha,Não olhe para trás,Director
Wesllei Cunha,Não olhe para trás,Writer
Karina Vernizzi,Ciao,Elenco
Nemuel Silva,Ciao,Elenco
Raphael França,Ciao,Elenco
Patricia Gasppar,Ciao,Elenco
Sophia Sousa,Ciao,Elenco
Pamela Otero,Ciao,Elenco
Eduardo Acaiabe,Ciao,Elenco
Ricardo Dantas,Ciao,Elenco
Dan Rosseto,Ciao,Elenco
Douglas Barbosa,Ciao,Elenco
Gui Dantas,Ciao,Elenco
Lívia Mendes,Ciao,Elenco
Homero Ligere,Ciao,Elenco
Priscilla Avila,Ciao,Elenco
Helenna Mansur,Ciao,Elenco
Waleska Ambrosano,Ciao,Elenco
Cristiano Calegari,Ciao,Director
Sérgio Virgílio,Ciao,Writer
Gui Dantas,Ciao,Director
Victor Hugo Valois,Ciao,Writer
Luiz Melodia,Luiz Melodia - Within the Heart of Brazil,Elenco
Gal Costa,Luiz Melodia - Within the Heart of Brazil,Elenco
Maria Bethânia,Luiz Melodia - Within the Heart of Brazil,Elenco
Jards Macalé,Luiz Melodia - Within the Heart of Brazil,Elenco
Zezé Motta,Luiz Melodia - Within the Heart of Brazil,Elenco
Elza Soares,Luiz Melodia - Within the Heart of Brazil,Elenco
Torquato Neto,Luiz Melodia - Within the Heart of Brazil,Elenco
Caetano Veloso,Luiz Melodia - Within the Heart of Brazil,Elenco
Jô Soares,Luiz Melodia - Within the Heart of Brazil,Elenco
Zuza Homem de Mello,Luiz Melodia - Within the Heart of Brazil,Elenco
Bruna Lombardi,Luiz Melodia - Within the Heart of Brazil,Elenco
Fúlvio Stefanini,Luiz Melodia - Within the Heart of Brazil,Elenco
Fernanda Montenegro,Luiz Melodia - Within the Heart of Brazil,Elenco
Ângela Leal,Luiz Melodia - Within the Heart of Brazil,Elenco
Marcos Valle,Luiz Melodia - Within the Heart of Brazil,Elenco
Sérgio Sampaio,Luiz Melodia - Within the Heart of Brazil,Elenco
Itamar Assumpção,Luiz Melodia - Within the Heart of Brazil,Elenco
Waly Salomão,Luiz Melodia - Within the Heart of Brazil,Elenco
Renato Piau,Luiz Melodia - Within the Heart of Brazil,Elenco
Alessandra Dorgan,Luiz Melodia - Within the Heart of Brazil,Director
Alessandra Dorgan,Luiz Melodia - Within the Heart of Brazil,Writer
Patrícia Palumbo,Luiz Melodia - Within the Heart of Brazil,Writer
Daniel Gaggini,Luiz Melodia - Within the Heart of Brazil,Producer
Joaquim Castro,Luiz Melodia - Within the Heart of Brazil,Writer
Deborah Osborn,Luiz Melodia - Within the Heart of Brazil,Producer
Camila Nunes,Luiz Melodia - Within the Heart of Brazil,Producer
Felipe Briso,Luiz Melodia - Within the Heart of Brazil,Producer
Gustavo Piaskoski,Dublê de Namorado,Elenco
Mia Bueno,Dublê de Namorado,Elenco
Daniel Del Sarto,Dublê de Namorado,Elenco
Giovanna Negrelli,Dublê de Namorado,Elenco
Manuella Prestes,Dublê de Namorado,Elenco
Pedro Ramires,Dublê de Namorado,Elenco
Ramon Ramos,Dublê de Namorado,Elenco
Christopher Faust,Dublê de Namorado,Elenco
Christopher Faust,Dublê de Namorado,Director
Christopher Faust,Dublê de Namorado,Writer
Gustavo Boesing,Carne de Primeira,Director
Vini Marx,Fábrica de Bico,Elenco
Vini Marx,Fábrica de Bico,Writer
Vini Marx,Fábrica de Bico,Director
Vini Marx,Fábrica de Bico,Producer
Luma Silva,Fábrica de Bico,Producer
Frederico Vittola,The Great Tower,Elenco
Fernando Kike Barbosa,The Great Tower,Elenco
Rosmeri Lorenzon,The Great Tower,Elenco
Rodrigo Scheid,The Great Tower,Director
Rodrigo Scheid,The Great Tower,Writer
Bruno Germano,Palace of Nocturnal Delights,Elenco
Anna Preto,Palace of Nocturnal Delights,Elenco
Tuna Dwek,Palace of Nocturnal Delights,Elenco
Natan Cardoso,Palace of Nocturnal Delights,Elenco
Natt Mazzoni,Palace of Nocturnal Delights,Elenco
Vinícius Précoma,Palace of Nocturnal Delights,Elenco
Matheus Marchetti,Palace of Nocturnal Delights,Director
Isabela Besen,Palace of Nocturnal Delights,Producer
Irmã Marie Madeleine Hausser,Mada e Bia,Elenco
Irmã Béatrice Kruch,Mada e Bia,Elenco
Dira Paes,Mada e Bia,Elenco
Dagmar Talga,Mada e Bia,Director
Kamal Aljafari,A Fidai Film,Director
Kamal Aljafari,A Fidai Film,Writer
Ghassan Kanafani,A Fidai Film,Writer
Kamal Aljafari,A Fidai Film,Producer
Flavia Mazzarino,A Fidai Film,Producer
Gabriel Novais,Memórias,Elenco
Rafaela Vaz,Memórias,Elenco
Michel Barreto,Memórias,Elenco
Jardel Ferreira,Memórias,Elenco
Gabriel Novais,Memórias,Director
Gabriel Novais,Memórias,Writer
Amanda Pomar,O Nome da Vida,Director
Pétala Luana,A Lenda dos Cavaleiros da Água,Elenco
Reynaldo Soares,A Lenda dos Cavaleiros da Água,Elenco
Violeta Nagai,A Lenda dos Cavaleiros da Água,Elenco
Clóvys Tôrres,A Lenda dos Cavaleiros da Água,Elenco
Buda Lira,A Lenda dos Cavaleiros da Água,Elenco
Helen Quintans,A Lenda dos Cavaleiros da Água,Director
Flávio Carnielli,A Lenda dos Cavaleiros da Água,Producer
Jhony León Soto,Blue Shell,Elenco
Guadalupe Anaya,Blue Shell,Elenco
Lee Matie,Blue Shell,Elenco
Lisbeth Soriano,Blue Shell,Elenco
Gabriel França,Blue Shell,Elenco
Mariano Jiménez,Blue Shell,Elenco
Alejandra Ramirez,Blue Shell,Director
Sarahi Vivaz,Blue Shell,Director
Alexia Zindzi Portillo,Blue Shell,Producer
Sarahi Vivaz,Blue Shell,Writer
Eduardo Moscovis,Sem Fantasia,Elenco
Marly Monteiro Klien,Sem Fantasia,Elenco
Pedro Murad,Sem Fantasia,Director
Daniel Herz,Sem Fantasia,Director
PH Silva,8 and a half  of a book,Elenco
PH Silva,8 and a half  of a book,Director
Pedro Murad,Rosa,Director
Karoline Garrot,REQUIEM DIE,Elenco
Lucas Speransa,REQUIEM DIE,Elenco
Guilherme Norvilas,REQUIEM DIE,Producer
João Pedro Pessoa,REQUIEM DIE,Director
João Pedro Pessoa,REQUIEM DIE,Producer
Isabela Lachi,Misantrophy,Elenco
Guilherme Freire,Misantrophy,Elenco
Eduarda Caroline,Misantrophy,Elenco
Julianne Borges,Misantrophy,Elenco
Luana Saito,Misantrophy,Elenco
João Vinicius Gutierre,Misantrophy,Elenco
L. Cinema,Misantrophy,Director
Lucas Nakamura,Misantrophy,Producer
L. Cinema,Misantrophy,Writer
Pedro Miyoshi,Misantrophy,Producer
Isabela Lachi,Misantrophy,Producer
L. Cinema,Misantrophy,Producer
Gabriel Saadi,Marraia,Elenco
Heitor Dias,Marraia,Elenco
Duda Modeneze,Marraia,Elenco
Alice Kruger Basoni,Marraia,Elenco
Paulo Jorge Roque,Marraia,Elenco
Elvis Rie,Marraia,Elenco
Malu Capdeville,Marraia,Elenco
Othoniel Cibien,Marraia,Elenco
Luiz Carlos Cardoso,Marraia,Elenco
Eldon Gramlich,Marraia,Elenco
Lílian Casotti,Marraia,Elenco
Gabriela Saadi,Marraia,Elenco
Diego Scarparo,Marraia,Director
Marina Greve,Sombras da Mente,Elenco
Henrique Guimarães,Sombras da Mente,Director
‍Sávio Fernandes,Camerasaurus,Director
Daniel Fávaro,Camerasaurus,Director
Petronio Neto,Camerasaurus,Director
Davi Mello,Camerasaurus,Director
César Machado,Vastidão,Elenco
Henrique B. Borgato,Vastidão,Director
Daniella Shizuko,Fogos em mim,Elenco
Suely Villani de Andrade,Fogos em mim,Elenco
Marco Antônio Hercy Coelho,Fogos em mim,Elenco
Daniella Shizuko,Fogos em mim,Director
Manuela Malheiros,Haikai,Elenco
Manuela Malheiros,Haikai,Producer
Manuela Malheiros,Haikai,Director
Oliver Oha,Vida Invisível,Elenco
Lucas Longhi,Vida Invisível,Elenco
Oliver Oha,Vida Invisível,Director
Oliver Oha,Vida Invisível,Producer
Samantha Castillo,Woman Who Cries,Elenco
Julia Stockler,Woman Who Cries,Elenco
Zayan Madeiros,Woman Who Cries,Elenco
Nena Enoue,Woman Who Cries,Elenco
George Walker Torres,Woman Who Cries,Director
George Walker Torres,Woman Who Cries,Writer
Diogo Capriotti,Woman Who Cries,Producer
António Gonçalves Junior,Woman Who Cries,Producer
Giordanno Bottezini,Eu Quero Morrer de Raiva,Elenco
Camylle Deina,Eu Quero Morrer de Raiva,Elenco
Giordanno Bottezini,Eu Quero Morrer de Raiva,Director
Giordanno Bottezini,Eu Quero Morrer de Raiva,Writer
Ph Ribas,HAIKAI: HAIGAY,Director
Natthália Gonçalves,Road To The Mouth Of Hell,Elenco
Sophia Santana,Road To The Mouth Of Hell,Elenco
Rafael Delgado,Road To The Mouth Of Hell,Elenco
Maitê Padilha,Road To The Mouth Of Hell,Elenco
Marcel Giubilei,Road To The Mouth Of Hell,Elenco
Caio Vegatti,Road To The Mouth Of Hell,Elenco
João Santucci,Road To The Mouth Of Hell,Elenco
Sérgio Medeiros,Road To The Mouth Of Hell,Elenco
Morgana Corrêa,Road To The Mouth Of Hell,Elenco
Julio Napoli,Road To The Mouth Of Hell,Director
Sophia Santana,Road To The Mouth Of Hell,Producer
Julio Napoli,Road To The Mouth Of Hell,Writer
Otaviano Costa,The Job Whisperer,Elenco
Evelyn Castro,The Job Whisperer,Elenco
Jamilly Mariano,The Job Whisperer,Elenco
Totia Meireles,The Job Whisperer,Elenco
Katiuscia Canoro,The Job Whisperer,Elenco
Macla Tenório,The Job Whisperer,Elenco
Victor Lamoglia,The Job Whisperer,Elenco
Serjão Loroza,The Job Whisperer,Elenco
Nany People,The Job Whisperer,Elenco
Daniela Fontan,The Job Whisperer,Elenco
Rosane Gofman,The Job Whisperer,Elenco
Negrete,The Job Whisperer,Elenco
Pedro Benevides,The Job Whisperer,Elenco
Stepan Nercessian,The Job Whisperer,Elenco
Pequena Lo,The Job Whisperer,Elenco
Xuxa,The Job Whisperer,Elenco
Flávia Alessandra,The Job Whisperer,Elenco
Renata Castro Barbosa,The Job Whisperer,Elenco
Camillo Borges,The Job Whisperer,Elenco
Leo Castro,The Job Whisperer,Elenco
Isaú Jr,The Job Whisperer,Elenco
Cézar Maracujá,The Job Whisperer,Elenco
Henrique Neves,The Job Whisperer,Elenco
Tamie Panet,The Job Whisperer,Elenco
Tulanih Pereira,The Job Whisperer,Elenco
Flavio Paim,The Job Whisperer,Elenco
Pablo Pêgas,The Job Whisperer,Elenco
Ely Fernandez,The Job Whisperer,Elenco
Tamires Nascimento,The Job Whisperer,Elenco
Whiverson Reis,The Job Whisperer,Elenco
Juliana Capelini,The Job Whisperer,Producer
Renata Brandão,The Job Whisperer,Producer
Rodrigo Van Der Put,The Job Whisperer,Director
Gui Cintra,The Job Whisperer,Writer
André Brandt,The Job Whisperer,Writer
Otaviano Costa,The Job Whisperer,Writer
Jaime Leibovitch,Domingo em Rigel Kent,Elenco
Cristina Pereira,Domingo em Rigel Kent,Elenco
Ícaro Galvão,Domingo em Rigel Kent,Elenco
Ernani Moraes,Domingo em Rigel Kent,Elenco
André Ladeia,Domingo em Rigel Kent,Director
Miguel Andrade Vieira,Domingo em Rigel Kent,Producer
André Ladeia,Domingo em Rigel Kent,Writer
Ana Clara Tavares,Lesson from the shore - Pilot,Elenco
Isabella Dutra,Lesson from the shore - Pilot,Elenco
Juliano Gennari,Lesson from the shore - Pilot,Elenco
Jefferson Borges,Lesson from the shore - Pilot,Elenco
Giulia Barreto,Lesson from the shore - Pilot,Elenco
Henrique Quadros,Lesson from the shore - Pilot,Elenco
Giulia Gonçalves,Lesson from the shore - Pilot,Elenco
Kassiane da Silva,Lesson from the shore - Pilot,Elenco
Késsia da Silva,Lesson from the shore - Pilot,Elenco
Luciana Nascimento,Lesson from the shore - Pilot,Elenco
Henrique Quadros,Lesson from the shore - Pilot,Producer
Juliano Gennari,Lesson from the shore - Pilot,Producer
Lara Oliveira,Lesson from the shore - Pilot,Producer
Henrique Quadros,Lesson from the shore - Pilot,Director
Denise Stutz,Nothing,Elenco
Bel Kowarick,Nothing,Elenco
Adriano Guimarães,Nothing,Director
Alisson Machado,Nothing,Producer
Emanuel Aragão,Nothing,Writer
Felipe Leão,Expresso Santa Cruz,Director
Duda D'Elia,Expresso Santa Cruz,Producer
Felipe Leão,Expresso Santa Cruz,Producer
Sara Holanda,Vacuum Prayer,Elenco
Renner Lima,Vacuum Prayer,Elenco
Anderson Junqueira,Vacuum Prayer,Elenco
Matias Di Blasi,Vacuum Prayer,Elenco
Renner Lima,Vacuum Prayer,Producer
Luis Calil,Vacuum Prayer,Producer
Luis Calil,Vacuum Prayer,Director
Sara Holanda,Vacuum Prayer,Producer
Marisa Moreira Salles,Xingu-Tokyo: Conexão Ancestral,Director
Tomas Alvim,Xingu-Tokyo: Conexão Ancestral,Director
Pedro Jezler,Xingu-Tokyo: Conexão Ancestral,Director
Rafael Costa,Xingu-Tokyo: Conexão Ancestral,Director
Douglas Mattaüs,cloud 1,Director
Colle Christine Avelar,"Pedagogias da Navalha: Se A Palavra É Um Feitiço, Minha Língua É Uma Encruzilhada",Director
Tainá Santos dos Paiva,"Pedagogias da Navalha: Se A Palavra É Um Feitiço, Minha Língua É Uma Encruzilhada",Director
Alma Flora,"Pedagogias da Navalha: Se A Palavra É Um Feitiço, Minha Língua É Uma Encruzilhada",Director
Dayane Teles,Dentro de Mim,Director
André Hayato Saito,Wind of Gold,Director
Gustavo Campos,Mrs. Irene,Director
Artur de Toledo Risi Bombonati,The Afterlife Show (With Hector Plasma),Director
Daniel Furlan Peixoto,The Afterlife Show (With Hector Plasma),Director
Rodrigo Lobato Toporcov,The Afterlife Show (With Hector Plasma),Director
Matheus Humberto Sehnem Funari,The Afterlife Show (With Hector Plasma),Director
Pedro Paulo Rangel,The Nothing,Elenco
Larissa Maciel,The Nothing,Elenco
André Ladeia,The Nothing,Director
Victor Abreu,Close Your Eyes,Director
Wellington Abreu,Devil's Guitar,Elenco
Andreia Vieira,Devil's Guitar,Elenco
Marquim do Tropa,Devil's Guitar,Elenco
Franklin Ferreira,Devil's Guitar,Elenco
Guilherme Bacalhao,Devil's Guitar,Director
Adirley Queirós,Devil's Guitar,Writer
Elcio Basilio,Ossip & Marina - the forbidden words,Director
Victor Di Marco,Zagêro,Elenco
Emiliano Cunha,Zagêro,Elenco
Victor Di Marco,Zagêro,Writer
Márcio Picoli,Zagêro,Director
Laura Moglia,Zagêro,Producer
Victor Di Marco,Zagêro,Director
Márcio Picoli,Zagêro,Producer
Chico Bahia,What Awaits Us,Director
Bruno Xavier,What Awaits Us,Director
Lucas Miranda Gonçalves,Meu Último Filme,Director
Maria De Biase,Linea 604,Director
Daniel Jaber,152 AB,Elenco
Luciana Damasceno,152 AB,Elenco
Daniel Jaber,152 AB,Director
Jelton Oliveira,152 AB,Director
Zenaide,"América, do Sul",Elenco
Deusa,"América, do Sul",Elenco
Juliana Albuquerque,"América, do Sul",Elenco
Elias Kacá,"América, do Sul",Elenco
Maria Clara Bastos,"América, do Sul",Director
Pedro Linguitte,"América, do Sul",Writer
Maria Clara Bastos,"América, do Sul",Writer
Clarice Duo,"América, do Sul",Producer
Gustavo Colombini,Post-performance,Director
Pablo Monteiro,João de Una has an Ox,Director
Anakas,72 Horas,Elenco
Milena,72 Horas,Elenco
Vitor Pires,72 Horas,Elenco
Conrad Fleck,72 Horas,Elenco
Lucas Bellator,72 Horas,Elenco
Lucas Bellator,72 Horas,Director
Luiza Spotorno,Jaguar,Director
Samuel D'Almeida,CENTRO SATURADO,Director
Henrique Lopes,Jornal da Semana Retrasada,Elenco
Vitor Nunes,Jornal da Semana Retrasada,Elenco
Antônio Carpes,Jornal da Semana Retrasada,Elenco
Miguel Souza,Jornal da Semana Retrasada,Elenco
Rogério Gherrilha,Jornal da Semana Retrasada,Elenco
Sofia Santos,Jornal da Semana Retrasada,Elenco
Henrique Lopes,Jornal da Semana Retrasada,Writer
Henrique Lopes,Jornal da Semana Retrasada,Director
Vitor Nunes,Jornal da Semana Retrasada,Director
Vitor Nunes,Jornal da Semana Retrasada,Writer
Tadeu Fidalgo,ndoa,Director
Tião Hughes Guerreiro Marques,Wormhole,Elenco
Cláudio Marques,Wormhole,Elenco
Marília Hughes Guerreiro,Wormhole,Elenco
Oscar Martínez,Wormhole,Elenco
Marília Hughes Guerreiro,Wormhole,Director
Cláudio Marques,Wormhole,Director
Elisa Bessa,Você,Director
Max Suen,The Pleasure Is Mine,Elenco
Katja Alemann,The Pleasure Is Mine,Elenco
Vladimir Durán,The Pleasure Is Mine,Elenco
Sofía Palomino,The Pleasure Is Mine,Elenco
Paco Fernández Onnainty,The Pleasure Is Mine,Elenco
Anabella Bacigalupo,The Pleasure Is Mine,Elenco
Julián Larquier Tellarini,The Pleasure Is Mine,Elenco
Luciano Suardi,The Pleasure Is Mine,Elenco
José Vicente Orozco,The Pleasure Is Mine,Elenco
Belén Datwiler,The Pleasure Is Mine,Elenco
Iair Said,The Pleasure Is Mine,Elenco
Ivana Zacharski,The Pleasure Is Mine,Elenco
Iván Haidar,The Pleasure Is Mine,Elenco
Ramón Cohen Arazi,The Pleasure Is Mine,Elenco
Sacha Amaral,The Pleasure Is Mine,Director
Soledad Mariel Fernández,The Pleasure Is Mine,Producer
Sacha Amaral,The Pleasure Is Mine,Writer
Agustín Gagliardi,The Pleasure Is Mine,Producer
Kaye Djamilia,Quando Meus Lábios Sagrados Disseram Palavras Secretas,Elenco
Silvia Moura,Quando Meus Lábios Sagrados Disseram Palavras Secretas,Elenco
Maria Vitória,Quando Meus Lábios Sagrados Disseram Palavras Secretas,Elenco
Drica Marques,Quando Meus Lábios Sagrados Disseram Palavras Secretas,Elenco
Luan Bastos,Quando Meus Lábios Sagrados Disseram Palavras Secretas,Elenco
Rafael Melo,Quando Meus Lábios Sagrados Disseram Palavras Secretas,Elenco
Briar Aguarrás,Quando Meus Lábios Sagrados Disseram Palavras Secretas,Director
Kaye Djamilia,Quando Meus Lábios Sagrados Disseram Palavras Secretas,Director
Thalysson Feydit,Tenebris,Elenco
Thaísa Nunes Franciscon,Tenebris,Elenco
Vitor Steiger Pereira de Queiroz,Tenebris,Elenco
Marcelo Formiga,Tenebris,Director
Pedro Paulo Gouvêa,Tenebris,Producer
Leonardo A. Souza,Tenebris,Writer
Cláudia Cantur,UrêaSêca,Elenco
Gabi Lua,UrêaSêca,Elenco
Glaucia Samito,UrêaSêca,Elenco
Da Vinci,UrêaSêca,Elenco
Pix,UrêaSêca,Elenco
Dizio Brito,UrêaSêca,Director
Jorge Bodanzky,Limites do diáfano,Elenco
Jorge Bodanzky,Limites do diáfano,Director
Patty Pires,Crayon,Elenco
Priscila Queiroz,Crayon,Elenco
Zami Formiga,Crayon,Elenco
Becca Lutz,Crayon,Director
Juno,Crayon,Director
Becca Lutz,Crayon,Writer
Juno,Crayon,Writer
Leonardo Lovantino,Maputo,Elenco
João Guilherme Fonseca,Maputo,Elenco
Francisco Cabral,Maputo,Elenco
Kimberlly Martins,Maputo,Elenco
Lucas Abrahao,Maputo,Director
Lucas Abrahao,Maputo,Writer
André Almeida,Maputo,Writer
Gustavo Aguiar,Maputo,Producer
Lucas Abrahao,Maputo,Producer
Lucas Haas,Maputo,Producer
Agnieszka Popinska,Moja Mama,Director
Pietro Fabiano,Antes do show,Elenco
Pietro Fabiano,Antes do show,Director
Caio Omena,Cold Hands,Director
Caio Omena,Cold Hands,Producer
Sinara Leão,Chuva,Elenco
Sinara Leão,Chuva,Elenco
Sinara Leão,Chuva,Elenco
Sinara Leão,Chuva,Elenco
Fernanda Tavares,Chuva,Director
Fernanda Tavares,Chuva,Writer
Beatriz Ribeiro Barreto,2024: Uma Odisséia na Unijorge,Elenco
Gustavo Petilho,2024: Uma Odisséia na Unijorge,Elenco
Júlia Sala,2024: Uma Odisséia na Unijorge,Elenco
Gabriel Moreno Jr.,2024: Uma Odisséia na Unijorge,Elenco
Beatriz Ribeiro Barreto,2024: Uma Odisséia na Unijorge,Director
Lorenzo Aragão,Punhos à Flor da Pele,Elenco
Marcos Coqueiro,Punhos à Flor da Pele,Elenco
Gilmar Pereira,Punhos à Flor da Pele,Elenco
Pedro Costa,Punhos à Flor da Pele,Elenco
Ailton Junior,Punhos à Flor da Pele,Elenco
Davi Ricardo Trindade,Punhos à Flor da Pele,Elenco
Darlan Vinicius Trindade,Punhos à Flor da Pele,Elenco
Gabriel Moreno Jr.,Punhos à Flor da Pele,Elenco
Daniel Almeida,Punhos à Flor da Pele,Elenco
Sandro Jaqueira,Punhos à Flor da Pele,Elenco
Caio Barbosa,Punhos à Flor da Pele,Elenco
Rafael Soares,Punhos à Flor da Pele,Elenco
Darlan Vinicius Trindade,Punhos à Flor da Pele,Director
Davi Ricardo Trindade,Punhos à Flor da Pele,Director
Fernanda Schiavo,Pra Sempre,Elenco
Mafe Certo,Pra Sempre,Elenco
Maria Clara Hilkner,Pra Sempre,Elenco
Santi Torres,Pra Sempre,Elenco
Eliel,Pra Sempre,Elenco
Lucas Sant’Ana,Pra Sempre,Elenco
Giovanna Gil,Pra Sempre,Elenco
Lívia Valiante,Pra Sempre,Elenco
Júlio César Quaquio,Pra Sempre,Elenco
Luiz Leal,Pra Sempre,Elenco
Daniela Torres de Oliveira,Pra Sempre,Producer
Fernanda Schiavo,Pra Sempre,Writer
André Corrêa,Pra Sempre,Director
Cláudia Alencar,"Mãe, Sequestraram a Babá!",Elenco
Drico Alves,"Mãe, Sequestraram a Babá!",Elenco
Letícia Pedro,"Mãe, Sequestraram a Babá!",Elenco
Luan Moreno,"Mãe, Sequestraram a Babá!",Director
Guilherme Gorski,Lovefool,Elenco
Filipa Pinto,Lovefool,Elenco
Júlia Palha,Lovefool,Elenco
Rafael Canedo,Lovefool,Elenco
Sónia Balacó,Lovefool,Elenco
Inês Sá Frias,Lovefool,Elenco
Mauro Hermínio,Lovefool,Elenco
Miguel Monteiro,Lovefool,Elenco
Paula Weinfeld,Lovefool,Elenco
Pedro Henrique Moutinho,Lovefool,Elenco
Bruna Thedy,Lovefool,Elenco
Cintia Dicker,Lovefool,Elenco
Maud Mosterd,Lovefool,Elenco
Bernardo Silva,Lovefool,Elenco
Helena Caldeira,Lovefool,Elenco
Jorge Albuquerque,Lovefool,Elenco
Hermano Moreira,Lovefool,Writer
Hermano Moreira,Lovefool,Director
Juliana Calejan,Lovefool,Writer
Eduardo Rezende,Lovefool,Producer
Justin Amorim,Lovefool,Producer
Johnny Massaro,"Turn It Up, It's Rock 'n' Roll",Elenco
Marina Provenzzano,"Turn It Up, It's Rock 'n' Roll",Elenco
George Sauma,"Turn It Up, It's Rock 'n' Roll",Elenco
Orã Figueiredo,"Turn It Up, It's Rock 'n' Roll",Elenco
Sílvio Guindane,"Turn It Up, It's Rock 'n' Roll",Elenco
Flora Diegues,"Turn It Up, It's Rock 'n' Roll",Elenco
Joana Castro,"Turn It Up, It's Rock 'n' Roll",Elenco
Clarice Sauma,"Turn It Up, It's Rock 'n' Roll",Elenco
Luana Valentim,"Turn It Up, It's Rock 'n' Roll",Elenco
Mag Pastori,"Turn It Up, It's Rock 'n' Roll",Elenco
Bella Camero,"Turn It Up, It's Rock 'n' Roll",Elenco
André Dale,"Turn It Up, It's Rock 'n' Roll",Elenco
Felipe Haiut,"Turn It Up, It's Rock 'n' Roll",Elenco
Saulo Arcoverde,"Turn It Up, It's Rock 'n' Roll",Elenco
João Vitor Silva,"Turn It Up, It's Rock 'n' Roll",Elenco
Cadu Fávero,"Turn It Up, It's Rock 'n' Roll",Elenco
Charles Fricks,"Turn It Up, It's Rock 'n' Roll",Elenco
Hamilton Vaz Pereira,"Turn It Up, It's Rock 'n' Roll",Elenco
Gillray Coutinho,"Turn It Up, It's Rock 'n' Roll",Elenco
Adriano Garib,"Turn It Up, It's Rock 'n' Roll",Elenco
Raoni Seixas,"Turn It Up, It's Rock 'n' Roll",Elenco
Bernardo Valença,"Turn It Up, It's Rock 'n' Roll",Elenco
Bruno Jablonski,"Turn It Up, It's Rock 'n' Roll",Elenco
Cintia Rosa,"Turn It Up, It's Rock 'n' Roll",Elenco
José Araújo,"Turn It Up, It's Rock 'n' Roll",Elenco
Felipe Ruggeri,"Turn It Up, It's Rock 'n' Roll",Elenco
Eduardo Speroni,"Turn It Up, It's Rock 'n' Roll",Elenco
Julio Oliveto,"Turn It Up, It's Rock 'n' Roll",Elenco
Filipe Vieira,"Turn It Up, It's Rock 'n' Roll",Elenco
Tomás Portella,"Turn It Up, It's Rock 'n' Roll",Director
Renata Magalhães,"Turn It Up, It's Rock 'n' Roll",Producer
Carlos Diegues,"Turn It Up, It's Rock 'n' Roll",Producer
Diogo Dahl,"Turn It Up, It's Rock 'n' Roll",Producer
Ellie Bamber,The Seven Sorrows of Mary,Elenco
James Frecheville,The Seven Sorrows of Mary,Elenco
Mari Oliveira,The Seven Sorrows of Mary,Elenco
Charlotta Mohlin,The Seven Sorrows of Mary,Elenco
Digão Ribeiro,The Seven Sorrows of Mary,Elenco
Ramon Francisco,The Seven Sorrows of Mary,Elenco
Jorge Neto,The Seven Sorrows of Mary,Elenco
Francisco Gaspar,The Seven Sorrows of Mary,Elenco
Pedro Varela,The Seven Sorrows of Mary,Director
Rene Bastian,The Seven Sorrows of Mary,Producer
Pedro Varela,The Seven Sorrows of Mary,Writer
Vania Marques,Cena Viva: Trajetórias e Transformações,Elenco
José Parente,Cena Viva: Trajetórias e Transformações,Elenco
Carla Ávila,Cena Viva: Trajetórias e Transformações,Elenco
Gil Esper,Cena Viva: Trajetórias e Transformações,Elenco
Éveli Monique,Cena Viva: Trajetórias e Transformações,Director
Bruno Augusto,Cena Viva: Trajetórias e Transformações,Director
Bruno Augusto,Cena Viva: Trajetórias e Transformações,Writer
José Parente,Cena Viva: Trajetórias e Transformações,Writer
Nando Almeida,Guerra Civil,Elenco
Antero Vilela,Guerra Civil,Elenco
Clara Paixão,Guerra Civil,Elenco
Clóvys Tôrres,Guerra Civil,Elenco
Arthur Magalhães,Guerra Civil,Elenco
Miguel Rosa,Guerra Civil,Elenco
Yuri Felipe,Guerra Civil,Elenco
Brenda Felipeti,Guerra Civil,Elenco
Núbia Felipeti,Guerra Civil,Elenco
Lucas Metropolo,Guerra Civil,Elenco
Flávio Carnielli,Guerra Civil,Producer
Flávio Carnielli,Guerra Civil,Director
Letícia Ruiz,Guerra Civil,Producer
Roberto Borenstein,Todo Dia É O Memo Dia,Elenco
Tuna Dwek,Todo Dia É O Memo Dia,Elenco
Alexandre Estevanato,Todo Dia É O Memo Dia,Director
Marina Menezes,O Caboclo,Elenco
Charles Baltazar,O Caboclo,Elenco
Luisa Soares,O Caboclo,Elenco
Guilherme Fries,O Caboclo,Elenco
Arthur Selegar,O Caboclo,Director
Luisa Soares,O Caboclo,Writer
Miller Alcântara,Sangria,Elenco
W Mate-U,Sangria,Elenco
Rudyeri Ribeiro,Sangria,Writer
Rudyeri Ribeiro,Sangria,Director
Jonathan R. de Almeida,Vibrações Positivas,Director
Jonathan R. de Almeida,Vibrações Positivas,Writer
Raquel Tolentino,Vibrações Positivas,Writer
Ygor Alves,Vibrações Positivas,Producer
Fábio Iafrate,Vibrações Positivas,Writer
Denise Marchi,O Sal da Lagoa,Director
Daniel Almeida,O Sal da Lagoa,Director
Daniela Carvalho Israel,O Sal da Lagoa,Producer
A.D. Calvo,Let the Moon Be My Moon,Elenco
A.D. Calvo,Let the Moon Be My Moon,Director
Linda Ayr Calvo,Let the Moon Be My Moon,Producer
A.D. Calvo,Let the Moon Be My Moon,Writer
Ayrton Senna,Senna 30 Anos: O Dia que Ainda Não Terminou,Elenco
Roberto Cabrini,Senna 30 Anos: O Dia que Ainda Não Terminou,Elenco
Galvão Bueno,Senna 30 Anos: O Dia que Ainda Não Terminou,Elenco
Adriane Galisteu,Senna 30 Anos: O Dia que Ainda Não Terminou,Elenco
Betise Assumpção,Senna 30 Anos: O Dia que Ainda Não Terminou,Elenco
Christian Fittipaldi,Senna 30 Anos: O Dia que Ainda Não Terminou,Elenco
Nicola Larini,Senna 30 Anos: O Dia que Ainda Não Terminou,Elenco
Neyde Senna,Senna 30 Anos: O Dia que Ainda Não Terminou,Elenco
Viviane Senna,Senna 30 Anos: O Dia que Ainda Não Terminou,Elenco
Lilian Vasconcellos,Senna 30 Anos: O Dia que Ainda Não Terminou,Elenco
Bernie Ecclestone,Senna 30 Anos: O Dia que Ainda Não Terminou,Elenco
Patrick Head,Senna 30 Anos: O Dia que Ainda Não Terminou,Elenco
Adrian Newey,Senna 30 Anos: O Dia que Ainda Não Terminou,Elenco
Roberto Cabrini,Senna 30 Anos: O Dia que Ainda Não Terminou,Director
Bruno Lima,Senna 30 Anos: O Dia que Ainda Não Terminou,Producer
Letícia Fagundes,Senna 30 Anos: O Dia que Ainda Não Terminou,Producer
Raphael Mendonça,Senna 30 Anos: O Dia que Ainda Não Terminou,Producer
Angélica Balbin,Senna 30 Anos: O Dia que Ainda Não Terminou,Producer
Letícia Fagundes,Senna 30 Anos: O Dia que Ainda Não Terminou,Writer
Ana Júlia de Grammont,Senna 30 Anos: O Dia que Ainda Não Terminou,Writer
Murillo Napoli,GRIS,Elenco
Enzo Breder,GRIS,Elenco
Grieco Holtz,GRIS,Director
Enzo Breder,GRIS,Director
Murillo Napoli,GRIS,Producer
Enzo Breder,GRIS,Producer
Grieco Holtz,GRIS,Producer
Enzo Breder,GRIS,Writer
Denner Lobo,Sertão Fantástico,Elenco
Alvenir Mamona,Sertão Fantástico,Elenco
Lion Guimarães,Sertão Fantástico,Elenco
Lion Guimarães,Sertão Fantástico,Elenco
Jorge Lucas,Sertão Fantástico,Director
Jorge Lucas,Sertão Fantástico,Producer
João Vitor Sabry,Sertão Fantástico,Producer
Jorge Lucas,Sertão Fantástico,Writer
Victor azevedo,Abdias,Elenco
Luz Calazans,Abdias,Elenco
Jade,Abdias,Elenco
Victor azevedo,Abdias,Director
Jade,Abdias,Director
Luz Calazans,Abdias,Director
Rosa Vieira,Mutsoóngo Malaávu,Director
Ayrton Senna,Senna: 30 Anos,Elenco
Lucas Fernandes,Senna: 30 Anos,Elenco
Galvão Bueno,Senna: 30 Anos,Elenco
Viviane Senna,Senna: 30 Anos,Elenco
Luís Roberto de Múcio Paranhos,Senna: 30 Anos,Elenco
Waldonys,Senna: 30 Anos,Elenco
Antero Neto,Senna: 30 Anos,Elenco
Marcos Montenegro,Senna: 30 Anos,Elenco
Eduardo Cobra,Senna: 30 Anos,Elenco
Lucas Fernandes,Senna: 30 Anos,Producer
Lucas Fernandes,Senna: 30 Anos,Director
Vincent Bennett,Insalubre,Elenco
Vincent Bennett,Insalubre,Director
Rafael Santos,nowhere,Elenco
Aiko Motta,nowhere,Elenco
Brian Hanser,nowhere,Elenco
Boris Simão,nowhere,Director
Boris Simão,nowhere,Writer
Sandra Lúcia,Pontal da Barra,Elenco
Daniel Ricardo,Pontal da Barra,Elenco
Daniel Ricardo,Pontal da Barra,Director
Daniel Ricardo,Pontal da Barra,Writer
Daniel Ricardo,Pontal da Barra,Producer
Maye,Pontal da Barra,Producer
Lô,They can dance,Elenco
Helena,They can dance,Elenco
Fátima,They can dance,Elenco
Carlos Dias Oliveira,They can dance,Writer
Gilles Diniz,They can dance,Writer
Dani Arakati,They can dance,Director
Tainah Amaral,They can dance,Director
Roberta Rocha,They can dance,Producer
Editora Taverna,The Cure,Director
John Michael,John Michael's Project,Elenco
Roberto Carlos,John Michael's Project,Elenco
Tim Maia,John Michael's Project,Elenco
Chimbinha,John Michael's Project,Elenco
Júlia Galúcio,John Michael's Project,Director
Lucas Hamdan,Le Rat,Elenco
Rafaela Bernardi,Le Rat,Elenco
Carolina Martins,Le Rat,Director
Edmundo de Novaes Gomes,Le Rat,Writer
Ana Neves,Chão,Elenco
Philippe Wolney,Chão,Director
Phillippe Wolney,Chão,Writer
Letícia Braga,Meninas Não Choram,Elenco
Cauã Martins,Meninas Não Choram,Elenco
Alana Cabral,Meninas Não Choram,Elenco
Duda Matte,Meninas Não Choram,Elenco
Marjorie Queiroz ,Meninas Não Choram,Elenco
Pedro Miranda,Meninas Não Choram,Elenco
Fernanda Rodrigues,Meninas Não Choram,Elenco
Emílio Orciollo Netto,Meninas Não Choram,Elenco
Giuseppe Oristanio,Meninas Não Choram,Elenco
Elisa Lucinda,Meninas Não Choram,Elenco
Amanda Richter,Meninas Não Choram,Elenco
Juliana Lucci,Meninas Não Choram,Elenco
Jean Michel,Meninas Não Choram,Elenco
Alê Oliveira,Meninas Não Choram,Elenco
Isabel Guéron,Meninas Não Choram,Elenco
Rafael Sieg,Meninas Não Choram,Elenco
Ricardo Martins,Meninas Não Choram,Elenco
Roberta Santiago,Meninas Não Choram,Elenco
Symone Strobel,Meninas Não Choram,Elenco
Fernando Sampaio,Meninas Não Choram,Elenco
Danilo Maia,Meninas Não Choram,Elenco
Joana Seibel,Meninas Não Choram,Elenco
Camila Rocha,Meninas Não Choram,Elenco
Letícia Santiago,Meninas Não Choram,Elenco
Vivianne Jundi,Meninas Não Choram,Director
Tomás Darcyl,Meninas Não Choram,Producer
Gabriel Amaral,Meninas Não Choram,Writer
Bryan Ruffo,Meninas Não Choram,Writer
Gabriel Gurman,Meninas Não Choram,Producer
Mariza Leão,Meninas Não Choram,Producer
Tiago Rezende,Meninas Não Choram,Producer
Ricardo Costianovsky,Meninas Não Choram,Producer
Maria Luiza França,Toque,Elenco
Maria Valle,Toque,Elenco
Sofia Werlang,Toque,Director
Maurício Manfrini,Top Love,Elenco
Ataíde Arcoverde,Top Love,Elenco
Maurício de Barros,Top Love,Elenco
Giovani Braz,Top Love,Elenco
Romulo Bellotti,Top Love,Elenco
Paulo Mathias Jr.,Top Love,Elenco
Raphael Carvalho,Top Love,Elenco
Carlos Alberto de Nóbrega,Top Love,Elenco
Polly Marinho,Top Love,Elenco
Ary França,Top Love,Elenco
Paulo Pioli,Top Love,Elenco
Nicole Louise,Top Love,Elenco
Juliana Guimarães,Top Love,Elenco
Marlus Vieira,Top Love,Elenco
Ferrugem,Top Love,Elenco
Haimi Souza,Top Love,Elenco
Poliana Botelho,Top Love,Elenco
Pedro Falcão,Top Love,Elenco
Priscila Menucci,Top Love,Elenco
Angela Rabello,Top Love,Elenco
Raphael Monteiro,Top Love,Elenco
Ricardo de Mello,Top Love,Elenco
Maria Clara David,Top Love,Elenco
Roberto Santucci,Top Love,Elenco
Eduardo Kropf,Top Love,Elenco
Angelina Gavrilyuk,Top Love,Elenco
Pedro Pauleey,Top Love,Elenco
Alex Belo,Top Love,Elenco
Vinicius Mello,Top Love,Elenco
Lian Costa,Top Love,Elenco
Gabriel Maria Torres,Top Love,Elenco
Ângelo Santoro,Top Love,Elenco
Risky Peixoto Santucci,Top Love,Elenco
João Paulo Horta,Top Love,Writer
Marina Meira,Top Love,Writer
Roberto Santucci,Top Love,Director
Luiz Noronha,Top Love,Producer
Marcelo Andrade,Top Love,Writer
Andrey Grego,Maedeh/Mina,Elenco
Nena Silva,Maedeh/Mina,Elenco
Camila Ferrari,Maedeh/Mina,Elenco
Victor Rodrigues,Maedeh/Mina,Elenco
Kino Lopes,Maedeh/Mina,Elenco
Luiz Rocha,Maedeh/Mina,Elenco
Daniel Pitta,Maedeh/Mina,Elenco
Amanda Sucupira,Maedeh/Mina,Elenco
Gaspar Barrios,Maedeh/Mina,Elenco
Xavier Braun,Maedeh/Mina,Director
Caio Bortolotti,Terra Revolta,Director
Barbara Goulart,Terra Revolta,Director
Marcelo Cauã,Legion Power World: Epic Saga,Elenco
Thiago Winícius,Legion Power World: Epic Saga,Elenco
Matheus Carvalho,Legion Power World: Epic Saga,Elenco
Samarha Almeida,Legion Power World: Epic Saga,Elenco
Emmanuel Alexandre,Legion Power World: Epic Saga,Elenco
Ana Clara,Legion Power World: Epic Saga,Elenco
Edmilson Filho,Férias Trocadas,Elenco
Carol Castro,Férias Trocadas,Elenco
Aline Campos,Férias Trocadas,Elenco
Klara Castanho,Férias Trocadas,Elenco
Matheus Costa,Férias Trocadas,Elenco
Flávia Garrafa,Férias Trocadas,Elenco
Gustavo Mendes,Férias Trocadas,Elenco
Raphael Viana,Férias Trocadas,Elenco
Luciana Paes,Férias Trocadas,Elenco
Fernanda Moro,Férias Trocadas,Elenco
Diego de Lima,Férias Trocadas,Elenco
Gabriel Marinho,Férias Trocadas,Elenco
Cristina Polentino,Férias Trocadas,Elenco
Erick Crizón,Férias Trocadas,Elenco
Bruno Barreto,Férias Trocadas,Director
Veronica Stumpf,Férias Trocadas,Producer
Marcio Fraccaroli,Férias Trocadas,Producer
André Fraccaroli,Férias Trocadas,Producer
Mayara Nobre,Return,Elenco
Edson Ferreira,Return,Elenco
Aimée Mendes,Return,Elenco
Edson Ferreira,Return,Elenco
Arthur Paiosi,Return,Director
Pedro Avellar,Return,Producer
Marina Contrucci,Gritos de um Concreto Cruel,Elenco
Luiza Lindner,Gritos de um Concreto Cruel,Elenco
Luiza Lindner,Gritos de um Concreto Cruel,Director
Marina Contrucci,Gritos de um Concreto Cruel,Director
Luiza Lindner,Gritos de um Concreto Cruel,Writer
Marina Contrucci,Gritos de um Concreto Cruel,Writer
Uba Terra,uba,Elenco
Uba Terra,uba,Director
Uba Terra,uba,Writer
Helena Bubolz,A Volta do Mecenas,Elenco
Lorenzo Fraga,A Volta do Mecenas,Elenco
Lorenzo Fraga,A Volta do Mecenas,Director
Lorenzo Fraga,A Volta do Mecenas,Writer
Helena Bubolz,A Volta do Mecenas,Writer
Telma Gomes,Is it Christmas?,Elenco
Serginho Clemente,Is it Christmas?,Elenco
Cinara Vitor,Is it Christmas?,Elenco
Valentina Pedro,Is it Christmas?,Elenco
Gustavo Araujo,Is it Christmas?,Director
Arthur Lobato,Is it Christmas?,Producer
Vinícius Neris,Is it Christmas?,Producer
Beatriz Cruz,Fragmentária,Elenco
Juan Vilar,Fragmentária,Director
Juan Vilar,Fragmentária,Writer
Rodrigo Marques,Paz de Darwin,Elenco
Rodrigo Marques,Paz de Darwin,Writer
Patrick Maia,Paz de Darwin,Director
Joice Modena,Paz de Darwin,Producer
Pietro Picolomini,Carteira Assinada,Director
Uzi Uschi,Flatus em Festa,Elenco
Petter Baiestorf,Flatus em Festa,Writer
Petter Baiestorf,Flatus em Festa,Director
Petter Baiestorf,Flatus em Festa,Producer
Petter Baiestorf,Singularidade Nua,Producer
Petter Baiestorf,Singularidade Nua,Writer
Petter Baiestorf,Singularidade Nua,Director
Petter Baiestorf,Sacada,Producer
Petter Baiestorf,Sacada,Director
Petter Baiestorf,Sacada,Writer
Brenno Lucena,VELHO ELEVADOR,Elenco
Brenno Lucena,VELHO ELEVADOR,Director
Caio Omena,Voyeur Somewhere,Director
Caio Omena,Voyeur Somewhere,Writer
Caio Omena,Voyeur Somewhere,Producer
Caio Omena,Pré-Práxis,Producer
Caio Omena,Pré-Práxis,Director
Caio Omena,Pré-Práxis,Writer
Lucas Antôny,Além Do Pedal,Elenco
Bruce wilhe,Além Do Pedal,Elenco
Camilla soares,Além Do Pedal,Elenco
Andreia cabral,Além Do Pedal,Elenco
João Valadares,Além Do Pedal,Elenco
Lucas Antôny,Além Do Pedal,Director
Rose,Elas por Elas,Elenco
Maria,Elas por Elas,Elenco
Beatriz,Elas por Elas,Elenco
Kamily,Elas por Elas,Elenco
Barbara,Elas por Elas,Elenco
Renata Silva,Elas por Elas,Director
Rodrigo Schmidt,Surfe Alternativo,Director
Samuel D'Almeida,PROJETO PATAGÔNIA,Elenco
Samuel D'Almeida,PROJETO PATAGÔNIA,Director
Davi Brito,Davi: Um Cara Comum da Bahia,Elenco
Marília Viana,As The Night Fades,Elenco
Michel Pereira,As The Night Fades,Elenco
Lisandro di Prospero,As The Night Fades,Elenco
Gabi Mendes,As The Night Fades,Elenco
Bia Lobo,As The Night Fades,Elenco
Heitor Elias,As The Night Fades,Elenco
Simon Pereira,As The Night Fades,Writer
Simon Pereira,As The Night Fades,Director
Henrique Cavallari,As The Night Fades,Producer
Henrique Cavallari,As The Night Fades,Writer
Samantha Zulian de Medeiros,All That Matters,Elenco
Tomás Zulian,All That Matters,Elenco
Cássia Janeiro,All That Matters,Elenco
Lira Janeiro,All That Matters,Elenco
Lya Marrone Marcolino,All That Matters,Elenco
Alice Marcone,All That Matters,Elenco
Alan Marcolino,All That Matters,Elenco
Coraci Ruiz,All That Matters,Director
Coraci Ruiz,All That Matters,Writer
Luiza Fagá,All That Matters,Writer
Coraci Ruiz,All That Matters,Producer
Hidalgo Romero,All That Matters,Producer
Ruan Bertuce,Memories and Love Letters For Sale,Elenco
Cristina Neves,Memories and Love Letters For Sale,Producer
Ruan Bertuce,Memories and Love Letters For Sale,Director
Ruan Bertuce,Memories and Love Letters For Sale,Producer
Cristina Neves,Memories and Love Letters For Sale,Director
Lauro Moreira,O Voo da Borboleta Amarela,Elenco
Roberto De Martin,O Voo da Borboleta Amarela,Elenco
David Landeiro,O Voo da Borboleta Amarela,Elenco
Jorge Oliveira,O Voo da Borboleta Amarela,Director
Ana Maria Rocha,O Voo da Borboleta Amarela,Producer
Pedro Frutuoso,The Ridiculous,Elenco
Petter Nalla,The Ridiculous,Elenco
Clau Corte,The Ridiculous,Elenco
Pedro Frutuoso,The Ridiculous,Elenco
Rafael Ramagem,The Ridiculous,Elenco
Grazi Corazza,The Ridiculous,Elenco
Thadeu Machado,The Ridiculous,Elenco
João Monteiro,The Ridiculous,Elenco
Beatriz Leal,The Ridiculous,Elenco
Letícia Sayuri,The Ridiculous,Elenco
Beatriz Macedo,The Ridiculous,Elenco
Francenilton Klava,The Ridiculous,Director
Francenilton Klava,The Ridiculous,Producer
Beatriz Costa,Batuque,Producer
Rafaela Oliveira,Batuque,Producer
Alex Brito,Batuque,Writer
André Quevedo Pacheco,Batuque,Writer
Alex Brito,Batuque,Director
André Quevedo Pacheco,Batuque,Director
Sabryna Ramalho,Market Day,Elenco
Samira Arima,Market Day,Elenco
Duda Neres,Market Day,Director
Douglas Soares,Market Day,Producer
Willian Lansten,I Don't Like Being Alone,Elenco
Vicente Junior,I Don't Like Being Alone,Elenco
Jamilly Lopes,I Don't Like Being Alone,Elenco
Enrique Oliveira,I Don't Like Being Alone,Producer
Enrique Oliveira,I Don't Like Being Alone,Writer
Enrique Oliveira,I Don't Like Being Alone,Director
Simone Macedo,Praying for Us,Elenco
Angélica Moreira,Praying for Us,Elenco
Meirilinda,Praying for Us,Producer
Frederico Loyola,Praying for Us,Director
Martins Samara,Praying for Us,Writer
Meirilinda,Praying for Us,Writer
Aline Deluna,As Margens de Canavieiras,Elenco
Vertin Moura,As Margens de Canavieiras,Elenco
José Frazão,As Margens de Canavieiras,Director
Helio Bicudo,Impeachment: O Brasil nas Ruas,Elenco
Rogério Chequer,Impeachment: O Brasil nas Ruas,Elenco
Fernando Holiday,Impeachment: O Brasil nas Ruas,Elenco
Ives Gandra Martins,Impeachment: O Brasil nas Ruas,Elenco
Janaína Paschoal,Impeachment: O Brasil nas Ruas,Elenco
Paulo Moura,Impeachment: O Brasil nas Ruas,Director
Paulo Moura,Impeachment: O Brasil nas Ruas,Writer
Paulo Moura,Impeachment: O Brasil nas Ruas,Producer
Beto Souza,Impeachment: O Brasil nas Ruas,Director
Beto Souza,Impeachment: O Brasil nas Ruas,Writer
Beto Souza,Impeachment: O Brasil nas Ruas,Producer
Eudma Poliana,Desalarme,Elenco
Wagner Scarpatti,Desalarme,Elenco
Paula Ueno,Desalarme,Writer
Sara  Ospedal,Desalarme,Writer
Gabriel Scarpatti,Desalarme,Director
Gabriel Scarpatti,Desalarme,Writer
Sara  Ospedal,Desalarme,Director
Paula Ueno,Desalarme,Director
Mariane Pachu,Amarga Ilusão,Elenco
Pablo Campos,Amarga Ilusão,Elenco
Rafael Abreu,Amarga Ilusão,Producer
Eduardo Mediano,Amarga Ilusão,Writer
Mariane Pachu,Amarga Ilusão,Producer
Rafael van der Haagen,Amarga Ilusão,Director
Pablo Campos,Amarga Ilusão,Writer
Rafael van der Haagen,Amarga Ilusão,Producer
Danyel Sueth,Don't Return,Elenco
Ivan Forneron,Don't Return,Elenco
Danyel Sueth,Don't Return,Director
Diego Scarparo,Don't Return,Director
Nina Tedesco,Vermelho-Oliva,Director
John John Sampaio,Mente Distorcida - Corte do Diretor,Elenco
Rodrigo Domingues,Mente Distorcida - Corte do Diretor,Elenco
Beatriz Escobar,Mente Distorcida - Corte do Diretor,Elenco
Marcio Mainiere,Mente Distorcida - Corte do Diretor,Elenco
Jakyson Oliveira,Mente Distorcida - Corte do Diretor,Elenco
Maria Eduarda Leiras,Mente Distorcida - Corte do Diretor,Elenco
João Vitor Martins,Mente Distorcida - Corte do Diretor,Elenco
Max Amaral Júnior,Mente Distorcida - Corte do Diretor,Writer
João Vitor Martins,Mente Distorcida - Corte do Diretor,Director
Beatriz Escobar,Mente Distorcida - Corte do Diretor,Director
Chaim Litewski,A Guerra da Lagosta,Director
Luke G. Brandl,Goianinha Bay,Elenco
Joseph Vitor,Goianinha Bay,Director
Joseph Vitor,Goianinha Bay,Writer
Luke G. Brandl,Goianinha Bay,Producer
Luke G. Brandl,Goianinha Bay,Writer
Elio Copini,Piquenique no Castelo,Elenco
Barbi Cauzzi,Piquenique no Castelo,Elenco
Petter Baiestorf,Piquenique no Castelo,Elenco
Airton Bratz,Piquenique no Castelo,Elenco
José Pignat,Piquenique no Castelo,Elenco
Petter Baiestorf,Piquenique no Castelo,Producer
Petter Baiestorf,Piquenique no Castelo,Director
Petter Baiestorf,Piquenique no Castelo,Writer
Eduardo Lucamba Acantonado,“SÓ” Short Film,Elenco
Daniela Luz,“SÓ” Short Film,Elenco
Pedro Preve,“SÓ” Short Film,Director
Jean Ventura,“SÓ” Short Film,Producer
Marcilio Mendes,“SÓ” Short Film,Producer
Eduardo Lucamba Acantonado,“SÓ” Short Film,Producer
Gustavo Hartmann,“SÓ” Short Film,Producer
Kleilson Santos,Memórias de uma Caminhada à Noite,Elenco
Kleilson Santos,Memórias de uma Caminhada à Noite,Director
Kleilson Santos,Memórias de uma Caminhada à Noite,Producer
Kleilson Santos,Memórias de uma Caminhada à Noite,Writer
Erick Torres,ATUMALAKA: A RISADA FINAL,Elenco
Amelie Gomes,ATUMALAKA: A RISADA FINAL,Elenco
Vitória Peixoto,ATUMALAKA: A RISADA FINAL,Elenco
Arthur Pospichil,ATUMALAKA: A RISADA FINAL,Elenco
Erick Torres,ATUMALAKA: A RISADA FINAL,Director
Arthur Pospichil,ATUMALAKA: A RISADA FINAL,Director
Tuca Paoli,"Elas, Divinas",Director
Mariana Palumbo,"Elas, Divinas",Writer
Laura Orefice Folkmann,Absorta,Elenco
Luiza Pugliesi Villaça,Absorta,Director
Maria Beatriz do Amaral,Absorta,Producer
Luiza Pugliesi Villaça,Absorta,Writer
Maria Beatriz do Amaral,Absorta,Writer
Pedro França,Absorta,Writer
Laura Orefice Folkmann,Absorta,Producer
Leonardo da Riva,Absorta,Producer
Bernardo Kober,Absorta,Producer
Cler Reizale,CheckMates,Director
Milo Galante,CheckMates,Producer
Cler Reizale,CheckMates,Writer
Luiz Osmani,"Natal, à Noite, Sozinho",Elenco
Luiz Osmani,"Natal, à Noite, Sozinho",Director
Luiz Osmani,"Natal, à Noite, Sozinho",Producer
Luiz Osmani,"Natal, à Noite, Sozinho",Writer
Samuel Guerra,Treble Clef,Elenco
Vênus de Morais,Treble Clef,Elenco
Rosivane Gomes,Treble Clef,Elenco
Flávio Denner,Treble Clef,Elenco
Anderson Figueredo,Treble Clef,Director
Renato IMPERA,Dilma III - As Trombetas do Impeachment,Elenco
Tio Will,Dilma III - As Trombetas do Impeachment,Elenco
Sammy Rossel,Dilma III - As Trombetas do Impeachment,Elenco
Renato IMPERA,Dilma III - As Trombetas do Impeachment,Director
Renato IMPERA,Dilma III - As Trombetas do Impeachment,Writer
Brenno Lucena,A BESTA,Elenco
João Pedro Gomes Araujo,A BESTA,Elenco
Fernanda de Araújo Soares,A BESTA,Elenco
Brenno Lucena,A BESTA,Director
Fernanda de Araújo Soares,A BESTA,Director
Bruno Rapone,Is it Safe?,Elenco
Bruno Rapone,Is it Safe?,Producer
Bruno Rapone,Is it Safe?,Writer
Bruno Rapone,Is it Safe?,Director
Natasha Brígida,Punk da Periferia,Elenco
Renata Santos,Punk da Periferia,Elenco
Vanessa Black,Punk da Periferia,Elenco
Ana Luddin,Punk da Periferia,Elenco
Erick Sanders,Punk da Periferia,Elenco
Sirius Nightgale,Punk da Periferia,Elenco
Vinícius Garcia,Punk da Periferia,Elenco
Isabela Alves,Punk da Periferia,Director
Lua Berar,Punk da Periferia,Director
Jackson Silva,Punk da Periferia,Producer
Matheus Ceará,Partiu América,Elenco
Priscila Fantin,Partiu América,Elenco
Luara Fonseca,Partiu América,Elenco
Gabriel Palhares,Partiu América,Elenco
Rubens Santos,Partiu América,Elenco
Mução,Partiu América,Elenco
Flávio Andradde,Partiu América,Elenco
Igor Guimarães,Partiu América,Elenco
Chuck Norbas,Partiu América,Elenco
André Pateta,Partiu América,Elenco
Cássia Valle,Partiu América,Elenco
Mucio Eduardo,Partiu América,Elenco
Chico Américo,Partiu América,Elenco
Naiane Lima,Partiu América,Elenco
Josi Varjão,Partiu América,Elenco
Nany Gonçalves,Partiu América,Elenco
Chico Tomaz,Partiu América,Elenco
Ellis Ferreira,Partiu América,Elenco
Marcondes de Carmo,Partiu América,Elenco
Ana Clara Fernandes,Partiu América,Elenco
Clara Vitoriano,Partiu América,Elenco
Jean Dandrah,Partiu América,Elenco
Alice Quintiliano,Partiu América,Elenco
Vanessa Mello,Partiu América,Elenco
Cadu Pereiva,Partiu América,Elenco
Daniele Máximo,Partiu América,Elenco
Igor Pushinov,Partiu América,Elenco
Isa Salmen,Partiu América,Elenco
Daniel Matos,Partiu América,Elenco
Fabio Freire,Partiu América,Elenco
Juscelino Queiroz,Partiu América,Elenco
Rodrigo Cesar,Partiu América,Elenco
Rodrigo Cesar,Partiu América,Director
Cadu Pereiva,Partiu América,Writer
Rodrigo Cesar,Partiu América,Producer
Thiago Da Costa,Partiu América,Producer
Gabriel Gurman,Partiu América,Producer
Ricardo Costianovsky,Partiu América,Producer
Tomás Darcyl,Partiu América,Producer
Carlos Henrique,Natureza Iluminada,Director
Carlos Henrique,Natureza Iluminada,Writer
D.J. Marlboro,Na Terra De Marlboro,Elenco
Cavi Borges,Na Terra De Marlboro,Director
Cavi Borges,Na Terra De Marlboro,Producer
Rodrigo Guimarães,After the Margin,Director
Ian Neves,Por que odiamos? Ep.5: Ronald Reagan,Elenco
Ronald Reagan,Por que odiamos? Ep.5: Ronald Reagan,Elenco
Ian Neves,Por que odiamos? Ep.5: Ronald Reagan,Director
Débora Vieira Paulo,Álbum de recortes,Elenco
Maria do Socorro Vieira,Álbum de recortes,Elenco
Enzo Paulo,Álbum de recortes,Director
Enzo Paulo,Álbum de recortes,Writer
Karyne Camargo,Margens de um Amor,Elenco
Luan Mello,Margens de um Amor,Elenco
Karyne Camargo,Margens de um Amor,Director
Karyne Camargo,Margens de um Amor,Writer
Luan Mello,Margens de um Amor,Producer
Kino Lopes,Always half way there,Elenco
Daniel Pitta,Always half way there,Elenco
Ralph Gehre,Always half way there,Elenco
Xavier Braun,Always half way there,Director
Raphael Logam,Mato ou Morro,Elenco
Sacha Bali,Mato ou Morro,Elenco
Rafael Beltrán,Mato ou Morro,Elenco
Brendha Haddad,Mato ou Morro,Elenco
Alejandra Grossi,Mato ou Morro,Elenco
Karla Bonfá,Mato ou Morro,Elenco
Caco Souza,Mato ou Morro,Director
Rael Falkenbach,Trembling,Director
"Antônio Marcos ""AMFSB""",Fomos Perseguidos na Floresta!,Elenco
"Antônio Marcos ""AMFSB""",Fomos Perseguidos na Floresta!,Director
Danyel Viana,Só Mais Uma Partida,Elenco
Filipe Drescher,Só Mais Uma Partida,Elenco
Filipe Drescher,Só Mais Uma Partida,Producer
Carol Torres,Só Mais Uma Partida,Director
Carol Torres,Só Mais Uma Partida,Writer
Camilla Del Negri,Manchester,Elenco
Victoria de Castro,Manchester,Producer
Gabriel de Souza Vieira,Manchester,Writer
Gabriel de Souza Vieira,Manchester,Director
Ana Salgado,Ser...,Elenco
Rafael do Carmo,Ser...,Elenco
Luna Miyakawa,Ser...,Elenco
Gabriel Prado,Ser...,Elenco
Ana Salgado,Ser...,Director
Ana Salgado,Ser...,Writer
Kênia Bergo,Catena,Elenco
Victória Campos,Catena,Elenco
Vinicius de Brito,Catena,Director
Clara de Castro,Catena,Producer
Leonardo Longhi,Catena,Director
Caio Omena,Ao Acaso,Elenco
Caio Omena,Ao Acaso,Producer
Caio Omena,Ao Acaso,Writer
Caio Omena,Ao Acaso,Director
Dan Claudino,Echo,Elenco
André Carvalho,Echo,Elenco
Saulo Carvalho,Echo,Director
Dan Claudino,Echo,Producer
Luiz Inácio Lula da Silva,Lula,Elenco
Oliver Stone,Lula,Elenco
Oliver Stone,Lula,Director
Rob Wilson,Lula,Director
Escurinho,Revolução Na Serra,Elenco
André Guimarães,Revolução Na Serra,Elenco
André Guimarães,Revolução Na Serra,Writer
André Guimarães,Revolução Na Serra,Director
Conrado Rosa,História do Amor,Director
Conrado Rosa,História do Amor,Producer
Davi Gautto,Anhedonia,Elenco
Paulo Miguel Campos,Anhedonia,Elenco
Abelhão,Anhedonia,Elenco
Zé Alfredo Neto,Anhedonia,Elenco
Ana Clara Janes,Anhedonia,Elenco
Robert Ferreira,Anhedonia,Elenco
Davi Gautto,Anhedonia,Director
Davi Gautto,Anhedonia,Writer
Che Marcheti,Pressure,Director
Lilian Barreto,Eu já sabia que você não viria.,Elenco
Nicole Naomi Toyoda,Eu já sabia que você não viria.,Elenco
Manuela Yumi Toyoda,Eu já sabia que você não viria.,Elenco
Enzo de Castro,Eu já sabia que você não viria.,Elenco
Brian Hanser,Eu já sabia que você não viria.,Director
Mel Emiliano,Eu já sabia que você não viria.,Writer
Davi Novaes,É sempre mais difícil ancorar um navio no espaço,Elenco
Marcella Piccin,É sempre mais difícil ancorar um navio no espaço,Elenco
Zé Henrique de Paula,É sempre mais difícil ancorar um navio no espaço,Director
Davi Novaes,É sempre mais difícil ancorar um navio no espaço,Writer
Cinthia Marcelle,Acumulação Primitiva,Director
Tiago Mata Machado,Acumulação Primitiva,Director
Francy Baniwa,The Girl and The Pot,Elenco
Valentina Homem,The Girl and The Pot,Director
Davi Capinan,O Tesouro da Rua 34,Elenco
Manuela Afonso,O Tesouro da Rua 34,Elenco
Sofia Boito,O Tesouro da Rua 34,Elenco
Plínio Soares,O Tesouro da Rua 34,Elenco
Lilith Cristina,O Tesouro da Rua 34,Elenco
Beneval Barbosa,O Tesouro da Rua 34,Elenco
Diogo de Nazaré,O Tesouro da Rua 34,Director
BK',Icarus - A Apoteose | Minidocumentário,Elenco
Duquesa,Icarus - A Apoteose | Minidocumentário,Elenco
LEALL,Icarus - A Apoteose | Minidocumentário,Elenco
Victor Senedesi,Icarus - A Apoteose | Minidocumentário,Elenco
Bebé,Icarus - A Apoteose | Minidocumentário,Elenco
SD9,Icarus - A Apoteose | Minidocumentário,Elenco
David Silva,Icarus - A Apoteose | Minidocumentário,Director
Rodrigo Costa,Icarus - A Apoteose | Minidocumentário,Director
Velli,Icarus - A Apoteose | Minidocumentário,Director
Velli,Icarus - A Apoteose | Minidocumentário,Writer
Melly,Amaríssima,Elenco
Camilla Damião,Amaríssima,Elenco
Lindinalva Anunciação Araujo,Amaríssima,Elenco
Tito Lercine Queiroz Araujo,Amaríssima,Elenco
Tatiane Queiroz Araujo,Amaríssima,Elenco
Edvaldo Raw,Amaríssima,Director
Edvaldo Raw,Amaríssima,Writer
Melly,Amaríssima,Writer
Larissa Braga,The Little Chronicles About Love,Elenco
Júlia Filetti,The Little Chronicles About Love,Elenco
Ester Nolêto,The Little Chronicles About Love,Producer
Andy Wolf,The Little Chronicles About Love,Writer
Andy Wolf,The Little Chronicles About Love,Director
Andy Wolf,The Little Chronicles About Love,Producer
Oscar Pescuma,"Oba, Oba, o Bar",Elenco
Ana Vitória Mattar,"Oba, Oba, o Bar",Elenco
Serginho Clemente,"Oba, Oba, o Bar",Elenco
Falber Sousa,"Oba, Oba, o Bar",Elenco
Lucas Santos,"Oba, Oba, o Bar",Producer
Raul Gonçalves,"Oba, Oba, o Bar",Director
Enzo Buzzatti,Careca,Elenco
Leonardo Mascarenhas,Careca,Elenco
Gui Saglietti,Careca,Writer
Gui Saglietti,Careca,Director
Mayara Lana,Careca,Producer
Mathias Durand,To understand electrical wirings,Elenco
Kino Lopes,To understand electrical wirings,Elenco
Luiz Rocha,To understand electrical wirings,Elenco
André Togni,To understand electrical wirings,Elenco
Xavier Braun,To understand electrical wirings,Director
Giulia Benite,Morando com o Crush,Elenco
Vitor Figueiredo,Morando com o Crush,Elenco
Marcos Pasquim,Morando com o Crush,Elenco
Carina Sacchelli,Morando com o Crush,Elenco
Júlia Olliver,Morando com o Crush,Elenco
Sara Alves,Morando com o Crush,Elenco
Ryancarlos de Oliveira,Morando com o Crush,Elenco
Luísa Bastos,Morando com o Crush,Elenco
Juliana Alves,Morando com o Crush,Elenco
Amaurih Oliveira,Morando com o Crush,Elenco
Alice Baltezam,Morando com o Crush,Elenco
Jenifer Ramos Antunes,Morando com o Crush,Elenco
Ed Gama,Morando com o Crush,Elenco
Narjara Turetta,Morando com o Crush,Elenco
Edu Mendas,Morando com o Crush,Elenco
Mariana Catalane,Morando com o Crush,Elenco
Laura Tietz,Morando com o Crush,Elenco
Yonara Karam,Morando com o Crush,Elenco
Diego de Lima,Morando com o Crush,Elenco
Hsu Chien,Morando com o Crush,Director
Sylvio Gonçalves,Morando com o Crush,Writer
André Fraccaroli,Morando com o Crush,Producer
Marcio Fraccaroli,Morando com o Crush,Producer
Veronica Stumpf,Morando com o Crush,Producer
Fabiana Karla,"De Repente, Miss!",Elenco
Giulia Benite,"De Repente, Miss!",Elenco
Danielle Winits,"De Repente, Miss!",Elenco
João Baldasserini,"De Repente, Miss!",Elenco
Gianlucca Mauad,"De Repente, Miss!",Elenco
Roney Villela,"De Repente, Miss!",Elenco
Nany People,"De Repente, Miss!",Elenco
Polly Marinho,"De Repente, Miss!",Elenco
Naruna Costa,"De Repente, Miss!",Elenco
Nedira Campos,"De Repente, Miss!",Elenco
Karla Karenina,"De Repente, Miss!",Elenco
Edu Giovanella,"De Repente, Miss!",Elenco
Mariana Costa,"De Repente, Miss!",Elenco
Diego Borges,"De Repente, Miss!",Elenco
Aurélio Barros,"De Repente, Miss!",Elenco
João Paulo Azevedo,"De Repente, Miss!",Elenco
Jose Fernando Muniz,"De Repente, Miss!",Elenco
Fernando Muniz,"De Repente, Miss!",Elenco
Beatriz Rossetti,"De Repente, Miss!",Elenco
Bruno Pereira,"De Repente, Miss!",Elenco
Juliana Beirac,"De Repente, Miss!",Elenco
Amenhotep Rodrigues,"De Repente, Miss!",Elenco
Alice Moura,"De Repente, Miss!",Elenco
Beto Rodrigues,"De Repente, Miss!",Producer
Fernando Muniz,"De Repente, Miss!",Producer
Carolina Vianna,"De Repente, Miss!",Producer
Hsu Chien,"De Repente, Miss!",Director
Daniele Valente,"De Repente, Miss!",Writer
Estela S. Zenari,pertencer,Director
Júlia Faria,pertencer,Producer
Estela S. Zenari,pertencer,Writer
Valentina Schumacher Jacques,Beauty Hurts,Elenco
Luis Henrique,Beauty Hurts,Elenco
Larissa Neuhof,Beauty Hurts,Elenco
Henri Taneda,Beauty Hurts,Elenco
Henri Taneda,Beauty Hurts,Director
Henri Taneda,Beauty Hurts,Writer
Arthur Gregory,Jogo Cruzado,Elenco
Ruan Carlos,Jogo Cruzado,Elenco
Marília Pires,Jogo Cruzado,Elenco
Victor Luvi,Jogo Cruzado,Elenco
Victor Luvi,Jogo Cruzado,Director
Victor Luvi,Jogo Cruzado,Writer
Petter Baiestorf,U,Director
Petter Baiestorf,U,Writer
Petter Baiestorf,U,Producer
Bruna Alimonda,Estado Febril,Elenco
Barroso,Estado Febril,Elenco
Bete Dorgam,Estado Febril,Elenco
Heitor Goldflus,Estado Febril,Elenco
Jamile Cazumbá,Estado Febril,Elenco
Joana Langeani,Estado Febril,Elenco
Luiza Junqueira,Estado Febril,Elenco
Vinicius Teixeira,Estado Febril,Elenco
Duda Portella,Estado Febril,Director
Manuela Weitzman,Estado Febril,Producer
Millena Rosado,Estado Febril,Director
Giovana Cirne,Estado Febril,Producer
Paulo Antunes Horta,Piá,Producer
Cauê Volppe,Piá,Director
Cauê Volppe,Piá,Producer
Lucas Preti,Piá,Producer
Gabriel Mendes,Piá,Producer
Gabriel Mendes,Piá,Director
Cecilia Arbolave,Banca Tatuí,Elenco
Guilherme Ladenthin,Banca Tatuí,Elenco
Davi Monteiro,Banca Tatuí,Elenco
João Victor Montuori,Banca Tatuí,Director
João Victor Montuori,Banca Tatuí,Producer
Bruno Silveira Dutra,Banca Tatuí,Producer
Melissa Uehara,Yellow,Elenco
竹田直樹,Yellow,Elenco
Bernardo Antonio Baquiaza Panchi,Yellow,Elenco
Joana Amaral,Yellow,Elenco
Lorena Castro,Yellow,Elenco
Izah Neiva,Yellow,Elenco
Yuki Sugimoto,Yellow,Elenco
Bruno Dias,Yellow,Elenco
Ricardo Oshiro,Yellow,Elenco
Kazue Akisue,Yellow,Elenco
André Hayato Saito,Yellow,Director
Julia Zakia,Citrotoxic,Director
Caio Omena,Suicide By Frames,Director
Caio Omena,Suicide By Frames,Writer
Luísa Sonza,Escândalo Íntimo - O Filme,Elenco
Diego Fraga,Escândalo Íntimo - O Filme,Director
Guilherme Ashcar,Escândalo Íntimo - O Filme,Writer
Daniel Marques,Diga o que quiser! Eu vou ser feliz a beça!,Elenco
Renato Candido de Lima,Diga o que quiser! Eu vou ser feliz a beça!,Director
Renato Candido de Lima,Diga o que quiser! Eu vou ser feliz a beça!,Writer
João Chinchilla,ASTRAKAN,Elenco
João Chinchilla,ASTRAKAN,Elenco
João Chinchilla,ASTRAKAN,Elenco
João Chinchilla,ASTRAKAN,Elenco
João Chinchilla,ASTRAKAN,Producer
João Chinchilla,ASTRAKAN,Director
João Chinchilla,ASTRAKAN,Writer
"Ana ""Frihet""",Suposto Fim,Elenco
Ronaldo Jesus,Suposto Fim,Elenco
Celso Rabetti,Suposto Fim,Elenco
Taís Pisoni,Suposto Fim,Elenco
Luciano Estevão,Suposto Fim,Elenco
Sabrina Vianna,Suposto Fim,Elenco
Gustavo Kolan,Suposto Fim,Director
Gustavo Kolan,Suposto Fim,Writer
Julia Souza,Suposto Fim,Writer
Gustavo Kolan,Suposto Fim,Producer
Dagma Castro,Suposto Fim,Producer
Lélia Gonzalez,Lélia Gonzalez: Projeto Memória,Elenco
Nilson Rodrigues,Lélia Gonzalez: Projeto Memória,Director
Caetano Curi,Lélia Gonzalez: Projeto Memória,Producer
Flávio Passos,Picadeiro Show,Elenco
Silvio de Souza,Picadeiro Show,Elenco
Victor Canhada,Picadeiro Show,Elenco
Augusto Alvarenga Xavier,Picadeiro Show,Elenco
Isabella Ruiz,Picadeiro Show,Director
Guilherme Cleto,Picadeiro Show,Writer
Naiara Francini,Picadeiro Show,Writer
Guilherme Cleto,Picadeiro Show,Producer
Eduardo Assine,Picadeiro Show,Producer
Jessica Córes,Bionic,Elenco
Bruno Gagliasso,Bionic,Elenco
Gabz,Bionic,Elenco
Christian Malheiros,Bionic,Elenco
Nill Marcondes,Bionic,Elenco
Guta Ruiz,Bionic,Elenco
Miguel Nader,Bionic,Elenco
Márcio Fecher,Bionic,Elenco
Nicole Cordery,Bionic,Elenco
Danton Mello,Bionic,Elenco
Paulo Vilhena,Bionic,Elenco
Klebber Toledo,Bionic,Elenco
Erika Januza,Bionic,Elenco
Miguel Falabella,Bionic,Elenco
Bibi Flor,Bionic,Elenco
Emilly Nayara,Bionic,Elenco
Ana Júlia Gonçalves,Bionic,Elenco
Alice Pietra,Bionic,Elenco
João Victor Ferreira,Bionic,Elenco
Kauan Kamal,Bionic,Elenco
Érica Reis,Bionic,Elenco
Yoram Blaschkauer,Bionic,Elenco
Ângela Ribeiro,Bionic,Elenco
Edson Cabelo,Bionic,Elenco
JB Oliveira,Bionic,Elenco
Débora Santos,Bionic,Elenco
Sérgio Gava,Bionic,Elenco
Gabe Maruyama,Bionic,Elenco
Whashigton Jr.,Bionic,Elenco
Renan Paulo Moreira,Bionic,Elenco
Flávio Reitz,Bionic,Elenco
Afonso Poyart,Bionic,Director
Josefina Trotta,Bionic,Writer
Cris Cera,Bionic,Writer
Victor Navas,Bionic,Writer
Afonso Poyart,Bionic,Writer
Afonso Poyart,Bionic,Producer
Marcio Fraccaroli,Bionic,Producer
Veronica Stumpf,Bionic,Producer
Hamilton Rosa Jr,O Teatro Político,Director
Hamilton Rosa Jr,O Teatro Político,Writer
Hamilton Rosa Jr,O Teatro Político,Producer
Fidel Barbosa Fernandes,"Ruas, Revoluções e Buracos Negros",Elenco
Fidel Barbosa Fernandes,"Ruas, Revoluções e Buracos Negros",Writer
Fidel Barbosa Fernandes,"Ruas, Revoluções e Buracos Negros",Director
Juliana Abreu,Histórias Para Dormir,Elenco
Graziela dos Anjos,Histórias Para Dormir,Elenco
Priscilla Gomes,Histórias Para Dormir,Elenco
Faby Medeiros,Histórias Para Dormir,Elenco
Diogo Drosa,Histórias Para Dormir,Elenco
Vitor Ribeiro,Histórias Para Dormir,Elenco
Kammila Kelly,Histórias Para Dormir,Elenco
Tsa Maressa,Histórias Para Dormir,Elenco
Rafaella Lins,Histórias Para Dormir,Elenco
Mark Santos,Histórias Para Dormir,Director
Juliana Abreu,Histórias Para Dormir,Writer
Juliana Abreu,Histórias Para Dormir,Producer
Leandro Carrer,A Queda de Ícaro,Elenco
Annie Sanx,A Queda de Ícaro,Elenco
Vagner Matos,A Queda de Ícaro,Elenco
Elias Ferreira,A Queda de Ícaro,Elenco
Geovana Mota,A Queda de Ícaro,Writer
Guilherme Manfredi,A Queda de Ícaro,Writer
Guilherme Manfredi,A Queda de Ícaro,Director
Thalita Carauta,The Frogs,Elenco
Karina Ramil,The Frogs,Elenco
Pierre Santos,The Frogs,Elenco
Verônica Reis,The Frogs,Elenco
Paulo Hamilton,The Frogs,Elenco
Adilson Verly,The Frogs,Elenco
Márcio Fonseca,The Frogs,Elenco
Renata Mizrahi,The Frogs,Writer
Clara Linhart,The Frogs,Director
Clara Linhart,The Frogs,Producer
Fellipe Barbosa,The Frogs,Producer
Rafael Pereira,O Armário Mágico,Elenco
Renato Novaes,O Armário Mágico,Elenco
André Hendges,O Armário Mágico,Elenco
Charles Paraventi,O Armário Mágico,Elenco
Cris Carniato,O Armário Mágico,Elenco
Gabi Spaciari,O Armário Mágico,Elenco
Iuri Saraiva,O Armário Mágico,Elenco
Érico Alessandro,O Armário Mágico,Director
Eliton Oliveira,O Armário Mágico,Writer
Vitória Faria,Trilha,Elenco
Millene Camilly,Trilha,Elenco
Mariana Delpino,Trilha,Producer
Mariana Delpino,Trilha,Director
Vitória Faria,Trilha,Producer
Millene Camilly,Trilha,Producer
Geovanna Fleur,Vanity,Elenco
Geovanna Fleur,Vanity,Director
Stella Rea,Who Were You In New York,Director
Pietra Sousa,Quarta de Amalá,Elenco
Nyna Cardoso,Quarta de Amalá,Elenco
Fred Chamaileon,Quarta de Amalá,Elenco
Andyara Miranda,Quarta de Amalá,Director
Lucas Vasco,Quarta de Amalá,Producer
Andyara Miranda,Quarta de Amalá,Writer
Guilherme Lima,A Noite em Nós,Elenco
Yasmin Soares,A Noite em Nós,Elenco
Gabriel Marcondes,A Noite em Nós,Elenco
Rafael Amadeu,A Noite em Nós,Elenco
Luan Zambido,A Noite em Nós,Elenco
Rafael Amadeu,A Noite em Nós,Producer
Humberto Rosa,A Noite em Nós,Producer
Alê Bonfim,A Noite em Nós,Director
Alê Bonfim,A Noite em Nós,Writer
Bia Oliveira,A Noite em Nós,Producer
Fábio Rabin,Fábio Rabin: Muita Treta,Elenco
Danilo Veloso,Fábio Rabin: Muita Treta,Director
Lara Veloso,(Des)encontro,Elenco
Henrique Pescatori,(Des)encontro,Elenco
Lara Veloso,(Des)encontro,Director
Aline Iannelli,UNTITLED,Elenco
Gabriela Moriggi,UNTITLED,Elenco
Isabella Lopes,UNTITLED,Elenco
Leticia Redondo,UNTITLED,Elenco
Lívia Salgueiro,UNTITLED,Elenco
Marcella Palma,UNTITLED,Elenco
Kaio Moreira,UNTITLED,Elenco
Aline Iannelli,UNTITLED,Producer
Isabella Lopes,UNTITLED,Producer
Marcella Palma,UNTITLED,Writer
Gabriela Moriggi,UNTITLED,Director
Lívia Salgueiro,UNTITLED,Producer
Lucas Yago,O Bom O Mau e O Padre,Elenco
Thiago Henrique de Melo santos,O Bom O Mau e O Padre,Elenco
Felipe Augusto,O Bom O Mau e O Padre,Elenco
Lua Romaní,O Bom O Mau e O Padre,Elenco
Tiago De Quadros,O Bom O Mau e O Padre,Elenco
Diogo Moreno,O Bom O Mau e O Padre,Elenco
Bruno Cunha,O Bom O Mau e O Padre,Director
Bruno Cunha,O Bom O Mau e O Padre,Writer
Luiza,O Bom O Mau e O Padre,Producer
Diogo Moreno,O Bom O Mau e O Padre,Writer
Pedro Cândido,Nem Cavalo Aguenta,Elenco
Miguel DS,Nem Cavalo Aguenta,Elenco
Heitor Nascente,Nem Cavalo Aguenta,Elenco
Lucas Dorian,Nem Cavalo Aguenta,Elenco
Israel Goes,Nem Cavalo Aguenta,Elenco
Gabriel Gomes,Nem Cavalo Aguenta,Elenco
João Pedro de Carvalho,Nem Cavalo Aguenta,Writer
João Pedro de Carvalho,Nem Cavalo Aguenta,Director
Pedro Cândido,Nem Cavalo Aguenta,Writer
Iza do Eirado,Memória Imóvel,Elenco
João Tessari,Memória Imóvel,Director
Bruno Tessari,Memória Imóvel,Writer
Bruno Tessari,Memória Imóvel,Producer
João Tessari,Memória Imóvel,Producer
Gustavo Brito,Marks,Director
Amanda Annunziata,Fragmentos,Elenco
Amanda Lírio,Fragmentos,Elenco
Carmem Sampaio,Fragmentos,Elenco
Ceiça G. Santos,Fragmentos,Elenco
Cristina Homem,Fragmentos,Elenco
Diego Villac,Fragmentos,Elenco
Fernanda Virgulino de Souza,Fragmentos,Elenco
Filastor Brega,Fragmentos,Elenco
giu,Fragmentos,Elenco
Jane S. Zambrano,Fragmentos,Elenco
Lucas Vega,Fragmentos,Elenco
Luiz Antonio,Fragmentos,Elenco
Maria Inês Alencar,Fragmentos,Elenco
Marlene Gonçalves Venturatto,Fragmentos,Elenco
Nicolas Salviano,Fragmentos,Elenco
Gabi Schwartz,Um Dia Lindo,Elenco
Gabi Mazza,Um Dia Lindo,Elenco
Lore Leite,Um Dia Lindo,Director
Lore Leite,Um Dia Lindo,Writer
Erik Kato,Um Curto Espaço no Tempo,Elenco
Mitiko Abe,Um Curto Espaço no Tempo,Elenco
Cintia Nishumura,Um Curto Espaço no Tempo,Elenco
Adriano Garib,Um Curto Espaço no Tempo,Elenco
Eduardo Takahashi,Um Curto Espaço no Tempo,Writer
Katie Ludemann,Um Curto Espaço no Tempo,Writer
Fernando Shioti,Um Curto Espaço no Tempo,Writer
Thayse Fernandes,Um Curto Espaço no Tempo,Director
Beto Turquenitch,Péricles de Freitas Druck - Meu Tempo é Agora,Director
Clementino Junior,Tibério,Director
Brunna Martini Ferreira Tartaroni,Agoraphobia,Elenco
Pedro Henrique Jaques Negrini,Agoraphobia,Elenco
Umma Oliveira Prado,Agoraphobia,Elenco
Vinícius de Oliveira Trindade,Agoraphobia,Elenco
Ana Lívia Santos,Agoraphobia,Elenco
Gabriel Santos Stach,Agoraphobia,Elenco
Bruno Andrade Lobo,Agoraphobia,Elenco
Gabriel Santos Stach,Agoraphobia,Director
Umma Oliveira Prado,Agoraphobia,Producer
Gabriel Santos Stach,Agoraphobia,Producer
Nelma Kodama,Nelma Kodama: The Queen of Dirty Money,Elenco
Anzu Lawson,Nelma Kodama: The Queen of Dirty Money,Elenco
João Wainer,Nelma Kodama: The Queen of Dirty Money,Director
João Wainer,Nelma Kodama: The Queen of Dirty Money,Writer
Sérgio Mallandro,Mallandro: O Errado que Deu Certo,Elenco
Xuxa,Mallandro: O Errado que Deu Certo,Elenco
Marianna Alexandre,Mallandro: O Errado que Deu Certo,Elenco
Zico,Mallandro: O Errado que Deu Certo,Elenco
Nany People,Mallandro: O Errado que Deu Certo,Elenco
André Mattos,Mallandro: O Errado que Deu Certo,Elenco
Lúcio Mauro Filho,Mallandro: O Errado que Deu Certo,Elenco
Hugo Bonemer,Mallandro: O Errado que Deu Certo,Elenco
Fernando Caruso,Mallandro: O Errado que Deu Certo,Elenco
Renato Rabelo,Mallandro: O Errado que Deu Certo,Elenco
Marco Antonio de Carvalho,Mallandro: O Errado que Deu Certo,Director
Marco Antonio de Carvalho,Mallandro: O Errado que Deu Certo,Writer
Sérgio Mallandro,Mallandro: O Errado que Deu Certo,Writer
Sylvio Gonçalves,Mallandro: O Errado que Deu Certo,Writer
Ulisses Mattos,Mallandro: O Errado que Deu Certo,Writer
Pedro Antônio,Mallandro: O Errado que Deu Certo,Writer
Maria Fernanda Pereira,Yby Katu,Elenco
Jardiel da Silva,Yby Katu,Elenco
Maria Lauro Venceslau,Yby Katu,Elenco
Geyson Fernandes,Yby Katu,Director
Jessé Carlos,Yby Katu,Director
Kaylany Cordeiro,Yby Katu,Director
Ladivan Soares,Yby Katu,Director
Rodrigo Sena,Yby Katu,Director
Regiane Lima,Yby Katu,Producer
Renata Antônio,Yby Katu,Producer
Ladivan Soares,Yby Katu,Writer
Jessé Carlos,Yby Katu,Writer
Geyson Fernandes,Yby Katu,Writer
Kaylany Cordeiro,Yby Katu,Writer
Renato Santana,O Marciano de Chapéu,Elenco
Vinícios Rodrigues,O Marciano de Chapéu,Elenco
Dennys Evangelista,O Marciano de Chapéu,Elenco
Victor Callary,O Marciano de Chapéu,Elenco
Matheus Leal,O Marciano de Chapéu,Elenco
Pedro Gomes Penna,O Marciano de Chapéu,Writer
Beatriz Gomes,O Marciano de Chapéu,Producer
Pedro Gomes Penna,O Marciano de Chapéu,Director
Allanis Dimov,Relógio,Elenco
Lucca Martelliti,Relógio,Elenco
Pedro Gomes Penna,Relógio,Elenco
Maria Clara Gatti,Relógio,Elenco
Gabriela Luz,Relógio,Elenco
João Pedro Cury,Relógio,Elenco
Henrique Castilho,Relógio,Elenco
Sofia Cabrera,Relógio,Elenco
Yago Cacciaguerra Paes,Relógio,Producer
Bruno Barra,Relógio,Director
Yago Cacciaguerra Paes,Relógio,Writer
Mel Lisboa,Atena,Elenco
Thiago Fragoso,Atena,Elenco
Ellen Maia,Atena,Elenco
Caco Souza,Atena,Director
Enrico Peccin,Atena,Writer
Joaquim Haickel,As Aventuras de Tracajaré - O Filme,Director
Joaquim Haickel,As Aventuras de Tracajaré - O Filme,Writer
Sérgio Martinelli,As Aventuras de Tracajaré - O Filme,Director
Sérgio Martinelli,As Aventuras de Tracajaré - O Filme,Writer
Rafael Corrêa,Memórias de um Esclerosado,Elenco
Jessica Luz,Memórias de um Esclerosado,Producer
Paola Wink,Memórias de um Esclerosado,Producer
Ma Villa Real,Memórias de um Esclerosado,Writer
Thais Fernandes,Memórias de um Esclerosado,Writer
Rafael Corrêa,Memórias de um Esclerosado,Writer
Thais Fernandes,Memórias de um Esclerosado,Director
Rafael Corrêa,Memórias de um Esclerosado,Director
Thaise Colman,Nova Aurora,Elenco
Márcio Souza,Nova Aurora,Elenco
Celina Vaz,Nova Aurora,Elenco
Fernanda Pinho,Nova Aurora,Elenco
Kilma Coutinho,Nova Aurora,Elenco
Maria Elisabete,Nova Aurora,Elenco
Victor Jiménez,Nova Aurora,Director
Iago Xavier,Motel Destino,Elenco
Nataly Rocha,Motel Destino,Elenco
Fábio Assunção,Motel Destino,Elenco
Renan Capivara,Motel Destino,Elenco
Fabíola Líper,Motel Destino,Elenco
Isabela Catão,Motel Destino,Elenco
Yuri Yamamoto,Motel Destino,Elenco
Jupyra Carvalho,Motel Destino,Elenco
Bertrand de Courville,Motel Destino,Elenco
Jan Moreira,Motel Destino,Elenco
Edglê Lima,Motel Destino,Elenco
Katiana Monteiro,Motel Destino,Elenco
Vanessa Cardoso,Motel Destino,Elenco
Adna Oliveira,Motel Destino,Elenco
David Santos,Motel Destino,Elenco
Janaina Bernardes,Motel Destino,Producer
Hélène Théodoly,Motel Destino,Producer
Gabrielle Tana,Motel Destino,Producer
Caio Gullane,Motel Destino,Producer
Fabiano Gullane,Motel Destino,Producer
André Novis,Motel Destino,Producer
Wislan Esmeraldo,Motel Destino,Writer
Mauricio Zacharias,Motel Destino,Writer
Karim Aïnouz,Motel Destino,Director
Kênia Bergo,Livre,Elenco
Lucas Nunes,Livre,Director
Lucas Nunes,Livre,Writer
Maycon Douglas,Divinéia - Tempo e Espaço,Director
Pedro H Oliveira,A Carta,Elenco
Pedro H Oliveira,A Carta,Elenco
Pedro H Oliveira,A Carta,Elenco
Pedro H Oliveira,A Carta,Elenco
Pedro H Oliveira,A Carta,Writer
Pedro H Oliveira,A Carta,Director
Ricardo Aidar,Gruta do Lago Azul,Director
Tulio Schargel,Gruta do Lago Azul,Director
Zeca do Rolete,Estação Janga-Lua (O Segundo Mundo da Rádio),Elenco
Rui Mendonça,Estação Janga-Lua (O Segundo Mundo da Rádio),Director
Marila Cantuária,Estação Janga-Lua (O Segundo Mundo da Rádio),Writer
Rui Mendonça,Estação Janga-Lua (O Segundo Mundo da Rádio),Writer
Chia Beloto,Estação Janga-Lua (O Segundo Mundo da Rádio),Director
Thalis Italo,Emocionado,Elenco
Mariana Castelo,Emocionado,Elenco
Pedro Melo,Emocionado,Director
Pedro Melo,Emocionado,Writer
Gey Albuquerque,Emocionado,Producer
Adriely Lyra,Emocionado,Producer
Ana Priscila,Today I Will Only Come Home Tomorrow,Elenco
David Péricles,Today I Will Only Come Home Tomorrow,Elenco
Júlio Pereira,Today I Will Only Come Home Tomorrow,Elenco
Elizabeth Gomes,Today I Will Only Come Home Tomorrow,Elenco
Natali Assunção,Today I Will Only Come Home Tomorrow,Elenco
Diego Lacerda,Today I Will Only Come Home Tomorrow,Elenco
Victor Laet,Today I Will Only Come Home Tomorrow,Elenco
Diego Lacerda,Today I Will Only Come Home Tomorrow,Director
Diego Lacerda,Today I Will Only Come Home Tomorrow,Writer
Diego Lacerda,Today I Will Only Come Home Tomorrow,Producer
Luan Hilton,Today I Will Only Come Home Tomorrow,Director
Chia Beloto,Today I Will Only Come Home Tomorrow,Director
Marila Cantuária,Today I Will Only Come Home Tomorrow,Director
Juliette Perrey,Today I Will Only Come Home Tomorrow,Director
Marcelo Vaz,Today I Will Only Come Home Tomorrow,Director
Yuri Shmakov,Today I Will Only Come Home Tomorrow,Director
Raul Souza,Today I Will Only Come Home Tomorrow,Director
Gio Guimarães,Today I Will Only Come Home Tomorrow,Director
Gabriel de Moura,Today I Will Only Come Home Tomorrow,Director
Rubens Caetano,Today I Will Only Come Home Tomorrow,Director
Victor Laet,Today I Will Only Come Home Tomorrow,Producer
Paulo Victor Castanheira,Today I Will Only Come Home Tomorrow,Producer
Paulo Victor Castanheira,Today I Will Only Come Home Tomorrow,Writer
Victor Laet,Today I Will Only Come Home Tomorrow,Writer
Helena Ranaldi,Cordel do Amor Sem Fim,Elenco
Patricia Gasppar,Cordel do Amor Sem Fim,Elenco
Márcia de Oliveira,Cordel do Amor Sem Fim,Elenco
Luciano Gatti,Cordel do Amor Sem Fim,Elenco
Rogério Romera,Cordel do Amor Sem Fim,Elenco
Marcelo Marothy,Cordel do Amor Sem Fim,Elenco
Daniel Alvim,Cordel do Amor Sem Fim,Producer
Daniel Alvim,Cordel do Amor Sem Fim,Director
Daniel Alvim,Cordel do Amor Sem Fim,Writer
Helena Ranaldi,Cordel do Amor Sem Fim,Producer
Berna Sant'Anna,A Chuva Não Me Viu Passar,Elenco
Nanda Hermes,A Chuva Não Me Viu Passar,Elenco
Denise Farber,A Chuva Não Me Viu Passar,Elenco
Guilherme Augusto,A Chuva Não Me Viu Passar,Elenco
Vinícius Medeiros de Lima,A Chuva Não Me Viu Passar,Elenco
Leonardo Gatti,A Chuva Não Me Viu Passar,Director
Ton Crivelaro,Sempre o Mesmo,Elenco
Marcelo Argenta,Sempre o Mesmo,Elenco
João Folharini,Sempre o Mesmo,Director
Rauany Nunes Farias,Sempre o Mesmo,Producer
João Folharini,Sempre o Mesmo,Producer
Arnon Hochman,Sempre o Mesmo,Writer
Zezita Matos,Antes de Partir,Elenco
Tamie Panet,Antes de Partir,Elenco
Breno Nina,Antes de Partir,Elenco
Sheury Manu Neves,Antes de Partir,Director
Yuri Logrado,Antes de Partir,Producer
Bruno Ferreira,Antes de Partir,Producer
Sheury Manu Neves,Antes de Partir,Writer
Arthur Morettoni,I gave you my death and you brought me to heaven,Elenco
Pitchuque,I gave you my death and you brought me to heaven,Elenco
Rafael Bagnara,I gave you my death and you brought me to heaven,Director
Arthur Morettoni,I gave you my death and you brought me to heaven,Director
Nicole Piodesan,Falhas,Elenco
Thaís Grava,Falhas,Elenco
Iago Rafael,Falhas,Elenco
Livia Moore,Falhas,Director
Luisa Joannitti,Falhas,Director
Sabrina Risso,Falhas,Producer
Nicole Piodesan,Falhas,Writer
Guilherme Magrini,Falhas,Writer
Thaís Grava,Falhas,Writer
Kim Cortada,Between Shadows,Elenco
Antonio Mario Pio Cardoso Frioli,Between Shadows,Elenco
Herbert de Souza,Between Shadows,Elenco
Humberto Pacheco,Between Shadows,Director
Humberto Pacheco,Between Shadows,Writer
Lívia Lira,Between Shadows,Producer
Devyd Santos,Moagem,Producer
Odília Nunes,Moagem,Director
Odília Nunes,Moagem,Writer
Augusto Madeira,Jogo de Classe,Elenco
Calvin Kupstas,Jogo de Classe,Elenco
Cecília Homem de Mello,Jogo de Classe,Elenco
Dan Stulbach,Jogo de Classe,Elenco
Fabinho Nepo,Jogo de Classe,Elenco
Felipe Poroger,Jogo de Classe,Elenco
Juliana Araujo,Jogo de Classe,Elenco
Júnior Lopes,Jogo de Classe,Elenco
Leandro Ramos,Jogo de Classe,Elenco
Maria Fátima da Conceição,Jogo de Classe,Elenco
Martha Nowill,Jogo de Classe,Elenco
Felipe Poroger,Jogo de Classe,Writer
Quico Meirelles,Jogo de Classe,Director
Carolina Vilela,Invisível,Director
Carolina Vilela,Invisível,Producer
Rodrigo Hinrichsen,Invisível,Producer
Carolina Vilela,Invisível,Writer
Rodrigo Hinrichsen,Invisível,Director
Rodrigo Hinrichsen,Invisível,Writer
Paulo Garcia,Naraka: Bladepoint,Director
Paulo Garcia,More of the Good Stuff,Director
Soraya Almeida,Riverside Story,Elenco
Ronaldo Fernandes Salomé,Riverside Story,Elenco
José Carlos Itaborahy Filho,Riverside Story,Elenco
Alfredo Padovani,Riverside Story,Elenco
Ademar Figueiredo,Riverside Story,Elenco
Pedro Sallomé,Riverside Story,Director
Pedro Sallomé,Riverside Story,Writer
Sílvia Lima,Riverside Story,Producer
Jeff Celophane,See Me In Your Eyes,Elenco
Marcela Arce,See Me In Your Eyes,Elenco
Jean Beraja,See Me In Your Eyes,Elenco
Max Oliveira,See Me In Your Eyes,Elenco
Maressah Kardama,See Me In Your Eyes,Elenco
Luiza Guimarães,See Me In Your Eyes,Writer
Luiza Guimarães,See Me In Your Eyes,Director
Bruna Sapienza,See Me In Your Eyes,Producer
JC Zeppelin,Sinfonia do Caos,Elenco
Angela Bissaco,Sinfonia do Caos,Elenco
Victor Martins,Sinfonia do Caos,Elenco
Camila Saavedra,Sinfonia do Caos,Elenco
Marcos Moreira,Sinfonia do Caos,Director
Sindrome de pânico,Falando em Línguas,Director
Augusto Prata,Sete no Set,Elenco
Laís Fogaça,Sete no Set,Elenco
Enzo Arroyo,Sete no Set,Elenco
Luca Lopes,Sete no Set,Elenco
Laís Malian,Sete no Set,Elenco
Nicole Piodesan,Sete no Set,Elenco
Stefani Wrubel,Sete no Set,Elenco
Laura Leite,Sete no Set,Elenco
Bruno Cabral,Sete no Set,Elenco
João Matta,Sete no Set,Elenco
Guilherme Magrini,Sete no Set,Director
Livia Moore,Sete no Set,Director
Júlia Kosar,Sete no Set,Director
Ronaldo Rodrigues,Sete no Set,Writer
Nicole Piodesan,Sete no Set,Writer
Diego Reimberg,Sete no Set,Writer
Bernardo Albuquerque,Sete no Set,Writer
Eder Santos,Uakti,Director
Alexandre Guimarães,No Caminho Encontrei o Vento,Elenco
Antonio Fargoni,No Caminho Encontrei o Vento,Writer
Antonio Fargoni,No Caminho Encontrei o Vento,Director
Alexandre Guimarães,No Caminho Encontrei o Vento,Producer
Marília Garske,Geografia Afetiva,Producer
Mari Moraga,Geografia Afetiva,Director
André Luís Garcia,Geografia Afetiva,Writer
Mari Moraga,Geografia Afetiva,Writer
Henrique Guimarães,Denominador Comum,Director
Sofia Milarski,Denominador Comum,Producer
André Faria,Denominador Comum,Producer
Andréa Beltrão,Seaside Avenue,Elenco
Milena Pinheiro,Seaside Avenue,Elenco
Milena Gerassi,Seaside Avenue,Elenco
Isabel Teixeira,Seaside Avenue,Elenco
César Augusto,Seaside Avenue,Elenco
Analú Prestes,Seaside Avenue,Elenco
Emiliano Queiroz,Seaside Avenue,Elenco
Pedro Enrico,Seaside Avenue,Elenco
Daniel Breda,Seaside Avenue,Elenco
Ângela Rebello,Seaside Avenue,Elenco
Bruno Bernardini,Seaside Avenue,Elenco
Taye Couto,Seaside Avenue,Elenco
Aline Bourseau,Seaside Avenue,Elenco
Dinho Valladares,Seaside Avenue,Elenco
Maju de Paiva,Seaside Avenue,Director
Bernardo Florim,Seaside Avenue,Director
Maju de Paiva,Seaside Avenue,Writer
Bernardo Florim,Seaside Avenue,Writer
Sabrina Nudeliman,Seaside Avenue,Producer
Gabriel Correa e Castro,Seaside Avenue,Producer
Sérgio Pedrosa,Seaside Avenue,Producer
Patrícia Lobo,Resistentes,Director
Patrícia Lobo,Resistentes,Writer
Patrícia Lobo,Resistentes,Producer
Márcio Verá,Nhandereko,Elenco
Rafael Santana,Nhandereko,Director
Ana Luíza Oshiro,Nhandereko,Writer
Antônio Pires Eustáquio,Memória Enterrada,Elenco
Maria Amélia de Almeida Teles,Memória Enterrada,Elenco
Edson Teles,Memória Enterrada,Elenco
Denise Rabelo,Memória Enterrada,Elenco
Talita Maximo,Memória Enterrada,Elenco
Cleiton Ferreira,Memória Enterrada,Elenco
julia Quevedo,Memória Enterrada,Producer
Amanda Santos,Memória Enterrada,Director
DJ Bassan,MORE THAN SOME GOOD PAULISTA NIGHT,Elenco
Erick Ribeiro,MORE THAN SOME GOOD PAULISTA NIGHT,Elenco
Erick Ribeiro,MORE THAN SOME GOOD PAULISTA NIGHT,Director
Felipe Vila Real,"Pseudo-Amor, Bandas Indie",Elenco
Duda Goettnauer,"Pseudo-Amor, Bandas Indie",Elenco
Mike Souza,"Pseudo-Amor, Bandas Indie",Elenco
Gabriel Souza de Tilio,"Pseudo-Amor, Bandas Indie",Elenco
João Vitor Tebaldi,"Pseudo-Amor, Bandas Indie",Director
Analice Ferreira,"Pseudo-Amor, Bandas Indie",Producer
Nelson Botter Jr.,Our Crazy Love,Director
Mayara Gomez,Todos os Dias,Elenco
Elielton Pereira,Todos os Dias,Elenco
Bruna Almeida,Todos os Dias,Elenco
Matheus de Castro,Todos os Dias,Elenco
Gabriel Gonçalves,Todos os Dias,Elenco
Beatriz Nunes,Todos os Dias,Elenco
Stefanno Fornari,Todos os Dias,Director
Mateus Araujo,Todos os Dias,Producer
Caroline Famula,Todos os Dias,Producer
Giovanna Barbosa,Todos os Dias,Director
Stefanno Fornari,Todos os Dias,Writer
Matheus de Castro,Todos os Dias,Writer
Giovanna Barbosa,Todos os Dias,Writer
Caroline Famula,Todos os Dias,Writer
Victor Rodrigues,Dobradiça Entrevista,Elenco
Isadora Almeida,Dobradiça Entrevista,Elenco
Tatiana Cantazaro,Dobradiça Entrevista,Elenco
Silvia Viana,Dobradiça Entrevista,Elenco
Max Maciel,Dobradiça Entrevista,Elenco
Carolina Lima,Dobradiça Entrevista,Elenco
Stenio Freitas,Dobradiça Entrevista,Elenco
Henrique Vaz,Dobradiça Entrevista,Elenco
Yuri Fidelis,Dobradiça Entrevista,Elenco
Kino Lopes,Dobradiça Entrevista,Elenco
Brenda Lee,Dobradiça Entrevista,Director
Malu Neves,Dobradiça Entrevista,Producer
Igor Kayroz,"Não Existem Mártires, Apenas Marketing",Elenco
Jaqueline Lince,"Não Existem Mártires, Apenas Marketing",Elenco
Ana Belfort,"Não Existem Mártires, Apenas Marketing",Elenco
Calyne Bianca,"Não Existem Mártires, Apenas Marketing",Elenco
Jô Peteleco,"Não Existem Mártires, Apenas Marketing",Elenco
Henrique Celso,"Não Existem Mártires, Apenas Marketing",Elenco
Inês de Jesus,"Não Existem Mártires, Apenas Marketing",Elenco
Tatá Pacheco,"Não Existem Mártires, Apenas Marketing",Elenco
Domingos Almeida,"Não Existem Mártires, Apenas Marketing",Elenco
João Luciano,"Não Existem Mártires, Apenas Marketing",Director
Mateus SAndré,Te Busco às Sete,Elenco
Pâmela Brighente,Te Busco às Sete,Elenco
Pâmela Brighente,Te Busco às Sete,Writer
Pâmela Brighente,Te Busco às Sete,Director
Letícia Novaes,Aranha,Elenco
Beto Pêgo,Aranha,Elenco
Tatiana Tanaka,Aranha,Producer
Sillas H,Aranha,Director
Vini Poffo,Aranha,Director
Kevin Horikoshi,I HATE JUNE 12TH,Elenco
Kevin Horikoshi,I HATE JUNE 12TH,Producer
Kevin Horikoshi,I HATE JUNE 12TH,Writer
Kevin Horikoshi,I HATE JUNE 12TH,Director
Agatha Borges,Corpoceno,Elenco
Agatha Fernandes,Corpoceno,Elenco
Luka Fernandes,Corpoceno,Elenco
Ana Beatriz Campos,Corpoceno,Elenco
Luiza Moraes,Corpoceno,Elenco
Vinicius Pacheco,Corpoceno,Elenco
Lorena Bueno,Corpoceno,Elenco
Marjorie Schnoor,Corpoceno,Producer
Alice Gomes,Corpoceno,Director
Artur vivacqua,Dopamina,Elenco
Samaïra de Antoni,Dopamina,Elenco
Fábio Torres,Dopamina,Elenco
Paloma Medeiros,Dopamina,Elenco
Artur dos Reis,Dopamina,Elenco
Mia Gnone,Dopamina,Elenco
Diogo Cazuza,Dopamina,Elenco
Pedro Otto Campos,Dopamina,Director
Pedro Otto Campos,Dopamina,Writer
Duda Baiocchi,Dopamina,Producer
Aderbal Nogueira,De Dentro do Bando,Elenco
Robério Santos,De Dentro do Bando,Elenco
Ivanaldo Fernandes,De Dentro do Bando,Director
Gregório Benevides,Casebre,Elenco
Paula Passos,Casebre,Elenco
Henrique Raynal,Casebre,Elenco
José Regino,Casebre,Elenco
Jude Silva,Casebre,Elenco
Márcia Costa,Casebre,Elenco
Bia Brandão,Casebre,Elenco
José de Campos,Casebre,Elenco
Bárbara Albuquerque,Casebre,Elenco
Tainá Cary,Casebre,Elenco
Micheli Santini,Casebre,Elenco
Thais Uessugui,Casebre,Elenco
Lucas Sued,Casebre,Elenco
Kalebe Lizan,Casebre,Elenco
Kairon Angelo,Casebre,Elenco
Larissa Cintra,Casebre,Elenco
Rodrigo Issa,Casebre,Elenco
Henfil,Casebre,Elenco
David Parker,Casebre,Elenco
Isaac Marques,Casebre,Elenco
Henfil,Casebre,Producer
Isaac Marques,Casebre,Producer
Thais Uessugui,Casebre,Producer
Henrique Raynal,Casebre,Director
Amélia do Carmo,Na Parede da Memória,Elenco
Beatriz Villela,Na Parede da Memória,Elenco
Cristiano Fernandes,Na Parede da Memória,Elenco
Erick Veríssimo,Na Parede da Memória,Elenco
Giovanna Concolato,Na Parede da Memória,Elenco
Felipe Brum,Na Parede da Memória,Elenco
Felipe Brum,Na Parede da Memória,Director
Felipe Brum,Na Parede da Memória,Producer
Tonya Quintana,Na Parede da Memória,Producer
Felipe Brum,Na Parede da Memória,Writer
Agatha Kröger,Canto V,Elenco
Laura Elage,Canto V,Elenco
Caio Carvalho Bento Leite,Canto V,Elenco
Sofia Duarte,Canto V,Elenco
Lui Caldas,Canto V,Elenco
Isadora Castro,Canto V,Director
Isadora Moraes,Canto V,Writer
Juliene Vargas,Under the Sky of Wandering Stars,Elenco
Jean Ferrari,Under the Sky of Wandering Stars,Elenco
Alda CM,Under the Sky of Wandering Stars,Elenco
Luma Oliveira,Under the Sky of Wandering Stars,Elenco
Richard Mendes,Under the Sky of Wandering Stars,Director
Richard Mendes,Under the Sky of Wandering Stars,Writer
Juliene Vargas,Under the Sky of Wandering Stars,Producer
Caio Pagano,Pagano,Elenco
Carlos Nascimbeni,Pagano,Director
André Christovam,Mandinga,Elenco
Heraldo do Monte,Mandinga,Elenco
Wagner Garcia,Mandinga,Elenco
Kid Vinil,Mandinga,Elenco
Egler Cordeiro,Mandinga,Director
Jéssica Pierina,Olhos,Elenco
Ló Alves,Olhos,Elenco
Mateus Lopes,Olhos,Elenco
Samuel França,Olhos,Director
Linique Logan,Olhos,Producer
Samuel França,Olhos,Writer
Samuel França,Olhos,Producer
Gabriela Lacerda,Gnomo do Mal,Elenco
Diego Becker,Gnomo do Mal,Elenco
Fil Santos,Gnomo do Mal,Elenco
Taís Haydee,Gnomo do Mal,Elenco
Alef Youssef,Gnomo do Mal,Elenco
Jhonny Medeiros Jr,Gnomo do Mal,Elenco
Tiago Assolini,Gnomo do Mal,Elenco
Helena Valentine,Gnomo do Mal,Director
Helena Valentine,Gnomo do Mal,Writer
Julia Konrad,O que Me Move é a Dor,Elenco
Paula Weinfeld,O que Me Move é a Dor,Elenco
Clarisse Landim,O que Me Move é a Dor,Elenco
Phasma,O que Me Move é a Dor,Elenco
Cris Malta,O que Me Move é a Dor,Producer
Alexandre Charro,O que Me Move é a Dor,Writer
Alexandre Charro,O que Me Move é a Dor,Director
Hueso Chalkho,"Cadê, Achou!",Director
Pedro Dornelles Alves,Movie Night,Director
Pedro Dornelles Alves,Movie Night,Writer
Pedro Dornelles Alves,Movie Night,Producer
Lauren Housego,Masses,Writer
Lauren Housego,Masses,Director
Helena de Sá,...De Um Outro Lugar,Elenco
Thayná Máximo,...De Um Outro Lugar,Elenco
Janderle Rabaiolli,...De Um Outro Lugar,Elenco
Pedro Amaral de Oliveira,...De Um Outro Lugar,Director
Pedro Amaral de Oliveira,...De Um Outro Lugar,Writer
Pedro Amaral de Oliveira,...De Um Outro Lugar,Producer
Keithy Xavier de Oliveira,...De Um Outro Lugar,Producer
Zé Keti,"Eu Sou o Samba, Mas Pode me Chamar de Zé Ketti",Elenco
Luiz Guimarães de Castro,"Eu Sou o Samba, Mas Pode me Chamar de Zé Ketti",Director
Jucy Vieira,DIA E NOITE,Elenco
Paulo Caires,DIA E NOITE,Elenco
Julia Mel,DIA E NOITE,Elenco
Beatriz Silva,DIA E NOITE,Elenco
Dimas: O Primeiro,DIA E NOITE,Elenco
Luiz Felipe Cidreira,DIA E NOITE,Elenco
Erik Zannon,DIA E NOITE,Elenco
Pedro H. Vieira,DIA E NOITE,Director
Pedro H. Vieira,DIA E NOITE,Producer
Fernando Mendes,Prazer,Elenco
Maria Corte,Prazer,Elenco
Mônica Venerotti,Prazer,Elenco
Rafaela Rodrigues,Prazer,Director
Geovanna Reliquias,Prazer,Producer
Ize Zilveti,Prazer,Writer
Julia Gaspar,terceiro tempo,Elenco
Fernando Mendes,terceiro tempo,Elenco
Eduardo Nascimento,terceiro tempo,Director
Daniel Celestino,terceiro tempo,Director
Raphael Ramos,Red Hood,Elenco
Márcio Seixas,Red Hood,Elenco
Breno Santos,Red Hood,Elenco
Luma Calegari,Red Hood,Elenco
Maycon Santos,Red Hood,Elenco
Dinha Medeiros,Red Hood,Elenco
Marcos Palmer,Red Hood,Elenco
Lucas Sky,Red Hood,Elenco
Daniel Ramos,Red Hood,Elenco
André Bragança,Red Hood,Elenco
Gustavo Aguiar,Red Hood,Elenco
Gustavo Aguiar,Red Hood,Producer
Gustavo Aguiar,Red Hood,Director
Raphael Ramos,Red Hood,Writer
Raphael Ramos,Red Hood,Director
Matheus Sales,Red Hood,Writer
Gabriel Matavel,Red Hood,Producer
Raphael Ramos,Red Hood,Producer
ARTT,Angústia,Elenco
Kerolaine Zamprogna,Angústia,Elenco
Oliver Oha,Angústia,Elenco
Ph Ribas,Angústia,Director
R. J. Perli,Angústia,Producer
Fran Mattoso,Depois Deste Desterro,Elenco
Ro Milani,Depois Deste Desterro,Elenco
Gabrielle Novello,Depois Deste Desterro,Elenco
Renan Amaral,Depois Deste Desterro,Director
Laura Hantower,Welcome Back,Elenco
Carol Dias,Welcome Back,Elenco
Eduardo Neves,Welcome Back,Elenco
Raul da Silva,Welcome Back,Director
Carolina Ramos,Welcome Back,Producer
Agatha Fernandes,Welcome Back,Writer
Victória Álvares,Tijolo por Tijolo,Director
Victória Álvares,Tijolo por Tijolo,Writer
Victória Álvares,Tijolo por Tijolo,Producer
Quentin Delaroche,Tijolo por Tijolo,Director
Quentin Delaroche,Tijolo por Tijolo,Producer
Quentin Delaroche,Tijolo por Tijolo,Writer
Coletivo Mulheres no Audiovisual PE,O Canto das Margaridas,Writer
Coletivo Mulheres no Audiovisual PE,O Canto das Margaridas,Director
Luiz Carlos Persy,A Cápsula,Elenco
Danielli Pasquini,A Cápsula,Elenco
Adriano Gouvella,A Cápsula,Elenco
Pedro Daniel,A Cápsula,Elenco
Ben Hur Prado,A Cápsula,Elenco
Chico Hernandes,A Cápsula,Elenco
José Paulo de Almeida,A Cápsula,Elenco
Laura Chaves,A Cápsula,Elenco
Bernardo Hohmann,A Cápsula,Elenco
Felipe Cosmos,A Cápsula,Producer
Ribamar Nascimento,A Cápsula,Director
Guilherme Peraro,A Cápsula,Producer
Ribamar Nascimento,A Cápsula,Writer
Rodrigo Grota,A Cápsula,Producer
Luc da Silveira,This ship is going to sink,Director
Luc da Silveira,This ship is going to sink,Producer
Nina da Silveira,This ship is going to sink,Producer
Bárbaro Xavier,17.700,Elenco
Tércio Moura,17.700,Elenco
Raimundo Moura,17.700,Elenco
Yago José,17.700,Elenco
Edgard Piccoli,17.700,Elenco
André Gabriel Hatoun,17.700,Elenco
Antônio Abrão,17.700,Writer
Fabio Minozzi,17.700,Director
Rian Abreu,17.700,Producer
Artur Volpi,Perfect Endings,Elenco
Julianna Gerais,Perfect Endings,Elenco
Marcos Oli,Perfect Endings,Elenco
Michel Joelsas,Perfect Endings,Elenco
Bruno Rocha,Perfect Endings,Elenco
Cleomácio Inácio,Perfect Endings,Elenco
Igor Cosso,Perfect Endings,Elenco
Sidney Santiago,Perfect Endings,Elenco
Helena Albergaria,Perfect Endings,Elenco
Maite Schneider,Perfect Endings,Elenco
Daniel Tavares,Perfect Endings,Elenco
Fabrício Pietro,Perfect Endings,Elenco
Rafael Americo,Perfect Endings,Elenco
Amanda Pereira Ribeiro,Perfect Endings,Elenco
Martina Pereira Ribeiro,Perfect Endings,Elenco
Fábio Kow,Perfect Endings,Elenco
Charly Braun,Perfect Endings,Elenco
Fábio Audi,Perfect Endings,Elenco
Hugo Kenzo,Perfect Endings,Elenco
Marco Barreto,Perfect Endings,Elenco
João Victor Toledo,Perfect Endings,Elenco
Atila Rodrigues Silva,Perfect Endings,Elenco
Douglas Casali,Perfect Endings,Elenco
Douglas William,Perfect Endings,Elenco
Claudia Braga,Perfect Endings,Elenco
Alisson Castro,Perfect Endings,Elenco
Bruno Vasco,Perfect Endings,Elenco
Rafael Gomes,Perfect Endings,Elenco
Guilherme Nogueira,Perfect Endings,Elenco
Pablo Escajedo,Perfect Endings,Elenco
João Vitor Lage,Perfect Endings,Elenco
Daniel Ribeiro,Perfect Endings,Elenco
Fabiano Pereira da Silva,Perfect Endings,Elenco
Arthur Alfaia,Perfect Endings,Elenco
Pither Lopes,Perfect Endings,Elenco
Tati Fujimori,Perfect Endings,Elenco
Heron Leal,Perfect Endings,Elenco
Diana Almeida,Perfect Endings,Elenco
Daniel Ribeiro,Perfect Endings,Writer
Diana Almeida,Perfect Endings,Producer
Daniel Ribeiro,Perfect Endings,Director
Daniel Ribeiro,Perfect Endings,Producer
Fernando Sapelli,Perfect Endings,Producer
Fernanda Schneider,Overwhelming Women 2.0,Elenco
Bibi Tatto,Overwhelming Women 2.0,Elenco
Murilo Bispo,Overwhelming Women 2.0,Elenco
Jeanny Soares,Overwhelming Women 2.0,Elenco
Juliana Baroni,Overwhelming Women 2.0,Elenco
Danielle Winits,Overwhelming Women 2.0,Elenco
Raphael Viana,Overwhelming Women 2.0,Elenco
Wellington Nogueira,Overwhelming Women 2.0,Elenco
Guta Ruiz,Overwhelming Women 2.0,Elenco
Hebert Richers Jr.,Overwhelming Women 2.0,Elenco
André Hendges,Overwhelming Women 2.0,Elenco
Mara Mourão,Overwhelming Women 2.0,Director
Walkiria Barbosa,Overwhelming Women 2.0,Producer
Vilma Lustosa,Overwhelming Women 2.0,Producer
Marcos Didonet,Overwhelming Women 2.0,Producer
Arthur Silva Oliveira,Mais um dia em Sunset,Elenco
Arthur Dias Segregio,Mais um dia em Sunset,Elenco
Eduardo Pereira,Mais um dia em Sunset,Elenco
Harley,Mais um dia em Sunset,Elenco
Ana Beatriz Carvalho,Mais um dia em Sunset,Elenco
Júlia,Mais um dia em Sunset,Elenco
Arthur Silva Oliveira,Mais um dia em Sunset,Director
Arthur Silva Oliveira,Mais um dia em Sunset,Writer
Lucas Tavares,A Última Visita,Elenco
Thomas Kenji,A Última Visita,Elenco
Thomas Kenji,A Última Visita,Elenco
Thomas Kenji,A Última Visita,Elenco
Lucas Tavares,A Última Visita,Writer
Thomas Kenji,A Última Visita,Writer
Lucas Tavares,A Última Visita,Director
Thomas Kenji,A Última Visita,Director
Pedro Mesquita,O Hipertexto na Formação das Eras Midiáticas,Elenco
Pedro Mesquita,O Hipertexto na Formação das Eras Midiáticas,Director
Julia Yamauchi,O Hipertexto na Formação das Eras Midiáticas,Director
Pedro Mesquita,O Hipertexto na Formação das Eras Midiáticas,Writer
Pedro Mesquita,O Hipertexto na Formação das Eras Midiáticas,Producer
Kenya Zanatta,Funk Favela,Director
Rodrigo Mercadante,"Mário de Andrade, O Turista Aprendiz",Elenco
Dora de Assis,"Mário de Andrade, O Turista Aprendiz",Elenco
Dora Freind,"Mário de Andrade, O Turista Aprendiz",Elenco
Murilo Salles,"Mário de Andrade, O Turista Aprendiz",Producer
Murilo Salles,"Mário de Andrade, O Turista Aprendiz",Director
Clara Paixão,The Messenger,Elenco
Daniel Farias,The Messenger,Elenco
Evelin Buchegger,The Messenger,Elenco
Edvana Carvalho,The Messenger,Elenco
Hamilton Borges,The Messenger,Elenco
Márcia Limma,The Messenger,Elenco
Heraldo de Deus,The Messenger,Elenco
Vladimir Brichta,The Messenger,Elenco
Diana Magnavita,The Messenger,Elenco
Cândida de Deus,The Messenger,Elenco
Luiz Pepeu,The Messenger,Elenco
Jean Pedro,The Messenger,Elenco
Rai Alves,The Messenger,Elenco
Agnaldo Lopes,The Messenger,Elenco
Luiz Buranga,The Messenger,Elenco
Alba Soares,The Messenger,Elenco
Antônio Fábio,The Messenger,Elenco
Marcus Dilli,The Messenger,Elenco
Sabrina Bispo,The Messenger,Elenco
Jorge Alencar,The Messenger,Elenco
Leno Sacramento,The Messenger,Elenco
Cláudio Marques,The Messenger,Elenco
Akueran Lima,The Messenger,Elenco
Vitório Emanuel,The Messenger,Elenco
Victor Edvani,The Messenger,Elenco
Hamilton Junior,The Messenger,Elenco
Nicole Leão,The Messenger,Elenco
Marcus Dioli,The Messenger,Elenco
Marília Hughes Guerreiro,The Messenger,Producer
Cláudio Marques,The Messenger,Director
Paulinho Serra,Beloved Father,Elenco
Ataíde Arcoverde,Beloved Father,Elenco
Esther Delamare,Beloved Father,Elenco
Priscila Manso,Beloved Father,Elenco
Alan Nunes,Beloved Father,Elenco
Vinicius Andrade,Beloved Father,Elenco
Je Nascimento,Beloved Father,Elenco
Brito,Beloved Father,Elenco
Sidney Guedes,Beloved Father,Elenco
Graça Maranhão,Beloved Father,Elenco
Camillo Borges,Beloved Father,Elenco
Léo Cajango,Beloved Father,Elenco
Gil Gonçalves,Beloved Father,Elenco
Luciana Kani,Beloved Father,Elenco
Sofia Manso,Beloved Father,Elenco
Rafael Camargo,Beloved Father,Elenco
Layonel Pitter,Beloved Father,Elenco
Marcos Alfa,Beloved Father,Elenco
Leo Miguel,Beloved Father,Director
Brito,Beloved Father,Producer
Leo Miguel,Beloved Father,Producer
Felipe Andolpho,Eric e Hemilly,Elenco
Alice Neves de Almeida,Eric e Hemilly,Elenco
Heitor Lopes Mendes,Eric e Hemilly,Elenco
Alice Cunha Lopes,Eric e Hemilly,Elenco
Filipe Serra,Eric e Hemilly,Elenco
Gabriel Cereser Moretti,Eric e Hemilly,Elenco
Adriana Aparecida Ferreira Oliveira,Eric e Hemilly,Elenco
Tyrion,Eric e Hemilly,Elenco
Carolina Neves Cunha,Eric e Hemilly,Elenco
Ana Letícia Tolentino Cunha,Eric e Hemilly,Elenco
João Evangelista de Oliveira,Eric e Hemilly,Elenco
Luiza Gomes,Eric e Hemilly,Elenco
Ana Beatriz Laguardia,Eric e Hemilly,Elenco
Analice Ferreira,Eric e Hemilly,Elenco
Yuri Ribeiro,Eric e Hemilly,Elenco
Rafaella Walerio,Eric e Hemilly,Elenco
Lara Roux,Eric e Hemilly,Elenco
Rayssa Nascimento,Eric e Hemilly,Elenco
Ricardo Adham,Eric e Hemilly,Elenco
Analice Ferreira,Eric e Hemilly,Producer
Ricardo Adham,Eric e Hemilly,Director
Ricardo Adham,Eric e Hemilly,Writer
Arielle Teles,Up And Down,Elenco
Fernando Bergami,Up And Down,Elenco
Duda Rett,Up And Down,Elenco
Wagner Jovanaci,Up And Down,Elenco
Marcio Cassoni,Up And Down,Elenco
Luis Eduardo S M,Up And Down,Elenco
Dimitri Biá,Up And Down,Elenco
Ana Kraut,Up And Down,Elenco
Ruy Andrade,Up And Down,Elenco
Teodoro Pimenta,Up And Down,Director
Lucas Unti,Up And Down,Producer
Teodoro Pimenta,Up And Down,Writer
Luis Eduardo S M,Up And Down,Producer
Paulina Telch,Up And Down,Producer
Augusto Ramos,Sobra Tanta Falta,Director
Raquel Rosa,Sobra Tanta Falta,Writer
Beatriz Ferreira,Mais Fortes,Elenco
Maria Joaquina,Mais Fortes,Elenco
Gabriel Augusto Prado,Mais Fortes,Elenco
Roberto Studart,Mais Fortes,Writer
Lucas Onofrio,Mais Fortes,Writer
Adriana Barini,Mais Fortes,Writer
Roberto Studart,Mais Fortes,Director
Moacyr Luz,"Moacyr Luz, O Embaixador Dessa Cidade",Elenco
Zeca Pagodinho,"Moacyr Luz, O Embaixador Dessa Cidade",Elenco
Maria Bethânia,"Moacyr Luz, O Embaixador Dessa Cidade",Elenco
Fafá de Belém,"Moacyr Luz, O Embaixador Dessa Cidade",Elenco
Teresa Cristina,"Moacyr Luz, O Embaixador Dessa Cidade",Elenco
Tarsilla Alves,"Moacyr Luz, O Embaixador Dessa Cidade",Director
Pedro Gui,"Moacyr Luz, O Embaixador Dessa Cidade",Producer
Hugo Sukman,"Moacyr Luz, O Embaixador Dessa Cidade",Writer
André Garcia,"Moacyr Luz, O Embaixador Dessa Cidade",Producer
Gabriel Meyohas,"Moacyr Luz, O Embaixador Dessa Cidade",Writer
Tarsilla Alves,"Moacyr Luz, O Embaixador Dessa Cidade",Producer
Casemiro,"Casemiro, o Pai de Todos",Elenco
André Plihal,"Casemiro, o Pai de Todos",Elenco
Ney Franco,"Casemiro, o Pai de Todos",Elenco
Luís Fabiano,"Casemiro, o Pai de Todos",Elenco
Lucas Moura,"Casemiro, o Pai de Todos",Elenco
Marcelo Gomes,"Casemiro, o Pai de Todos",Writer
Ricardo Zanei,"Casemiro, o Pai de Todos",Writer
Marcelo Gomes,"Casemiro, o Pai de Todos",Director
Luca Ferrarezi,Jacu Hero,Elenco
Mayara Araujo,Jacu Hero,Elenco
Pedro Carregã,Jacu Hero,Director
Pedro Carregã,Jacu Hero,Writer
Maiara Rocha,Jacu Hero,Producer
Telmo Carvalho,Almadia,Producer
Mariana Medina,Almadia,Director
Mariana Jaspe,Quem é Essa Mulher?,Writer
Fernanda Bezerra,Quem é Essa Mulher?,Producer
Muriel Alves,Quem é Essa Mulher?,Writer
Mariana Jaspe,Quem é Essa Mulher?,Director
Ed Marte,Between Venus and Mars,Elenco
Nickary Aycker,Between Venus and Mars,Elenco
Fredda Amorim,Between Venus and Mars,Elenco
Cris Ventura,Between Venus and Mars,Director
Cris Ventura,Between Venus and Mars,Writer
Ana Paula Valois,Between Venus and Mars,Producer
Tamira Abreu,Between Venus and Mars,Producer
Nicole Sourient,The Treehouse,Elenco
Mayara Araújo,The Treehouse,Elenco
Amanda Schubert,The Treehouse,Elenco
Jeff Franco,The Treehouse,Elenco
Jhonny Ferri,The Treehouse,Elenco
Maria Luiza Khouri,The Treehouse,Producer
Guilherme Lepca,The Treehouse,Director
Tiago Pinho,The Treehouse,Writer
Luiz Guilherme Lopes,Caravana da Coragem,Elenco
Beatriz Santos Souza,Caravana da Coragem,Elenco
Isis Lopes,Caravana da Coragem,Elenco
Pedro B. Garcia,Caravana da Coragem,Director
Maíra Valério,Caravana da Coragem,Producer
Ana Luiza Meneses,Caravana da Coragem,Producer
Pedro B. Garcia,Caravana da Coragem,Producer
Rômulo Costa e Silva,Lagoa do Nado - A festa de um parque,Elenco
Cassio Fernandino,Lagoa do Nado - A festa de um parque,Elenco
Valéria Marques Almeida,Lagoa do Nado - A festa de um parque,Elenco
Clair (Izinho) José Benfica,Lagoa do Nado - A festa de um parque,Elenco
Fernando Torres,Lagoa do Nado - A festa de um parque,Elenco
Ângela A. Lutterbach,Lagoa do Nado - A festa de um parque,Elenco
LOR,Lagoa do Nado - A festa de um parque,Elenco
João Bosco Senra,Lagoa do Nado - A festa de um parque,Elenco
Cleusa (Nem) Benfica,Lagoa do Nado - A festa de um parque,Elenco
Luiza Gomes do Nascimento,Lagoa do Nado - A festa de um parque,Elenco
João das Neves,Lagoa do Nado - A festa de um parque,Elenco
Dércio Marques,Lagoa do Nado - A festa de um parque,Elenco
Titane,Lagoa do Nado - A festa de um parque,Elenco
Marku Ribas,Lagoa do Nado - A festa de um parque,Elenco
Doroty Marques,Lagoa do Nado - A festa de um parque,Elenco
Mauricio Tizumba,Lagoa do Nado - A festa de um parque,Elenco
Gil da Mata,Lagoa do Nado - A festa de um parque,Elenco
João Terra,Lagoa do Nado - A festa de um parque,Elenco
Dicão Benfica,Lagoa do Nado - A festa de um parque,Elenco
Maria Dalce,Lagoa do Nado - A festa de um parque,Elenco
Flávio Cerezo,Lagoa do Nado - A festa de um parque,Elenco
Paulinho Pedra Azul,Lagoa do Nado - A festa de um parque,Elenco
Marcílio Menezes,Lagoa do Nado - A festa de um parque,Elenco
Arthur B. Senra,Lagoa do Nado - A festa de um parque,Director
Clair (Izinho) José Benfica,Lagoa do Nado - A festa de um parque,Producer
Fernando Torres,Lagoa do Nado - A festa de um parque,Producer
Luciana Andreia Oliveira,Mulheres Sambistas Duque Caxiense,Elenco
Luana Ojuoba Axé,Mulheres Sambistas Duque Caxiense,Elenco
Malu Ribeiro,Mulheres Sambistas Duque Caxiense,Elenco
Luciana Andreia Oliveira,Mulheres Sambistas Duque Caxiense,Director
Luciana Andreia Oliveira,Mulheres Sambistas Duque Caxiense,Producer
Luciana Andreia Oliveira,Mulheres Sambistas Duque Caxiense,Writer
Mel Gibs,Prontuário Nº415361,Elenco
Solda Cáustico,Prontuário Nº415361,Elenco
Milla Jung,Prontuário Nº415361,Elenco
Vino Carvalho,Prontuário Nº415361,Director
Vino Carvalho,Prontuário Nº415361,Writer
Stefano Lopes,Nothing Like Before,Elenco
Adriana Marques,Nothing Like Before,Elenco
Lucas Henrique,Nothing Like Before,Elenco
Luisa Vitória Lopes,Nothing Like Before,Elenco
Stefano Lopes,Nothing Like Before,Director
Stefano Lopes,Nothing Like Before,Writer
Tiago Felipe,Nothing Like Before,Producer
Stefano Lopes,Nothing Like Before,Producer
Guto Togniazzolo,Before the Spring,Elenco
Raquel Higa,Before the Spring,Elenco
Anne Andrade,Before the Spring,Writer
Maria Guerra,Before the Spring,Director
Heisy Lohaine,Before the Spring,Producer
Isabelly Correa,Before the Spring,Producer
Yasmin Gomes,Capturing the Ghost,Elenco
Gilda Nomacce,Capturing the Ghost,Elenco
Raimundo Moura,Capturing the Ghost,Elenco
Davi Mello,Capturing the Ghost,Director
Davi Mello,Capturing the Ghost,Producer
Renan Rovida,Stone Age,Elenco
Renan Rovida,Stone Age,Director
Renan Rovida,Stone Age,Writer
Francis Vogner dos Reis,Stone Age,Writer
Iris Junges,Stone Age,Writer
Guilherme Martins,"O Rancho da Goiabada, ou Pois é Meu Camarada Fácil, Fácil Não é a Vida",Writer
Guilherme Martins,"O Rancho da Goiabada, ou Pois é Meu Camarada Fácil, Fácil Não é a Vida",Director
Bruna Epiphanio,"O Rancho da Goiabada, ou Pois é Meu Camarada Fácil, Fácil Não é a Vida",Producer
Anídria Stadler,O Sol das Mariposas,Elenco
Camila Jorge,O Sol das Mariposas,Elenco
Nautilio Portela,O Sol das Mariposas,Elenco
Paulo Matos,O Sol das Mariposas,Elenco
Fábio Allon,O Sol das Mariposas,Director
Claudia Lopes Borio,O Sol das Mariposas,Writer
Fábio Allon,O Sol das Mariposas,Writer
Amanda Doria,Filme Particularmente Ordinário,Elenco
Catarina Lyrio,Filme Particularmente Ordinário,Elenco
Andrea Mota,Filme Particularmente Ordinário,Elenco
Isabella Ponce,Filme Particularmente Ordinário,Elenco
Lucas Lyrio,Filme Particularmente Ordinário,Elenco
Amanda Doria,Filme Particularmente Ordinário,Producer
Lucas Lyrio,Filme Particularmente Ordinário,Writer
Lucas Lyrio,Filme Particularmente Ordinário,Producer
Lucas Lyrio,Filme Particularmente Ordinário,Director
João Boechat,Homage To Joe Camel,Elenco
Matheus Meira,Homage To Joe Camel,Elenco
Matheus Meira,Homage To Joe Camel,Writer
Brunno Bimbati,Homage To Joe Camel,Writer
Erica Dafon,Homage To Joe Camel,Director
Matheus Meira,Homage To Joe Camel,Director
Brunno Bimbati,Homage To Joe Camel,Director
Erica Dafon,Homage To Joe Camel,Producer
Kim Jackson,Collections,Elenco
Gabriel Brasil,Collections,Elenco
Murilo Arashiro,Collections,Producer
Teodoro Pimenta,Collections,Producer
Teodoro Pimenta,Collections,Director
Giulia Falzoni,Collections,Producer
Teodoro Pimenta,Collections,Writer
Kim Jackson,Collections,Writer
Luis Sérgio Miraldo,Santa Rita de Sampa,Elenco
Padre Gustavo Valentim,Santa Rita de Sampa,Elenco
Maria Emília Galvão,Santa Rita de Sampa,Elenco
Marcos David Prosdoskimis,Santa Rita de Sampa,Elenco
Carol de Medeiros,Santa Rita de Sampa,Director
Elisa Mesquita,Santa Rita de Sampa,Producer
Clara Colheado,Santa Rita de Sampa,Producer
Rafael Bagnara,Santa Rita de Sampa,Writer
Gabriel Valdevite,Santa Rita de Sampa,Writer
Guilherme Giroto,Santa Rita de Sampa,Writer
Elisa Mesquita,Santa Rita de Sampa,Writer
Clint Bones,Despropósito,Elenco
Luka Nataniel Storck,Despropósito,Elenco
Bel Corrêa,Despropósito,Elenco
Maria Magalhães,Despropósito,Elenco
Ana Cecília Ladeia,Despropósito,Elenco
Sunny Lee,Despropósito,Elenco
Luísa Lins,Despropósito,Elenco
Bruna Vieira,Despropósito,Elenco
Henrique Leite,Despropósito,Elenco
Luz Machado,Despropósito,Director
Clint Bones,Despropósito,Producer
Rodolfo Luiz Vieira,"For Jack, From Hell",Elenco
Pier Paolo Pasolini,"For Jack, From Hell",Elenco
Jean-Luc Godard,"For Jack, From Hell",Elenco
Bernardo Bertolucci,"For Jack, From Hell",Elenco
Rodolfo Luiz Vieira,"For Jack, From Hell",Director
Rodolfo Luiz Vieira,"For Jack, From Hell",Producer
Rodolfo Luiz Vieira,"For Jack, From Hell",Writer
Vini Campos,Old Fashioned,Elenco
Bruna Thedy,Old Fashioned,Elenco
Leonardo Zanchin,Old Fashioned,Elenco
Vini Campos,Old Fashioned,Director
Rafaele Antunes,Vidas Invisíveis,Elenco
Luiza Marques,Vidas Invisíveis,Elenco
Letícia Knopfholz,Vidas Invisíveis,Elenco
Lorenzo Roveda,Vidas Invisíveis,Elenco
Nina Tomasi,Vidas Invisíveis,Elenco
Maria Clara Moreira,Vidas Invisíveis,Elenco
Nicole Alessia,Vidas Invisíveis,Elenco
Nicole Alessia,Vidas Invisíveis,Elenco
Rafael Paludo,Vidas Invisíveis,Elenco
João Pedro Vianna,Vidas Invisíveis,Elenco
João Pedro Vianna,Vidas Invisíveis,Elenco
Avril laroca,Vidas Invisíveis,Elenco
Nicole Alessia,Vidas Invisíveis,Director
Luiza Marques,Vidas Invisíveis,Writer
Rafaele Antunes,Vidas Invisíveis,Writer
Nicole Alessia,Vidas Invisíveis,Writer
João Pedro Vianna,Vidas Invisíveis,Writer
Lorenzo Roveda,Vidas Invisíveis,Writer
Luiza Marques,Vidas Invisíveis,Director
João Pedro Vianna,Vidas Invisíveis,Director
Guilherme Eyng,What did I do,Elenco
Malua Galdino,What did I do,Elenco
Davi Beltrão,What did I do,Elenco
Vitória Speck,What did I do,Producer
Guilherme Rodrigues,What did I do,Writer
Guilherme Rodrigues,What did I do,Director
Ana Boeckel,Solum,Elenco
Matheus Martins,Solum,Elenco
Bruna Luiza,Solum,Elenco
Rubem Jelber,Solum,Elenco
Annie Oliveira,Solum,Director
Daniela Vitória ,Solum,Director
Bernardo Brandão,Solum,Writer
Marcella Reis,Solum,Writer
Annie Oliveira,Solum,Writer
Mavi Lucena,Um Conto da Videira,Elenco
Ana Izabel Martins,Um Conto da Videira,Elenco
Vitória Araldi,Um Conto da Videira,Elenco
Flori Palomino,Um Conto da Videira,Elenco
Gabriel Araujo,Um Conto da Videira,Elenco
Vitória Piazza,Um Conto da Videira,Director
Luis Pedrinha,Um Conto da Videira,Director
Gabriel Araujo,Um Conto da Videira,Producer
Pedro Lucas,Samurai Cowboy,Elenco
Marcos José Tomé,Samurai Cowboy,Elenco
Joaquim Tomé,Samurai Cowboy,Elenco
Julia Ribeiro,Samurai Cowboy,Elenco
Ana Clara Marangoni,Samurai Cowboy,Elenco
Matheus Tomé,Samurai Cowboy,Elenco
Maria Fernanda Tomé,Samurai Cowboy,Elenco
Igor Marinho,Samurai Cowboy,Director
Igor Marinho,Samurai Cowboy,Writer
Yuri Szirovicza,Samurai Cowboy,Producer
Igor Marinho,Samurai Cowboy,Producer
Maria Sophia,MANHÃ DE CARLA,Elenco
Helena Pacheco,MANHÃ DE CARLA,Director
Helena Pacheco,MANHÃ DE CARLA,Writer
Marcela Novo,Amor e Morte,Elenco
Hussene Yamba,Amor e Morte,Elenco
Fernanda Pinheiro,Amor e Morte,Elenco
Luigi Montez,Amor e Morte,Elenco
Rafaela Eyer,Amor e Morte,Elenco
Isabela Dutra,Amor e Morte,Elenco
Catarina Baptista,Amor e Morte,Elenco
Clara Francisco,Amor e Morte,Elenco
João Costa,Amor e Morte,Director
Hussene Yamba,Amor e Morte,Director
Hussene Yamba,Amor e Morte,Producer
João Costa,Amor e Morte,Producer
Marcela Novo,Amor e Morte,Producer
Isabella Faro,Amor e Morte,Producer
Felipe Montanaro,Será que é uma Estrela?,Elenco
Lucca Ueda,Será que é uma Estrela?,Elenco
Leonardo Ryo,Será que é uma Estrela?,Elenco
Fernando Horvat,Será que é uma Estrela?,Elenco
Mary Oliveira,Será que é uma Estrela?,Elenco
Isabelle Sanchez,Será que é uma Estrela?,Elenco
Bia Pivoto,Será que é uma Estrela?,Elenco
Rafael Beck,Será que é uma Estrela?,Elenco
Gabriel Montanaro,Será que é uma Estrela?,Elenco
Marcos Montanaro,Será que é uma Estrela?,Elenco
Manoela Montanaro,Será que é uma Estrela?,Elenco
José Montanaro,Será que é uma Estrela?,Elenco
Sara Oliveira,Será que é uma Estrela?,Elenco
Clóvis de Barros Filho,Será que é uma Estrela?,Elenco
Antônio Abujamra,Será que é uma Estrela?,Elenco
Anna Dalia,Será que é uma Estrela?,Elenco
Ana Oliveira,Será que é uma Estrela?,Elenco
Benjamim Taubkin,Será que é uma Estrela?,Elenco
Guinga,Será que é uma Estrela?,Elenco
Felipe Montanaro,Será que é uma Estrela?,Director
Felipe Montanaro,Será que é uma Estrela?,Producer
Nathália Sacaldassy,Todas as Coisas que Ela disse,Elenco
Mavi Faustino,Todas as Coisas que Ela disse,Elenco
Malu Lena,Todas as Coisas que Ela disse,Director
Malu Lena,Todas as Coisas que Ela disse,Writer
Arthur P. Motta,Ária,Director
Arthur P. Motta,Ária,Writer
Jomir Gomes,Pororoca,Elenco
Carolina Mendes,Pororoca,Producer
Francis Frank,Pororoca,Writer
Francis Frank,Pororoca,Director
Fernanda Roque,Pororoca,Writer
Fernanda Roque,Pororoca,Director
Carlos Alberto de Lima,Cavaram Uma Cova No Meu Coração,Elenco
Zeza do Coco,Cavaram Uma Cova No Meu Coração,Elenco
Dimas Bezerra,Cavaram Uma Cova No Meu Coração,Elenco
Alessandra Moretti,Cavaram Uma Cova No Meu Coração,Producer
Pedro Verdino,Cavaram Uma Cova No Meu Coração,Producer
Ulisses Arthur,Cavaram Uma Cova No Meu Coração,Director
Mabel Cezar,Viva Voz,Elenco
Claudio Galvan,Viva Voz,Elenco
Luiz Carlos Persy,Viva Voz,Elenco
Miriam Ficher,Viva Voz,Elenco
Ricardo Juarez,Viva Voz,Elenco
Sérgio Stern,Viva Voz,Elenco
Maíra Góes,Viva Voz,Elenco
Fernanda Ribeiro,Viva Voz,Elenco
Karin Medeiros,Viva Voz,Elenco
Arthur Salerno,Viva Voz,Elenco
Luiza Cesar,Viva Voz,Elenco
Hector Gomes,Viva Voz,Elenco
Carol Crespo,Viva Voz,Elenco
Sofia Manso,Viva Voz,Elenco
Cid Fernandes,Viva Voz,Elenco
Evie Saide,Viva Voz,Elenco
Matheus Souza,Viva Voz,Director
Patrick Nicolay,Viva Voz,Director
Rodrigo Lourival,Viva Voz,Writer
Felipe Bastilho,Viva Voz,Writer
Ricardo Rodriguez,Viva Voz,Director
Ricardo Rodriguez,Viva Voz,Writer
Clarissa Pinheiro,Um Dia Antes de Todos os Outros,Elenco
Marianna Bittencourt,Um Dia Antes de Todos os Outros,Elenco
Elvira Helena,Um Dia Antes de Todos os Outros,Elenco
Fernanda Bond,Um Dia Antes de Todos os Outros,Director
Valentina Homem,Um Dia Antes de Todos os Outros,Director
Nathalie Felippe,Um Dia Antes de Todos os Outros,Producer
Jô Bilac,Um Dia Antes de Todos os Outros,Writer
Fernanda Bond,Um Dia Antes de Todos os Outros,Writer
Valentina Homem,Um Dia Antes de Todos os Outros,Producer
Rodrigo do Viveiro,FOTOSSÍNTESE,Director
Rodrigo do Viveiro,FOTOSSÍNTESE,Producer
Patrícia Niedermeier,"Eu Sou O Cinema, O Cinema Sou Eu",Elenco
Cavi Borges,"Eu Sou O Cinema, O Cinema Sou Eu",Producer
Patrícia Niedermeier,"Eu Sou O Cinema, O Cinema Sou Eu",Director
Cavi Borges,"Eu Sou O Cinema, O Cinema Sou Eu",Director
Beth Martins,Bambuá,Director
Cavi Borges,Bambuá,Producer
Cavi Borges,Bambuá,Director
Jóh do Forró,Jóh do Forró - De Lá Pra Cá,Elenco
Alessandro Anax,Jóh do Forró - De Lá Pra Cá,Writer
Alessandro Anax,Jóh do Forró - De Lá Pra Cá,Director
Gabrielle Afroh,Jóh do Forró - De Lá Pra Cá,Producer
Elisa Maria de Souza Roriz,A cidade é delas,Elenco
Maria Aparecida Caetano Guerra,A cidade é delas,Elenco
Edna dos Santos Celestino,A cidade é delas,Elenco
Regina Helena Delpasso de Sousa,A cidade é delas,Elenco
Amabile Maria de Moura Passos,A cidade é delas,Elenco
Amabile Maria de Moura Passos,A cidade é delas,Writer
Amabile Maria de Moura Passos,A cidade é delas,Director
Cecília Fernandes,Felícia e os Super-Resíduos do Bem,Elenco
Ricardo Righi,Felícia e os Super-Resíduos do Bem,Elenco
Fernanda Takai,Felícia e os Super-Resíduos do Bem,Elenco
Mauricio Tizumba,Felícia e os Super-Resíduos do Bem,Elenco
Octávio Aragão,Felícia e os Super-Resíduos do Bem,Elenco
Jerê Hallel,Felícia e os Super-Resíduos do Bem,Elenco
Alessandra Carneiro,Felícia e os Super-Resíduos do Bem,Elenco
Rafael Guimarães,Felícia e os Super-Resíduos do Bem,Producer
Jünia Costa,Felícia e os Super-Resíduos do Bem,Writer
Laly Cataguases,Felícia e os Super-Resíduos do Bem,Director
Mara Débora,Felícia e os Super-Resíduos do Bem,Writer
Recy Cazarotto,Mytikah Explora – Maria Sibylla Merian,Director
Hygor Amorim,Mytikah Explora – Maria Sibylla Merian,Director
Recy Cazarotto,Mytikah Explora – Maria Sibylla Merian,Producer
Amanda Castro,Mytikah Explora – Maria Sibylla Merian,Producer
Radhi Meron,Mytikah Explora – Maria Sibylla Merian,Writer
Cláudio Fraga,O Tubarão Martelo e Os Habitantes do Fundo do Mar – O Filme,Elenco
Ricardo Righi,O Tubarão Martelo e Os Habitantes do Fundo do Mar – O Filme,Elenco
Gustavo Marquezini,O Tubarão Martelo e Os Habitantes do Fundo do Mar – O Filme,Elenco
Cecília Fernandes,O Tubarão Martelo e Os Habitantes do Fundo do Mar – O Filme,Elenco
Carlos Magalhães,O Tubarão Martelo e Os Habitantes do Fundo do Mar – O Filme,Writer
Jozane Faleiro,O Tubarão Martelo e Os Habitantes do Fundo do Mar – O Filme,Producer
Cláudio Fraga,O Tubarão Martelo e Os Habitantes do Fundo do Mar – O Filme,Director
Cláudio Fraga,O Tubarão Martelo e Os Habitantes do Fundo do Mar – O Filme,Producer
Cláudio Fraga,O Tubarão Martelo e Os Habitantes do Fundo do Mar – O Filme,Writer
Carlos Magalhães,O Tubarão Martelo e Os Habitantes do Fundo do Mar – O Filme,Director
OOKAMI,Construção,Elenco
Bernardo Coelho de Moraes,Construção,Director
Caio Rocancourt,Construção,Producer
Bernardo Coelho de Moraes,Construção,Writer
Caio Rocancourt,Construção,Writer
Arthur Moraes,Construção,Director
Caio Rocancourt,Construção,Director
Alinne Perez,No Palco,Elenco
Júlia Hertz,No Palco,Elenco
Giovanna Lacerda,No Palco,Elenco
Anita Arruda,No Palco,Elenco
Daphine Araujo,No Palco,Elenco
Rafaela Mendes,No Palco,Director
Cauê Regis,No Palco,Producer
Rafaela Mendes,No Palco,Writer
Andrea Santana,Quarta-feira,Elenco
Jeyne Stakflett,Quarta-feira,Elenco
Julha,Quarta-feira,Director
Júlia Rossi,O Enigma do Concurso,Elenco
Benaia Tavares,O Enigma do Concurso,Elenco
Thales Jannotti,O Enigma do Concurso,Elenco
Rafael Luzia,O Enigma do Concurso,Elenco
Gabriel Gama,O Enigma do Concurso,Director
Thales Jannotti,O Enigma do Concurso,Director
Júlia Rossi,O Enigma do Concurso,Producer
Rafael Luzia,O Enigma do Concurso,Director
Thales Jannotti,O Enigma do Concurso,Writer
Benaia Tavares,O Enigma do Concurso,Director
Maria Alice Torres,O Enigma do Concurso,Director
Dora Câncio,O Enigma do Concurso,Director
Júlia Rossi,O Enigma do Concurso,Director
Laura Fideles,O Enigma do Concurso,Director
Viviane Borelli,Avesso,Elenco
Marina Carvalho,Avesso,Writer
Flávia Dantas,Avesso,Director
Lucas Meger,Avesso,Producer
Leonardo Benatti,Avesso,Writer
Murilo Feijó,O Último Dia,Elenco
Jamily Lima,O Último Dia,Elenco
Andy Bernardes,O Último Dia,Elenco
Kenzo Kato,O Último Dia,Elenco
Alexander Magalhães,O Último Dia,Director
Bruno Meng,O Último Dia,Writer
Heloisa Vaz,O Último Dia,Producer
Lethicia Dominguez,O Último Dia,Producer
Hariel Christopher,Antolhos,Elenco
César Baptista,Antolhos,Elenco
Breno Mileski Buchler,Antolhos,Director
Gabo Martines,Antolhos,Director
Gabriella Lira,Antolhos,Producer
Caique Pituba,Natuba,Director
Caique Pituba,Natuba,Producer
Caique Pituba,Natuba,Writer
Ana Teixeira,O Jovem Que Desceu do Norte,Director
Daniel Sapiência,The Ballad of the Clowns,Elenco
Paula Martins,The Ballad of the Clowns,Elenco
Diogo Guedes,The Ballad of the Clowns,Elenco
Felipe Dezotti Barêa,The Ballad of the Clowns,Elenco
Luna Omotunde,The Ballad of the Clowns,Elenco
Ana Riguez,The Ballad of the Clowns,Writer
Felipe Dezotti Barêa,The Ballad of the Clowns,Writer
Ana Riguez,The Ballad of the Clowns,Producer
Lucas Marcarini,The Ballad of the Clowns,Writer
Lucas Marcarini,The Ballad of the Clowns,Director
Felipe Dezotti Barêa,The Ballad of the Clowns,Director
Gabriel Santana,Created by A.I.,Elenco
Gabriel Santana,Created by A.I.,Writer
Gabriel Santana,Created by A.I.,Producer
Gabriel Santana,Created by A.I.,Director
Davi Gautto,The Loneliest City on South America,Director
Antônio Basseto,Tea Time: A Look at Getting Old,Elenco
Marta Saraiva,Tea Time: A Look at Getting Old,Elenco
Ricardo Souza,Tea Time: A Look at Getting Old,Elenco
Ísis Saraiva,Tea Time: A Look at Getting Old,Elenco
Ísis Saraiva,Tea Time: A Look at Getting Old,Director
Ísis Saraiva,Tea Time: A Look at Getting Old,Writer
Fernanda Astolpho,Tea Time: A Look at Getting Old,Writer
Alice Faria,Tea Time: A Look at Getting Old,Producer
Brenda Mayer,Na Minha Época,Elenco
Helen Helene,Na Minha Época,Elenco
Helena Fruet,Na Minha Época,Elenco
Gabriel Duarte,Na Minha Época,Elenco
Simone Kliass,Na Minha Época,Elenco
Briza Azevedo,Na Minha Época,Director
Briza Azevedo,Na Minha Época,Writer
Adilton Cassimiro,Na Minha Época,Producer
Jw Batista,Minha Querida Cece,Elenco
Vitória Martins,Minha Querida Cece,Elenco
Cássio Gondim,Minha Querida Cece,Elenco
Maria Neves,Minha Querida Cece,Director
Luka Rosa,Minha Querida Cece,Producer
Fabiana Parra,"Sin embargo, uma utopia",Director
Sergio Harger,The Senator,Elenco
Johnny Alcântara,The Senator,Elenco
Juliana Zancanaro,The Senator,Elenco
João Victor Cury,The Senator,Elenco
Patrick Cotrim,The Senator,Elenco
Aline Monteiro,The Senator,Elenco
PH Mendes,The Senator,Elenco
Priscylla Lanferrer,The Senator,Elenco
Cassio Lessa,The Senator,Elenco
Marcos Loureiro,The Senator,Elenco
Wanderley Mendes,The Senator,Elenco
Mauro Carvalho,The Senator,Director
Rodrigo Sant'anna,Tô de Graça: O Filme,Elenco
Isabelle Marques,Tô de Graça: O Filme,Elenco
Roberta Rodrigues,Tô de Graça: O Filme,Elenco
Evelyn Castro,Tô de Graça: O Filme,Elenco
Estevam Nabote,Tô de Graça: O Filme,Elenco
Andy Gercker,Tô de Graça: O Filme,Elenco
Faíska Alves,Tô de Graça: O Filme,Elenco
João Fernandes,Tô de Graça: O Filme,Elenco
Eliezer Motta,Tô de Graça: O Filme,Elenco
Gracyanne Barbosa,Tô de Graça: O Filme,Elenco
Valentina Leão,Tô de Graça: O Filme,Elenco
Peter Brandão,Tô de Graça: O Filme,Elenco
Pedro Carvalho,Tô de Graça: O Filme,Elenco
Dhu Moraes,Tô de Graça: O Filme,Elenco
Roney Villela,Tô de Graça: O Filme,Elenco
Nadia Nardini,Tô de Graça: O Filme,Elenco
José Peregrino,Tô de Graça: O Filme,Elenco
MC Soffia,Tô de Graça: O Filme,Elenco
Núria Kiffen,Tô de Graça: O Filme,Elenco
Jhon Monteiro,Tô de Graça: O Filme,Elenco
Victor Hatischivili,Tô de Graça: O Filme,Elenco
Claudia Macedo,Tô de Graça: O Filme,Elenco
Talita Feuser,Tô de Graça: O Filme,Elenco
Luisa Thiré,Tô de Graça: O Filme,Elenco
Pierry Rodrigues Lamarão,Tô de Graça: O Filme,Elenco
Leandro Santana,Tô de Graça: O Filme,Elenco
Vaall Campos,Tô de Graça: O Filme,Elenco
Wagner Trindade,Tô de Graça: O Filme,Elenco
Mariana Rebelo,Tô de Graça: O Filme,Elenco
Anderson Cunha,Tô de Graça: O Filme,Elenco
Nahuel Lopez,Tô de Graça: O Filme,Elenco
Carla Bruno,Tô de Graça: O Filme,Elenco
Italo Villani,Tô de Graça: O Filme,Elenco
Sophia Guedes,Tô de Graça: O Filme,Elenco
Rômulo Medeiros,Tô de Graça: O Filme,Elenco
Isac Silva Flores,Tô de Graça: O Filme,Elenco
Diego Eleve VIscond,Tô de Graça: O Filme,Elenco
Nicolli Barraza,Tô de Graça: O Filme,Elenco
Aarhon Pinheiro,Tô de Graça: O Filme,Elenco
Aghinaldo Assis Villela,Tô de Graça: O Filme,Elenco
Ezequiel Vasconcelos,Tô de Graça: O Filme,Elenco
Pierre Santos,Tô de Graça: O Filme,Elenco
Erika Monteiro,Tô de Graça: O Filme,Elenco
Kleber Junior,Tô de Graça: O Filme,Elenco
Sindy,Tô de Graça: O Filme,Elenco
Helen dos Santos Machado,Tô de Graça: O Filme,Elenco
João Pedro Chaseliov,Tô de Graça: O Filme,Elenco
Yasmin Sant'Anna,Tô de Graça: O Filme,Elenco
Renato Silva,Tô de Graça: O Filme,Elenco
Diego Monteiro,Tô de Graça: O Filme,Elenco
Junior Figueiredo,Tô de Graça: O Filme,Writer
Rodrigo Sant'anna,Tô de Graça: O Filme,Writer
César Rodrigues,Tô de Graça: O Filme,Director
Leonardo M. Barros,Tô de Graça: O Filme,Producer
Eliana Soárez,Tô de Graça: O Filme,Producer
Gustavo Baldoni,Tô de Graça: O Filme,Producer
Simone Leandro de Oliveira,Tô de Graça: O Filme,Producer
Rodrigo Sant'anna,Tô de Graça: O Filme,Producer
Cibele Santa Cruz,Tô de Graça: O Filme,Producer
Maria Bomani,Outlaw,Elenco
Jean Amorim,Outlaw,Elenco
Milhem Cortaz,Outlaw,Elenco
João Vitor Nascimento,Outlaw,Elenco
Jorge Hissa,Outlaw,Elenco
Michely Gabriely,Outlaw,Elenco
JP Rufino,Outlaw,Elenco
Wilson Rabelo,Outlaw,Elenco
MC Marechal,Outlaw,Elenco
Thaís Gullin,Outlaw,Elenco
Otto,Outlaw,Elenco
Sant,Outlaw,Elenco
Paulo Guidelly,Outlaw,Elenco
Natália Lage,Outlaw,Elenco
Natália Deodato,Outlaw,Elenco
Kelner Macêdo,Outlaw,Elenco
Antonio Benício,Outlaw,Elenco
Julio Adrião,Outlaw,Elenco
Jéssica Barbosa,Outlaw,Elenco
Zé Mário Farias,Outlaw,Elenco
Evaldo Macarrão,Outlaw,Elenco
Jeckie Brown,Outlaw,Elenco
Pierre Santos,Outlaw,Elenco
Vitor Feitosa,Outlaw,Elenco
Marcello Melo,Outlaw,Elenco
Patrícia Andrade,Outlaw,Writer
João Wainer,Outlaw,Writer
João Wainer,Outlaw,Director
Cesar Gananian,Outlaw,Writer
Thaís Nunes,Outlaw,Writer
Marcio Fraccaroli,Outlaw,Producer
André Fraccaroli,Outlaw,Producer
Veronica Stumpf,Outlaw,Producer
Murilo Silva Gricolo,Elefante Azul,Elenco
Karine Ramos,Elefante Azul,Elenco
Diego Gusti,Elefante Azul,Elenco
Danillo dos Santos,Elefante Azul,Elenco
Katia de Lima Pessanha,Elefante Azul,Elenco
Lorayne Mendes,Elefante Azul,Elenco
Brenda Olga,Elefante Azul,Director
Duda Glod,Elefante Azul,Director
Victor Kuchnir,Elefante Azul,Producer
Bruna Maria Mendonça Girotto,Umbra,Director
Anunciada da Silva,Fé Não Fingida,Elenco
Durvalina Bezerra,Fé Não Fingida,Elenco
Eliane Morais,Fé Não Fingida,Elenco
Lídia Fernandes,Fé Não Fingida,Elenco
Maria do Socorro Nóbrega Silva,Fé Não Fingida,Elenco
Miguel Salvador,Fé Não Fingida,Director
Sharon Cho,Never Ending Shi(f)t,Elenco
Robert Plas,Never Ending Shi(f)t,Elenco
Douglas Soares,Never Ending Shi(f)t,Elenco
Carol Anne Watts,Never Ending Shi(f)t,Elenco
Bonestell Yoo,Never Ending Shi(f)t,Elenco
Ilson de Campos Costa Junior Cast,Never Ending Shi(f)t,Elenco
Tereza dos Santos Paone,Never Ending Shi(f)t,Elenco
Alan Bekeer Flores Mamani,Never Ending Shi(f)t,Elenco
Angelica Yonmei Lee,Never Ending Shi(f)t,Elenco
Camila Amarante Silva,Never Ending Shi(f)t,Elenco
Davi Rocillo,Never Ending Shi(f)t,Elenco
Débora Verônica Eleuterio,Never Ending Shi(f)t,Elenco
Donnei Barbosa de Souza,Never Ending Shi(f)t,Elenco
Douglas Eduardo Cortez,Never Ending Shi(f)t,Elenco
Flavio Miranda Orsolan,Never Ending Shi(f)t,Elenco
Ikaro Kotsubo Matos,Never Ending Shi(f)t,Elenco
Iná Cristina Caputo,Never Ending Shi(f)t,Elenco
Izildo Aparecido de Cassio Galindo,Never Ending Shi(f)t,Elenco
Leandro Alves de Freitas,Never Ending Shi(f)t,Elenco
Lucas T. O. A. Garcia,Never Ending Shi(f)t,Elenco
Marcos Vinicius de Paula,Never Ending Shi(f)t,Elenco
Renato Alves de Souza,Never Ending Shi(f)t,Elenco
Rita de Cassia Freire Castal,Never Ending Shi(f)t,Elenco
Valerica Marcon,Never Ending Shi(f)t,Elenco
Thomas Webber,Never Ending Shi(f)t,Director
Letícia Silva,Borboleta,Elenco
Dan Claudino,Borboleta,Elenco
Fernanda Bou Anni,Borboleta,Elenco
Fernanda Bou Anni,Borboleta,Director
Rodrigo Campanelli,Borboleta,Producer
Dan Claudino,Borboleta,Writer
Fernanda Bou Anni,Borboleta,Writer
Aline Flores,Womb,Elenco
Martin Flores,Womb,Elenco
Bruna Massarelli,Womb,Elenco
Adriana Pires,Womb,Elenco
Aline Flores,Womb,Director
Aline Flores,Womb,Writer
Bruna Massarelli,Womb,Producer
Patricia Pinto,Sharing,Elenco
Louise Di Fátima,Sharing,Elenco
Juliana Nascimento,Sharing,Elenco
Giulia Nascimento,Sharing,Elenco
Louise Di Fátima,Sharing,Director
Louise Di Fátima,Sharing,Producer
BNegão,Outras histórias do mar (BNegão canta Caymmi),Elenco
Bernardo Bosisio,Outras histórias do mar (BNegão canta Caymmi),Elenco
Carolina Rolim,Outras histórias do mar (BNegão canta Caymmi),Director
Enrico Nunes,Super Herói do Clipe no Meio da Praça,Elenco
Larissa Luz,Super Herói do Clipe no Meio da Praça,Elenco
Lil Nano,Super Herói do Clipe no Meio da Praça,Elenco
Felipe Aufiero,Super Herói do Clipe no Meio da Praça,Writer
Felipe Aufiero,Super Herói do Clipe no Meio da Praça,Director
Pedro Alves,Lost Teenager,Elenco
Talison,Lost Teenager,Elenco
Yasmin,Lost Teenager,Elenco
Kamily,Lost Teenager,Elenco
Eduarda Isabelly,Lost Teenager,Writer
Eduarda Isabelly,Lost Teenager,Director
Simone Esser Pinsdorf,Antártica Verde,Producer
Wiland Pinsdorf,Antártica Verde,Director
Julio Quinan,Desconcerto,Producer
Julio Quinan,Desconcerto,Director
Danielle Lima Taulois,Dona Biu,Elenco
Caio Mello,Dona Biu,Writer
Claudia Bolshaw,Dona Biu,Producer
Gabriela Taulois,Dona Biu,Director
Gabriela Taulois,Dona Biu,Writer
Vinícius Gritante,Bargain,Elenco
Carol Tasca,Bargain,Elenco
Gabriel Ribas,Bargain,Elenco
Vinícius Gritante,Bargain,Writer
Vinícius Gritante,Bargain,Director
Samuel Rivas,Ossessione,Elenco
Diego Messina,Ossessione,Elenco
Kauane Sopchaki,Ossessione,Elenco
Hélio Vicenzo,Ossessione,Director
Kauane Sopchaki,Ossessione,Director
Hélio Vicenzo,Ossessione,Writer
Kauane Sopchaki,Ossessione,Writer
Hélio Vicenzo,Ossessione,Producer
Carolline Leite,A Cheia do Rio Grande,Director
Carlos Eduardo Alvim,A Cidade das Maravilhas,Elenco
João Chianca,My Name is João Chianca,Elenco
Loïc Wirth,My Name is João Chianca,Director
Yolis Lyon,Terra Mãe Mãe Terra,Elenco
Irene Pankarite,Terra Mãe Mãe Terra,Elenco
Danilo Campos da Silva,Terra Mãe Mãe Terra,Elenco
Ivan Torres Morales,Terra Mãe Mãe Terra,Elenco
Maria Onandía,Terra Mãe Mãe Terra,Elenco
Júlia Mattar,Terra Mãe Mãe Terra,Director
Rodolfo Luiz Vieira,Nouvelle Vague,Elenco
Eduardo Bottaro,Nouvelle Vague,Elenco
Heitor Amato,Nouvelle Vague,Elenco
Arthur Martins,Nouvelle Vague,Elenco
Lucas Alonso,Nouvelle Vague,Elenco
Pedro Calhado,Nouvelle Vague,Elenco
Júlio Bressane,Nouvelle Vague,Elenco
Rodolfo Luiz Vieira,Nouvelle Vague,Director
Rodolfo Luiz Vieira,Nouvelle Vague,Writer
Rodolfo Luiz Vieira,Nouvelle Vague,Producer
Rita von Hunty,Plural,Elenco
Patricia Travassos,Plural,Director
Maria Eugênia Castilho,Plural,Producer
Gabriel Fúa,Plural,Producer
Josyara,Oração,Elenco
Rogério Martins,Oração,Elenco
Alysson Amaral,Oração,Elenco
Haroldo Saboia,Oração,Director
Haroldo Saboia,Oração,Writer
Silvana Ramalhete,Oração,Producer
Rodrigo Carvalho,Olha a Hora de Entrar na Roda,Director
Rodrigo Carvalho,Olha a Hora de Entrar na Roda,Writer
Rodrigo Carvalho,Olha a Hora de Entrar na Roda,Producer
Aida Marques,Agudás – Os Brasileiros Do Benin,Director
Andrea Camargo,Agudás – Os Brasileiros Do Benin,Producer
Gustavo Pia,Agudás – Os Brasileiros Do Benin,Writer
Milton Guran,Agudás – Os Brasileiros Do Benin,Writer
Alessandro Oliveira,A sua imagem na minha caixa de correio,Elenco
Silvino Mendonça,A sua imagem na minha caixa de correio,Director
João Fontenele,Raposa,Elenco
Margot Leitão,Raposa,Elenco
Marta Aurélia,Raposa,Elenco
Gustavo Lopes,Raposa,Elenco
Margot Leitão,Raposa,Director
João Fontenele,Raposa,Director
João Fontenele,Raposa,Writer
Zefel Coff,Amazônia Chama,Director
Lucas Vidal,Itinerário de uma história soterrada,Director
Ellie Fernandes,I Wanna Find a Place,Elenco
lucas lins,I Wanna Find a Place,Elenco
Sofia Rodrigues,I Wanna Find a Place,Elenco
viníciux da silva,I Wanna Find a Place,Elenco
viníciux da silva,I Wanna Find a Place,Director
viníciux da silva,I Wanna Find a Place,Writer
Ellie Fernandes,I Wanna Find a Place,Director
Ellie Fernandes,I Wanna Find a Place,Writer
Sofia Rodrigues,I Wanna Find a Place,Producer
lucas lins,I Wanna Find a Place,Producer
viníciux da silva,I Wanna Find a Place,Producer
Luan Santos,Histórias Que Nos Contam,Writer
Luan Santos,Histórias Que Nos Contam,Director
Luan Santos,Histórias Que Nos Contam,Producer
Marina Kosa,Histórias Que Nos Contam,Producer
Guará Rodrigues,Boom Shankar – O Filme Perdido do Guará,Elenco
Célia Nogueira,Boom Shankar – O Filme Perdido do Guará,Elenco
Toni Nogueira,Boom Shankar – O Filme Perdido do Guará,Elenco
Carlos Figueiredo,Boom Shankar – O Filme Perdido do Guará,Elenco
Toni Nogueira,Boom Shankar – O Filme Perdido do Guará,Writer
Toni Nogueira,Boom Shankar – O Filme Perdido do Guará,Producer
Sergio Gagliardi-Gag,Boom Shankar – O Filme Perdido do Guará,Director
Sergio Gagliardi-Gag,Boom Shankar – O Filme Perdido do Guará,Writer
Sarah Cristma,Por Onde Ela Anda?,Director
Pedro Brum,"Márcio Gomes, um Astronauta no Espaço",Director
Micaella Matias,Grana em Cena,Elenco
Isabella Peci,Grana em Cena,Elenco
Arthur Quadra,Grana em Cena,Elenco
Mariana Dantas,Grana em Cena,Elenco
Isabella Peci,Grana em Cena,Writer
Flora Leone,Grana em Cena,Director
Isabella Peci,Grana em Cena,Director
Flora Leone,Grana em Cena,Writer
Esdras Ananias,Grana em Cena,Producer
Isabella Peci,Grana em Cena,Producer
Eduarda Assumpção,Aforismo,Elenco
Kieffer Strelow,Aforismo,Elenco
Potyra Najara,Aforismo,Elenco
Farley Cerri,Aforismo,Elenco
Sabrina Vianna,Aforismo,Elenco
Fernanda Amaral,Aforismo,Elenco
Marina Sedrez,Aforismo,Elenco
T.H. Cerri,Aforismo,Director
T.H. Cerri,Aforismo,Writer
Athena Bittencourt,Aforismo,Producer
Samuel D'Almeida,ORQUÍDEA PRETA,Elenco
Samuel D'Almeida,ORQUÍDEA PRETA,Director
Maria Cleusa dos Santos,As Casas da Minha Avó,Elenco
Mariinha do Carmo,As Casas da Minha Avó,Elenco
Geraldo Fernando da Silveira,As Casas da Minha Avó,Elenco
Kátia Cristina da Silveira Souza,As Casas da Minha Avó,Elenco
Luiz Fernando da Silveira,As Casas da Minha Avó,Elenco
Luiz Fernando Tran da Silveira,As Casas da Minha Avó,Elenco
Elton Francisco de Souza,As Casas da Minha Avó,Elenco
Marina Santos,As Casas da Minha Avó,Elenco
Marina Santos,As Casas da Minha Avó,Writer
Marina Santos,As Casas da Minha Avó,Director
Well Darwin,1968,Director
Well Darwin,1968,Producer
Well Darwin,1968,Writer
João Manoel Guzman,Nós Não Somos Iguais,Elenco
João Manoel Guzman,Nós Não Somos Iguais,Elenco
João Manoel Guzman,Nós Não Somos Iguais,Director
João Manoel Guzman,Nós Não Somos Iguais,Writer
João Manoel Guzman,Nós Não Somos Iguais,Producer
Lorre Motta,Vollúpya,Elenco
Zélia Duncan,Vollúpya,Elenco
Érica Sarmet,Vollúpya,Director
Jocimar Dias Jr.,Vollúpya,Director
Érica Sarmet,Vollúpya,Writer
Jocimar Dias Jr.,Vollúpya,Writer
Érica Sarmet,Vollúpya,Producer
Hadija Chalupe,Vollúpya,Producer
Marcus Vinicius de Marchi,Estrada de Chão,Director
Carolina Pomilio,Peter Pan Syndrome,Elenco
Mariana Pomilio,Peter Pan Syndrome,Elenco
Carolina Pomilio,Peter Pan Syndrome,Director
Augusto Bonavita,Ritmomania,Elenco
Esther Guimarães,Ritmomania,Elenco
Pedro Vilarino,Ritmomania,Elenco
Enzo Pereira,Ritmomania,Elenco
Maria Eduarda Souza,Ritmomania,Elenco
Beatriz Hippertt,Ritmomania,Elenco
Ian Ribeiro,Ritmomania,Elenco
Lucas Silva,Ritmomania,Elenco
Maria Clara Aoki,Ritmomania,Elenco
Gabrielly Sper,Ritmomania,Elenco
Gabriela Nunes,Ritmomania,Elenco
Giovana Mendes,Ritmomania,Elenco
Théo Carneiro,Ritmomania,Elenco
Gabrielly Sper,Ritmomania,Writer
Esther Guimarães,Ritmomania,Producer
Gabrielly Sper,Ritmomania,Director
Nicolas Bragança,Astronomical Echoes,Elenco
Juan Zevallos,Astronomical Echoes,Elenco
Gab Duqke,Astronomical Echoes,Elenco
Cauã Maia,Astronomical Echoes,Elenco
Pedro Maia,Astronomical Echoes,Elenco
Bernardo Corradi,Astronomical Echoes,Elenco
Amanda Menezes,Astronomical Echoes,Elenco
Pedro Luis,Astronomical Echoes,Elenco
Eurípedes,Astronomical Echoes,Elenco
Roger Waters,Astronomical Echoes,Elenco
David Gilmour,Astronomical Echoes,Elenco
Syd Barrett,Astronomical Echoes,Elenco
Nick Mason,Astronomical Echoes,Elenco
Richard Wright,Astronomical Echoes,Elenco
Gab Duqke,Astronomical Echoes,Director
Gab Duqke,Astronomical Echoes,Writer
Bruno Vieira,"Três, Dois, Um...!",Elenco
Lucas Puech,"Três, Dois, Um...!",Elenco
Manoella Monteiro,"Três, Dois, Um...!",Elenco
Lucas Puech,"Três, Dois, Um...!",Director
Lucas Puech,"Três, Dois, Um...!",Producer
Rafael Barioni,Herchcovitch; Exposto,Director
Alexandre Herchcovitch,Herchcovitch; Exposto,Director
Rafael Barioni,Herchcovitch; Exposto,Producer
Dami Vdc,Herchcovitch; Exposto,Producer
Kara Royster,AMP House Massacre,Elenco
Pedro Correa,AMP House Massacre,Elenco
Cassie Scerbo,AMP House Massacre,Elenco
Christopher O'Neal,AMP House Massacre,Elenco
Brandon Perea,AMP House Massacre,Elenco
Rafael Cebrian,AMP House Massacre,Elenco
Ciera Angelia,AMP House Massacre,Elenco
Dallas Hart,AMP House Massacre,Elenco
Motoki Maxted,AMP House Massacre,Elenco
Ana Osorio,AMP House Massacre,Elenco
Kyle Matthew,AMP House Massacre,Elenco
Jordan Tortorello,AMP House Massacre,Elenco
Nathan Ansermet,AMP House Massacre,Elenco
Dalton Ell,AMP House Massacre,Elenco
Maya Mohaupt,AMP House Massacre,Elenco
Ashley Nicole Reed,AMP House Massacre,Elenco
Isabella Genovese,AMP House Massacre,Elenco
Olivia Ostlund,AMP House Massacre,Elenco
Dame Pierre,AMP House Massacre,Writer
Mike D. Ware,AMP House Massacre,Director
Dame Pierre,AMP House Massacre,Director
Mike D. Ware,AMP House Massacre,Writer
Miguel Clark,Tetsuya Yamagami,Elenco
Vinícius Romero,Tetsuya Yamagami,Director
João Gabriel Oliveira,Anyway,Elenco
Carles André Chaves,Anyway,Director
Carles André Chaves,Anyway,Writer
Milo Sardinha,Círculos Crescentes,Elenco
Daniela Oliva,Círculos Crescentes,Elenco
Elena Stolberg,Círculos Crescentes,Elenco
Pedro Geraldo,Círculos Crescentes,Producer
Marina Kosa,Círculos Crescentes,Producer
Pedro Geraldo,Círculos Crescentes,Director
Roberta Pedrosa,Círculos Crescentes,Producer
Thaís de Almeida Prado,Cucumber/Knife,Elenco
Hilton Dresden,Cucumber/Knife,Elenco
Gustavo Vinagre,Cucumber/Knife,Elenco
Romain Charbon,Cucumber/Knife,Elenco
Bridge Markland,Cucumber/Knife,Elenco
Tay Lunar,Cucumber/Knife,Elenco
Ezra Luke,Cucumber/Knife,Elenco
Gustavo Vinagre,Cucumber/Knife,Producer
Rodrigo Carneiro,Cucumber/Knife,Producer
Gustavo Vinagre,Cucumber/Knife,Director
Matheus Rodrigues,O Que a Roda Me Contou,Elenco
Romulo,O Que a Roda Me Contou,Elenco
Ana Clara,O Que a Roda Me Contou,Elenco
Gustavo,O Que a Roda Me Contou,Elenco
Estrela,O Que a Roda Me Contou,Elenco
Ninja,O Que a Roda Me Contou,Elenco
Dandara,O Que a Roda Me Contou,Elenco
Mestre Pena Negra,O Que a Roda Me Contou,Elenco
Mestre Sereia,O Que a Roda Me Contou,Elenco
Sabryna Ramalho,O Que a Roda Me Contou,Director
Lis Coelho,O Que a Roda Me Contou,Writer
Sabryna Ramalho,O Que a Roda Me Contou,Producer
Cátia Massotti,Oxum: O Poder Feminino,Elenco
Célia Harumi Seki,Oxum: O Poder Feminino,Director
Marina Cartum,The invader and the invaded,Elenco
Nandê Caetano,The invader and the invaded,Elenco
Benjamin Medeiros,The invader and the invaded,Director
Bruno de Souza,Penca no Parque,Elenco
Bruno de Souza,Penca no Parque,Director
Miguel Oliveira,Feliz Aniversário MigsXD!,Elenco
Felipe Henrique,Feliz Aniversário MigsXD!,Elenco
Daniel da Costa,Feliz Aniversário MigsXD!,Elenco
Rodrigo Jr.,Feliz Aniversário MigsXD!,Elenco
Arthur Cataca,Feliz Aniversário MigsXD!,Elenco
Ioannis Victor,Feliz Aniversário MigsXD!,Director
Ioannis Victor,Feliz Aniversário MigsXD!,Writer
Pedro Lopes,Music for now!,Elenco
Professor Eduardo,Music for now!,Elenco
Alexandre,Music for now!,Elenco
Magrinho,Music for now!,Elenco
Pedro Valle,Music for now!,Producer
Vitoria Barco,Music for now!,Producer
João Azevedo,Music for now!,Director
Geraldo Cesario,Vai Matar ou Vai Morrer,Producer
Taiga,Vai Matar ou Vai Morrer,Producer
Rhuanzeras,Vai Matar ou Vai Morrer,Producer
Taiga,Vai Matar ou Vai Morrer,Director
Rhuanzeras,Vai Matar ou Vai Morrer,Director
Luciana Furquim,"Alegria, Viva o Bloco Não é Não",Elenco
Sharmilla Goiana,"Alegria, Viva o Bloco Não é Não",Elenco
Méria Cristina,"Alegria, Viva o Bloco Não é Não",Elenco
Marta Silva,"Alegria, Viva o Bloco Não é Não",Elenco
Clara Alves,"Alegria, Viva o Bloco Não é Não",Elenco
Patrícia Noleto,"Alegria, Viva o Bloco Não é Não",Elenco
Lúcia Pedreira,"Alegria, Viva o Bloco Não é Não",Elenco
Nonô Noleto,"Alegria, Viva o Bloco Não é Não",Elenco
Cida Alves,"Alegria, Viva o Bloco Não é Não",Elenco
Catarina Vilela,"Alegria, Viva o Bloco Não é Não",Producer
Esther Alves,"Alegria, Viva o Bloco Não é Não",Director
Diego El Khouri,Blessed be the Joint,Elenco
Da Silva Rapper,Blessed be the Joint,Elenco
Luanna Lourenço,Blessed be the Joint,Elenco
Milson Santos,Blessed be the Joint,Elenco
Marcus Vinicius Diniz,Blessed be the Joint,Director
Samir A. A. Yousef,Blessed be the Joint,Producer
Alessandra Gama,Blessed be the Joint,Writer
Marcus Vinicius Diniz,Blessed be the Joint,Writer
Hitallo Torquato,(Con)tradição,Producer
Hitallo Torquato,(Con)tradição,Director
Neo,Goiânia's Punk: Trans Voices,Elenco
Astra Barbosah,Goiânia's Punk: Trans Voices,Elenco
Dani Vallejo,Goiânia's Punk: Trans Voices,Elenco
Chris Eleonor,Goiânia's Punk: Trans Voices,Elenco
Loui Almeida,Goiânia's Punk: Trans Voices,Elenco
Lucca Brasil,Goiânia's Punk: Trans Voices,Director
Lucca Brasil,Goiânia's Punk: Trans Voices,Writer
Hev Teske,Goiânia's Punk: Trans Voices,Producer
Stéfanny Rocha,Goiânia's Punk: Trans Voices,Producer
Felipe Hoelzle,Goiânia's Punk: Trans Voices,Producer
Malú Lopes,Goiânia's Punk: Trans Voices,Producer
Fábio Allon,Por um punhado de equipamentos,Elenco
Demian Garcia,Por um punhado de equipamentos,Elenco
Henrique B. Borgato,Por um punhado de equipamentos,Director
Camyz,Por um punhado de equipamentos,Producer
Isabella Andreani,Íris: Nos olhos do mundo,Elenco
Larissa Mendonça Schlemmer,Íris: Nos olhos do mundo,Elenco
Mariza Sander,Íris: Nos olhos do mundo,Elenco
Sabrina Vianna,Íris: Nos olhos do mundo,Elenco
Eduarda Hoffmann,Íris: Nos olhos do mundo,Director
Eduarda Hoffmann,Íris: Nos olhos do mundo,Producer
Crystal Monteiro,Íris: Nos olhos do mundo,Director
Eduarda Hoffmann,Íris: Nos olhos do mundo,Writer
Louise Ferreira,Dália,Elenco
Filipe Petini,Dália,Elenco
Marcos Magalhães,Dália,Elenco
Taina Mineiro,Dália,Director
Beatriz Paranhos,Dália,Producer
Isa Araújo,Dália,Producer
Isa Araújo,Dália,Writer
Patrícia Niedermeier,Mulheres em Auschwitz,Elenco
Regina Miranda,Mulheres em Auschwitz,Director
Patrícia Niedermeier,Mulheres em Auschwitz,Director
Cavi Borges,Mulheres em Auschwitz,Producer
Leandra Leal,For Lota,Elenco
Mariana Ximenes,For Lota,Elenco
Ricardo Pretti,For Lota,Director
Bruno Safadi,For Lota,Director
Aisha Brunno,Amusement Park,Elenco
Bramma Bremmer,Amusement Park,Elenco
Artur Rogério,Amusement Park,Elenco
Arthur Gaffuri,Amusement Park,Elenco
David Maurity,Amusement Park,Elenco
Dudu Melo,Amusement Park,Elenco
Eli Nunes,Amusement Park,Elenco
Igui Leal,Amusement Park,Elenco
Gabriel Mendes,Amusement Park,Elenco
Heleno Rohn,Amusement Park,Elenco
Guilherme Marques,Amusement Park,Elenco
Marlon de Paula,Amusement Park,Elenco
Nanauê,Amusement Park,Elenco
Pedro Trad,Amusement Park,Elenco
Pedro Lanna,Amusement Park,Elenco
Rafael Batista,Amusement Park,Elenco
Rafael Santos,Amusement Park,Elenco
Seresteiro,Amusement Park,Elenco
Simon Oliveira,Amusement Park,Elenco
Sherlon Peterson,Amusement Park,Elenco
Vina Jaguatirica,Amusement Park,Elenco
Victor Junio,Amusement Park,Elenco
Will Soares,Amusement Park,Elenco
Yuri Péricles,Amusement Park,Elenco
Ricardo Alves Jr.,Amusement Park,Director
Germano Melo,Amusement Park,Writer
Ricardo Alves Jr.,Amusement Park,Producer
Isla Lucena,A Menina da Serra,Elenco
Izabela Farias,A Menina da Serra,Elenco
Kaleu Moura,A Menina da Serra,Elenco
Thiago Ticiano,A Menina da Serra,Elenco
Cleyson Gomes,A Menina da Serra,Director
Cleyson Gomes,A Menina da Serra,Writer
Victor Selivon,Rendezvous in the Void,Director
Victor Selivon,Rendezvous in the Void,Writer
Victor Selivon,Rendezvous in the Void,Producer
Erika Fiore,Tongues of Fire,Elenco
Gurcius Gewdner,Tongues of Fire,Elenco
Nan Size,Tongues of Fire,Elenco
Sara Letícia,Tongues of Fire,Elenco
Tertuliana Lopes,Tongues of Fire,Elenco
Marcel Mars,Tongues of Fire,Elenco
Tarcisio Gabriel,Tongues of Fire,Elenco
Caio Bentes,Tongues of Fire,Elenco
Kedma Castro,Tongues of Fire,Elenco
Zé Kielwagen,Tongues of Fire,Director
Zé Kielwagen,Tongues of Fire,Producer
Erika Fiore,Tongues of Fire,Producer
Kedma Castro,Tongues of Fire,Producer
Josué Franco,Terror!,Elenco
Vitória Araldi,Terror!,Elenco
Juliana Pancotto,Terror!,Elenco
Annie Camelo,Terror!,Elenco
Beatriz Quintão,Terror!,Elenco
Carolina Matoski,Terror!,Elenco
Rebecca Queiroz,Terror!,Elenco
Rodrigo Mello,Terror!,Elenco
Rodrigo Nóbrega,Terror!,Elenco
David Queiroz,Terror!,Writer
David Queiroz,Terror!,Director
Lucas D'Paula,Two Country Bumpkins in Colombo,Elenco
Wandy Willians,Two Country Bumpkins in Colombo,Elenco
Macius Hess,Two Country Bumpkins in Colombo,Elenco
Karine Ramos,Two Country Bumpkins in Colombo,Elenco
Jean Mydas,Two Country Bumpkins in Colombo,Elenco
Renato Novais,Two Country Bumpkins in Colombo,Elenco
Elter Correa,Two Country Bumpkins in Colombo,Elenco
Samuel Rocha,Two Country Bumpkins in Colombo,Writer
Samuel Rocha,Two Country Bumpkins in Colombo,Director
Júlia Figueiró,MOSQUITO,Elenco
Enzo Chingotti,MOSQUITO,Elenco
Vinícius Crepaldi,MOSQUITO,Director
Lorenzo Fraga,DE UMA MORDIDA,Elenco
Bob Arbiza Blanco,DE UMA MORDIDA,Elenco
Mariana Bubolz,DE UMA MORDIDA,Elenco
Lorenzo Fraga,DE UMA MORDIDA,Director
Lorenzo Fraga,DE UMA MORDIDA,Writer
Enrico Alchimim,The Reclusive Waiting Before The Hills,Director
Lenice Campos,Hastes Flexíveis com Pontas de Algodão,Elenco
Clara Choveaux,Hastes Flexíveis com Pontas de Algodão,Elenco
Marilha Galla,Hastes Flexíveis com Pontas de Algodão,Elenco
Raul Lenk,Hastes Flexíveis com Pontas de Algodão,Elenco
Adriana Perim,Hastes Flexíveis com Pontas de Algodão,Elenco
Francisco Carbone,Hastes Flexíveis com Pontas de Algodão,Writer
Dostoiewski Champangnatte,Hastes Flexíveis com Pontas de Algodão,Writer
Pedro Gui,Hastes Flexíveis com Pontas de Algodão,Director
Dostoiewski Champangnatte,Hastes Flexíveis com Pontas de Algodão,Director
Julia Duarte Moura,Amarela,Director
Pedro H. Vieira,LÁ ELES,Elenco
Paulo Caires,LÁ ELES,Elenco
Paulo Caires,LÁ ELES,Director
Pedro H. Vieira,LÁ ELES,Director
Caico,LÁ ELES,Director
Caico,LÁ ELES,Producer
Pedro H. Vieira,LÁ ELES,Producer
Paulo Caires,LÁ ELES,Producer
Lia Schenk,Left Behind,Director
Hugo Ribeiro,Left Behind,Producer
Ricardo Favilla,Hora da Merenda,Director
Rafael Favilla,Hora da Merenda,Producer
Geraldo Amâncio,Vida e Obra de Geraldo Amâncio,Elenco
Ivanildo Lopes,Vida e Obra de Geraldo Amâncio,Director
Esdras Ananias,Atravessadores,Elenco
Trabalhadores,Atravessadores,Elenco
Atravessadores,Atravessadores,Elenco
Veículos,Atravessadores,Elenco
Alimentos,Atravessadores,Elenco
Esdras Ananias,Atravessadores,Director
Esdras Ananias,Atravessadores,Producer
Esdras Ananias,Atravessadores,Writer
Agnes Aguirre,Dança do Adeus,Director
Bárbara Lima,Caminhos Abertos,Director
Dricca Silva,Tá Sussu,Director
Breno Alves,The Milkman,Elenco
Jonathan Rodrigues,The Milkman,Producer
Jonathan Rodrigues,The Milkman,Director
Jonathan Rodrigues,The Milkman,Writer
Pedro Otávio,High/Low,Elenco
Evandro Perez,High/Low,Elenco
Guilherme V. Baracioli,High/Low,Elenco
Rodolfo Luiz Vieira,High/Low,Elenco
Rodolfo Luiz Vieira,High/Low,Producer
Rodolfo Luiz Vieira,High/Low,Writer
Rodolfo Luiz Vieira,High/Low,Director
Luiz Osmani,High/Low,Producer
Natane Castro,"""Don't Scream Now""",Elenco
Lucas Barbosa (Barbosão),"""Don't Scream Now""",Elenco
Geovana Santiago,"""Don't Scream Now""",Elenco
Luciano Moraes,"""Don't Scream Now""",Elenco
Igor Pimentel,"""Don't Scream Now""",Elenco
Vinícios de Morais,"""Don't Scream Now""",Elenco
Vinícius Sales,"""Don't Scream Now""",Elenco
Bruno Ferreira,"""Don't Scream Now""",Writer
Bruno Ferreira,"""Don't Scream Now""",Director
Miguel Possani,"""Don't Scream Now""",Producer
Braun Ridre Chulaq,A Carta de Doktor Jairo,Elenco
Braun Ridre Chulaq,A Carta de Doktor Jairo,Writer
Braun Ridre Chulaq,A Carta de Doktor Jairo,Director
Braun Ridre Chulaq,A Carta de Doktor Jairo,Producer
Palú,Teiurutau - O Filme,Elenco
Braun Ridre Chulaq,Teiurutau - O Filme,Director
Braun Ridre Chulaq,Teiurutau - O Filme,Producer
Palú,Teiurutau - O Filme,Producer
Daniel Mufasa,Estigma,Elenco
Diego Cândido,Estigma,Elenco
Luísa Tapajós,Estigma,Elenco
Diego Fonseca,Estigma,Elenco
Miguel Falcão,Estigma,Elenco
Yuri Neves,Estigma,Writer
Yuri Neves,Estigma,Director
Julia Galindo Hauret,Estigma,Producer
Eder Rigolon,Clipes da resenha #1,Elenco
Liz Vidon,Clipes da resenha #1,Elenco
Lucas Dawa,Clipes da resenha #1,Elenco
Raphael Soares,Clipes da resenha #1,Elenco
Rafael Haddad,Clipes da resenha #1,Elenco
Iago Machado,Clipes da resenha #1,Elenco
Gabriel Haddad,Clipes da resenha #1,Elenco
Fred Braulio,Clipes da resenha #1,Elenco
Ferraz,Clipes da resenha #1,Elenco
Magnao,Clipes da resenha #1,Elenco
Eder Rigolon,Clipes da resenha #1,Director
Eder Rigolon,Clipes da resenha #1,Writer
Eder Rigolon,Clipes da resenha #1,Producer
Breno Alexandrē,"Ver, Ouvir, Sentir.",Director
Breno Alexandrē,"Ver, Ouvir, Sentir.",Writer
Leticia da Silva,Fases,Elenco
Enzo Guerra,Fases,Elenco
Vinicius Caetano Viel,Fases,Director
Logan do Nascimento,Fases,Writer
Murilo Rizeto,Listras No Abismo,Elenco
Maria Fernanda Nunes,Listras No Abismo,Elenco
Isabelle Lessa,Listras No Abismo,Elenco
Maria Eduarda Costa,Listras No Abismo,Elenco
Isabelle Lessa,Listras No Abismo,Writer
Maria Eduarda Costa,Listras No Abismo,Director
Giovanna Lessa,Listras No Abismo,Director
Juliabe Balbino,Espero Veementemente Que A Casa Caia,Director
Adriano Espínola Filho,Alternativos,Director
Jonas Sanson,Morbo,Director
Rafa Kim,Pela Palavra.,Elenco
Rodrigo Cavalini,Pela Palavra.,Elenco
Hugo Katsuo,Pela Palavra.,Director
Hugo Katsuo,Pela Palavra.,Writer
Tomás Deola,Ergui as Mãos aos Céus e Não Havia Mais Luz,Producer
Vinícius Amaral,Ergui as Mãos aos Céus e Não Havia Mais Luz,Director
Vinícius Amaral,Ergui as Mãos aos Céus e Não Havia Mais Luz,Writer
Vinícius Amaral,Ergui as Mãos aos Céus e Não Havia Mais Luz,Producer
Kauan Souza,Ergui as Mãos aos Céus e Não Havia Mais Luz,Writer
Henrique Domingues,Ergui as Mãos aos Céus e Não Havia Mais Luz,Writer
Alexandre K.,Ergui as Mãos aos Céus e Não Havia Mais Luz,Writer
Tomás Deola,Ergui as Mãos aos Céus e Não Havia Mais Luz,Writer
Olívia Torres,Continent,Elenco
Ana Flavia Cavalcanti,Continent,Elenco
Corentin Fila,Continent,Elenco
Breno de Filippo,Continent,Elenco
Silvia Duarte,Continent,Elenco
Sirmar Antunes,Continent,Elenco
Marcio Reolon,Continent,Elenco
Anderson Vieira,Continent,Elenco
Hayline Vitória,Continent,Elenco
Mauricio Paniagua,Continent,Elenco
Mário José Paz,Continent,Elenco
Cássio do Nascimento,Continent,Elenco
Davi Pretto,Continent,Director
Davi Pretto,Continent,Writer
Igor Verde,Continent,Writer
Paola Wink,Continent,Producer
Paola Wink,Continent,Writer
Jessica Luz,Continent,Producer
Gabriela Cristina,Bring Me To Life - Vampire Movie,Elenco
Vic,Bring Me To Life - Vampire Movie,Elenco
Lari,Bring Me To Life - Vampire Movie,Elenco
Lari,Bring Me To Life - Vampire Movie,Elenco
Gabriela Cristina,Bring Me To Life - Vampire Movie,Director
Gabriela Cristina,Bring Me To Life - Vampire Movie,Writer
Fabricio Brambatti,El Maldito Darién,Director
Carol Pires,El Maldito Darién,Producer
Jon Lee Anderson,El Maldito Darién,Producer
Amina Dantas,Cinemateca Potiguar: Dez Anos de Memórias,Elenco
Bianca Beatriz,Cinemateca Potiguar: Dez Anos de Memórias,Elenco
Carol Carvalho,Cinemateca Potiguar: Dez Anos de Memórias,Elenco
Catarina Rodrigues,Cinemateca Potiguar: Dez Anos de Memórias,Elenco
Eduarda Dantas,Cinemateca Potiguar: Dez Anos de Memórias,Elenco
Hannah Carneiro,Cinemateca Potiguar: Dez Anos de Memórias,Elenco
Haylene Dantas,Cinemateca Potiguar: Dez Anos de Memórias,Elenco
Luíze Câmara,Cinemateca Potiguar: Dez Anos de Memórias,Elenco
Marcelle Janine,Cinemateca Potiguar: Dez Anos de Memórias,Elenco
Mary Land Brito,Cinemateca Potiguar: Dez Anos de Memórias,Elenco
Mateus Freitas,Cinemateca Potiguar: Dez Anos de Memórias,Elenco
Paulo Cruz,Cinemateca Potiguar: Dez Anos de Memórias,Elenco
Rafaela Bernardazzi,Cinemateca Potiguar: Dez Anos de Memórias,Elenco
Vanessa Trigueiro,Cinemateca Potiguar: Dez Anos de Memórias,Elenco
Thiago Tavares,Cinemateca Potiguar: Dez Anos de Memórias,Writer
Hannah Carneiro,Cinemateca Potiguar: Dez Anos de Memórias,Writer
Adriele Dantas,Cinemateca Potiguar: Dez Anos de Memórias,Writer
Adriele Dantas,Cinemateca Potiguar: Dez Anos de Memórias,Director
Cauã Brilhante,Cinemateca Potiguar: Dez Anos de Memórias,Writer
Paulo Cruz,Cinemateca Potiguar: Dez Anos de Memórias,Director
Gabriel Yamaura,Stress,Elenco
Gabriel Yamaura,Stress,Director
Gabriel Yamaura,Stress,Writer
Gabriel NSK,Entre a Natureza,Director
Gabriel NSK,Entre a Natureza,Writer
Leonardo Gouveia,noturna,Elenco
Pâmela Brighente,noturna,Elenco
Aline Barreto,noturna,Elenco
Jonathan Carrijo,noturna,Elenco
Luana Oliveira,noturna,Producer
Luiz Eduardo Kogut,noturna,Director
Luiz Eduardo Kogut,noturna,Writer
Enzo Bartole,In Memory,Elenco
Daniel Mufasa,In Memory,Elenco
Yasmin Porto,In Memory,Elenco
Patricia Matos,In Memory,Elenco
Paulla Moura,In Memory,Elenco
Vini Cavalieri,In Memory,Elenco
Edson Alves Jr,In Memory,Elenco
Giovanna Bartole,In Memory,Director
Giovanna Bartole,In Memory,Writer
Lucas Hamdan,Epifânico,Elenco
Rafaela Bernardi,Epifânico,Elenco
Italo Cordeiro,Epifânico,Elenco
Ana Clara Rezende,Epifânico,Elenco
Lucas Hamdan,Epifânico,Director
Lucas Hamdan,Epifânico,Writer
Liz Vernin,Assombrada,Elenco
Farias Aguiar,Assombrada,Elenco
Caio Lopes,Assombrada,Elenco
Farias Aguiar,Assombrada,Director
Farias Aguiar,Assombrada,Writer
Ananda Mariposa,Assombrada,Producer
Farias Aguiar,Assombrada,Producer
Triz Saguilar,Te Vejo Pelas Janelas Desses Prédios,Director
Bryan Marquini,Landscape,Director
Ye Mingwei,Landscape,Producer
Kurban Simayi,Mother River,Elenco
Emid Khan Aiwadulla,Mother River,Elenco
Mayinuer,Mother River,Elenco
Cristina Neves,Mother River,Director
Zhang Xinyi,Mother River,Producer
Cadu Pereira,Na Atividade,Elenco
Jennifer Pereira,Na Atividade,Elenco
Luiza Leiva,Na Atividade,Elenco
Naiara Gomes,Na Atividade,Elenco
Ronah Carraro,Na Atividade,Elenco
Weslley “Lelo” Silva,Na Atividade,Elenco
Carolina Borin,Na Atividade,Writer
José Vieira Júnior,Na Atividade,Director
José Vieira Júnior,Na Atividade,Writer
Carolina Borin,Na Atividade,Director
Amanda Marangoni,Na Atividade,Director
Emilly Gondim,Na Atividade,Director
Mariana Carneiro,Na Atividade,Director
Rebecca Danzinger,Dia 6,Elenco
Inês Fava,Dia 6,Elenco
Jamylla,Dia 6,Director
Hadiel Medeiros,For You,Elenco
Teodoro Numar,For You,Elenco
Edykarla Rebouças,For You,Elenco
Luna,For You,Elenco
Kauê Tavares,For You,Elenco
Lucas Vitor,For You,Elenco
Amelie Ney,For You,Elenco
Camila Zoitto,For You,Producer
Joyce Sarmento,For You,Writer
Gabriel Guimarães,For You,Director
Kelvin Casamassa,Sofia,Elenco
Gabriela Zeh,Sofia,Elenco
Eduardo Barbieri,Sofia,Elenco
Tamires Reame,Sofia,Elenco
Gabriela Zeh,Sofia,Elenco
Lucas Franchi,Sofia,Director
Gabriel Macaxia,Sofia,Writer
Davi Gautto,Now Forgotten Afternoons,Director
Sofia Santos,Chiquives 2: No Mundo dos Negócios,Elenco
Felipe Cancino,Chiquives 2: No Mundo dos Negócios,Elenco
Theo Brum,Chiquives 2: No Mundo dos Negócios,Elenco
Leonardo Mazzola,Chiquives 2: No Mundo dos Negócios,Elenco
Lorenzo Fraga,Chiquives 2: No Mundo dos Negócios,Elenco
Lorenzo Fraga,Chiquives 2: No Mundo dos Negócios,Director
Malu Blanco,Chiquives 2: No Mundo dos Negócios,Director
Lorenzo Fraga,Chiquives 2: No Mundo dos Negócios,Writer
Felipe Cancino,Chiquives 2: No Mundo dos Negócios,Writer
Fabrício Gabriel,Franjinha e Milena em Busca da Ciência Parte II,Elenco
Bia Lisboa,Franjinha e Milena em Busca da Ciência Parte II,Elenco
Fábio Lucindo,Franjinha e Milena em Busca da Ciência Parte II,Elenco
Stephany Kim,Franjinha e Milena em Busca da Ciência Parte II,Elenco
Rafael Pereira,Franjinha e Milena em Busca da Ciência Parte II,Elenco
Johnny O'Donnell,Franjinha e Milena em Busca da Ciência Parte II,Elenco
Renata Diniz,Franjinha e Milena em Busca da Ciência Parte II,Writer
Íssis Valenzuela,Franjinha e Milena em Busca da Ciência Parte II,Writer
Bruno Motta,Franjinha e Milena em Busca da Ciência Parte II,Director
Vanessa Fort,Franjinha e Milena em Busca da Ciência Parte II,Director
Bruno Krug,Rêverie,Elenco
Davi R. Borges,Rêverie,Director
Davi R. Borges,Rêverie,Writer
Julia Bueno,Rêverie,Producer
Laura Becker,+4,Elenco
Yasmin Souza,+4,Elenco
Sofia Cayser,+4,Director
Sofia Cayser,+4,Writer
Sofia Cayser,+4,Producer
Amanda Viegas,+4,Director
Amanda Viegas,+4,Producer
Amanda Viegas,+4,Writer
Eduarda Géa,+4,Director
Eduarda Géa,+4,Producer
Eduarda Géa,+4,Writer
Manuela Chaves,+4,Director
Manuela Chaves,+4,Writer
Manuela Chaves,+4,Producer
Tiago Fernandes,+4,Director
Isabella Pereira,+4,Director
Isabella Pereira,+4,Writer
Isabella Pereira,+4,Producer
Victoria Carnelli,IMPOLUTA,Elenco
Historias,IMPOLUTA,Elenco
Lia Henzel,IMPOLUTA,Director
Leonardo La Falce,IMPOLUTA,Writer
Carolina Scotta,IMPOLUTA,Writer
João Petry,IMPOLUTA,Producer
Gabriel Santana,LINK,Elenco
Gabriel Santana,LINK,Writer
Gabriel Santana,LINK,Director
Gabriel Santana,LINK,Producer
Juslaine Abreu-Nogueira,Professoras,Producer
Eduardo Baggio,Professoras,Writer
Eduardo Baggio,Professoras,Producer
Juslaine Abreu-Nogueira,Professoras,Director
Juslaine Abreu-Nogueira,Professoras,Writer
Eduardo Baggio,Professoras,Director
Kadu Hammett,Barbie Feminista e Anti-Homem,Director
Kadu Hammett,Barbie Feminista e Anti-Homem,Writer
Kadu Hammett,Barbie Feminista e Anti-Homem,Producer
Brian Viana,The Donkey's Curse,Elenco
Lucas Gautto,The Donkey's Curse,Elenco
Davi Gautto,The Donkey's Curse,Elenco
Davi Gautto,The Donkey's Curse,Director
Davi Gautto,The Donkey's Curse,Writer
Brian Viana,The Donkey's Curse,Writer
Leo Pyrata,Di-shi-tjo-le-rra-ja,Elenco
Petter Baiestorf,Di-shi-tjo-le-rra-ja,Writer
Petter Baiestorf,Di-shi-tjo-le-rra-ja,Director
Petter Baiestorf,Di-shi-tjo-le-rra-ja,Producer
Nicolas Sathler,Responsabilidade,Elenco
Raul Fiuza,Responsabilidade,Elenco
Ana Queiroga,Responsabilidade,Elenco
Guilherme,Responsabilidade,Elenco
"Lucas ""Wave""",Responsabilidade,Elenco
Luz Calazans,Responsabilidade,Producer
Nicolas Sathler,Responsabilidade,Director
Lucas Hamdan,Responsabilidade,Producer
Petter Baiestorf,Mr. Baiestorf's Beach Party,Elenco
Gurcius Gewdner,Mr. Baiestorf's Beach Party,Elenco
Cláudia Borba,Mr. Baiestorf's Beach Party,Elenco
Fabiano Soares,Mr. Baiestorf's Beach Party,Elenco
Jonathan Rodrigues,Mr. Baiestorf's Beach Party,Director
Jonathan Rodrigues,Mr. Baiestorf's Beach Party,Producer
Petter Baiestorf,Mr. Baiestorf's Beach Party,Writer
Petter Baiestorf,Mr. Baiestorf's Beach Party,Producer
Jonathan Rodrigues,Mr. Baiestorf's Beach Party,Writer
Geonísia Dias,Minha Amiga Gilza,Elenco
Gilza Maria Santos,Minha Amiga Gilza,Elenco
Pedro Bomba,Minha Amiga Gilza,Director
Pedro Bomba,Minha Amiga Gilza,Writer
Vinicíus Raziel,Anil.,Elenco
Leticia Santos,Anil.,Director
Mariana Ortiz,Anil.,Director
Leticia Santos,Anil.,Writer
Marcos Coqueiro,Sob o Mar da Realidade,Elenco
Daniel Almeida,Sob o Mar da Realidade,Elenco
Gabriel Moreno Jr.,Sob o Mar da Realidade,Elenco
Silas Assunção,Sob o Mar da Realidade,Elenco
Caio Góes,Sob o Mar da Realidade,Elenco
Albert William,Sob o Mar da Realidade,Elenco
Diogo Northon,Sob o Mar da Realidade,Elenco
Davi Ricardo Trindade,Sob o Mar da Realidade,Elenco
Darlan Vinicius Trindade,Sob o Mar da Realidade,Producer
Davi Ricardo Trindade,Sob o Mar da Realidade,Director
Daniel Almeida,Sob o Mar da Realidade,Producer
Diogo Northon,Sob o Mar da Realidade,Producer
Darlan Vinicius Trindade,Sob o Mar da Realidade,Director
Marcos Coqueiro,Sob o Mar da Realidade,Director
Tauruz,Sob o Mar da Realidade,Director
Diogo Northon,Sob o Mar da Realidade,Director
Tauruz,Sob o Mar da Realidade,Producer
Marcos Coqueiro,Sob o Mar da Realidade,Producer
Davi Ricardo Trindade,Sob o Mar da Realidade,Producer
Daniel Almeida,Sob o Mar da Realidade,Director
Adriana Fontinely,Encrenca,Elenco
Ana Juh Fraga,Encrenca,Elenco
Júlia Neri,Encrenca,Elenco
Isabela Vidal,Encrenca,Elenco
Gabriel Brennecke,Encrenca,Elenco
Rudi Lagemann,Encrenca,Director
Antônio Valente,Pequena Pequenez,Elenco
Francisca Valente,Pequena Pequenez,Elenco
Marina Sartoreli,Pequena Pequenez,Director
Sal Galarça,Pequena Pequenez,Producer
Daniella Shizuko,Pequena Pequenez,Producer
Ana Luiza de Amorim,Zombies digitais,Elenco
Pablo,Zombies digitais,Elenco
Maria Eduarda,Zombies digitais,Elenco
Júlia,Zombies digitais,Elenco
Pedro Pedrotti,Zombies digitais,Elenco
Glaciene,Zombies digitais,Elenco
Vitor,Zombies digitais,Director
Sarah,Zombies digitais,Writer
Luís Eduardo,Zombies digitais,Producer
Gustavo Machado,O Último Pesadelo,Elenco
Camili Andrade,O Último Pesadelo,Elenco
Saulo José,O Último Pesadelo,Elenco
Werik Braga,O Último Pesadelo,Director
Enzo Muncinelli,O Último Pesadelo,Producer
Werik Braga,O Último Pesadelo,Writer
Luccas Neto,Luccas e Gi em: Dinossauros,Elenco
Giovanna Alparone,Luccas e Gi em: Dinossauros,Elenco
Roberta Piragibe,Luccas e Gi em: Dinossauros,Elenco
Juliana Knust,Luccas e Gi em: Dinossauros,Elenco
Heitor Martinez,Luccas e Gi em: Dinossauros,Elenco
Bruna Griphao,Luccas e Gi em: Dinossauros,Elenco
Daniel Erthal,Luccas e Gi em: Dinossauros,Elenco
Andrey Lopes,Luccas e Gi em: Dinossauros,Elenco
Júlio Levy,Luccas e Gi em: Dinossauros,Elenco
Alan Rocha,Luccas e Gi em: Dinossauros,Elenco
Fernando Sampaio,Luccas e Gi em: Dinossauros,Elenco
Márcio Fonseca,Luccas e Gi em: Dinossauros,Elenco
Henrique Neves,Luccas e Gi em: Dinossauros,Elenco
Lúcia Abreu,Luccas e Gi em: Dinossauros,Elenco
Jorge Maya,Luccas e Gi em: Dinossauros,Elenco
Paulo Bonavides,Luccas e Gi em: Dinossauros,Elenco
Luke,Luccas e Gi em: Dinossauros,Elenco
Vivian Duarte,Luccas e Gi em: Dinossauros,Elenco
Leandro Neri,Luccas e Gi em: Dinossauros,Director
Cassiano Scarambone,Luccas e Gi em: Dinossauros,Producer
Leandro Neri,Luccas e Gi em: Dinossauros,Writer
Pedro Henrique Freitas,Luccas e Gi em: Dinossauros,Writer
João Costa Van Hombeeck,Luccas e Gi em: Dinossauros,Writer
Juliana Sada,Marés da Noite,Director
Noemi Martinelle,Marés da Noite,Director
Juliana Sada,Marés da Noite,Writer
Leonardo Miguel Bandeira,Entre Nós,Elenco
Gabriel Dill Panzenhagen,Entre Nós,Elenco
Bruno Klimich Barriquelo,Entre Nós,Elenco
Vítor Mateus Guerra da Silva,Entre Nós,Elenco
Luiz Felipe Andrighetto,Entre Nós,Elenco
Mateus Padilha Hoppen,Entre Nós,Elenco
Gabriel Dill Panzenhagen,Entre Nós,Director
Karina Soares,O Que Guardei Pra Mim,Elenco
Demétrio Fonseca,O Que Guardei Pra Mim,Elenco
Tayse Santana,O Que Guardei Pra Mim,Elenco
Luza Victória,O Que Guardei Pra Mim,Elenco
Gabriel Jansen,O Que Guardei Pra Mim,Elenco
Luana Sibalde,O Que Guardei Pra Mim,Elenco
Mariana Almeida,O Que Guardei Pra Mim,Elenco
Theo Moraes,O Que Guardei Pra Mim,Director
Demétrio Fonseca,O Que Guardei Pra Mim,Director
Karina Soares,O Que Guardei Pra Mim,Producer
Samuel D'Almeida,ANTES DA PRÉ-HISTÓRIA,Elenco
Samuel D'Almeida,ANTES DA PRÉ-HISTÓRIA,Director
Pedro Garrido,A Arte de se Reinventar,Director
Dio Trotta,A Arte de se Reinventar,Producer
Christiana Albuquerque,A Arte de se Reinventar,Writer
Dio Trotta,A Arte de se Reinventar,Writer
Flávia Guimarães,A Arte de se Reinventar,Writer
Pedro Garrido,A Arte de se Reinventar,Writer
Zéz,Curitiba: Labirinto Urbano,Elenco
Zéz,Curitiba: Labirinto Urbano,Director
Zéz,Curitiba: Labirinto Urbano,Writer
Daniell Abrew,Na Mão do Palhaço,Elenco
Camilo Vidal,Na Mão do Palhaço,Elenco
Aline Barros,Na Mão do Palhaço,Elenco
Lorrana Feitosa,Na Mão do Palhaço,Elenco
Aletéia Lorenna,Na Mão do Palhaço,Elenco
Romão Sobrinho,Na Mão do Palhaço,Elenco
Karine Ogunté,Na Mão do Palhaço,Elenco
Adriano Silva,Na Mão do Palhaço,Elenco
Alice Sampaio,Na Mão do Palhaço,Elenco
Jéssica Alves,Na Mão do Palhaço,Elenco
Daniell Abrew,Na Mão do Palhaço,Director
Daniell Abrew,Na Mão do Palhaço,Writer
Daniell Abrew,Na Mão do Palhaço,Producer
Camilo Vidal,Na Mão do Palhaço,Producer
Adriano Silva,Na Mão do Palhaço,Producer
Romão Sobrinho,Na Mão do Palhaço,Producer
João Guilherme Studart,Na Mão do Palhaço,Producer
Ângela Escudeiro,Na Mão do Palhaço,Producer
Cauã Chaves da Silva,O Amor,Director
Cauã Chaves da Silva,O Amor,Writer
Warner Borges,Imagens Daqui,Elenco
Michelle Gabriolli,Imagens Daqui,Elenco
Chessas Andoré,Imagens Daqui,Elenco
Daniel Paiva,Imagens Daqui,Elenco
Arthur Assumpção,Imagens Daqui,Director
Arthur Assumpção,Imagens Daqui,Writer
Rodrigo Saturnino,Imagens Daqui,Producer
Jonas Delfim Gallucci,Imagens Daqui,Producer
Lygia Alves,Eu Nasci Assim - A importância de falar sobre a não-binariedade,Elenco
Mar Facciolla,Eu Nasci Assim - A importância de falar sobre a não-binariedade,Elenco
Úrsula Boreal Lopes Brevilherios,Eu Nasci Assim - A importância de falar sobre a não-binariedade,Elenco
Roland Ray,Eu Nasci Assim - A importância de falar sobre a não-binariedade,Elenco
Juliana Pereira Damasceno Vasques,Eu Nasci Assim - A importância de falar sobre a não-binariedade,Elenco
Barbara Schreurs,Eu Nasci Assim - A importância de falar sobre a não-binariedade,Elenco
Leonardo Egashira,Eu Nasci Assim - A importância de falar sobre a não-binariedade,Writer
Rubi Hikari,Eu Nasci Assim - A importância de falar sobre a não-binariedade,Writer
Ana Bento,Eu Nasci Assim - A importância de falar sobre a não-binariedade,Writer
Barbara Schreurs,Eu Nasci Assim - A importância de falar sobre a não-binariedade,Producer
Barbara Schreurs,Eu Nasci Assim - A importância de falar sobre a não-binariedade,Director
Eliana César,Eu Nasci Assim - A importância de falar sobre a não-binariedade,Writer
Teka Romualdo,Para Te Lembrar,Elenco
Brenda França,Para Te Lembrar,Elenco
Isabella Soares,Para Te Lembrar,Director
Rebeca Pereira,Para Te Lembrar,Producer
Kim Matsui Fleck,Para Te Lembrar,Producer
Letícia Gabrielle P. Arcanjo,Para Te Lembrar,Writer
Carlos Henrique,Através da Janela,Elenco
Carlos Henrique,Através da Janela,Director
Carlos Henrique,Através da Janela,Writer
Vitória Muraro,RoMa,Elenco
Beatriz Lopes,RoMa,Elenco
Diana Mesquita,RoMa,Producer
Marina Falkembach,RoMa,Director
Renata Camboim,Distância,Elenco
Rose Canal,Distância,Elenco
Neka Freitas,Distância,Elenco
Gamora,Distância,Elenco
Neka Freitas,Distância,Elenco
Lisandro Mota,Distância,Elenco
Zila Soares,Distância,Elenco
Leoni Lúcia Schuh,Distância,Elenco
Karina Soares Siebra,Distância,Elenco
Catricia Pietta,Distância,Elenco
Júlia Escobar,Distância,Director
Júlia Escobar,Distância,Writer
Carolina Rocha,Distância,Producer
Anakas,"Quem é Você, POA?",Elenco
Pires,"Quem é Você, POA?",Elenco
Milena,"Quem é Você, POA?",Elenco
Conrad,"Quem é Você, POA?",Elenco
Matheus Campos,"Quem é Você, POA?",Director
Matheus Campos,"Quem é Você, POA?",Writer
Isadora Fisch,"Quem é Você, POA?",Writer
Luke G. Brandl,The Fake News Gnome,Elenco
Rafaa Garbuio,The Fake News Gnome,Elenco
João Gregs,The Fake News Gnome,Elenco
Joseph Vitor,The Fake News Gnome,Director
Joseph Vitor,The Fake News Gnome,Writer
Luke G. Brandl,The Fake News Gnome,Producer
Rodolfo Luiz Vieira,High/Low 2,Elenco
Evandro Perez,High/Low 2,Elenco
Pedro Otávio,High/Low 2,Elenco
Guilherme V. Baracioli,High/Low 2,Elenco
Rodolfo Luiz Vieira,High/Low 2,Writer
Rodolfo Luiz Vieira,High/Low 2,Director
Rodolfo Luiz Vieira,High/Low 2,Producer
Juliana Barretto,Ana Parideira,Director
Gabriel Moreno Jr.,Uga Uga,Elenco
Caio Góes,Uga Uga,Elenco
José Carlos Fernandes,Uga Uga,Elenco
Sandro Jaqueira,Uga Uga,Elenco
Júlia Sala,Uga Uga,Elenco
Nair Tavares,Uga Uga,Elenco
Davi Ricardo Trindade,Uga Uga,Elenco
Darlan Vinicius Trindade,Uga Uga,Elenco
Daniel Almeida,Uga Uga,Elenco
Albert William,Uga Uga,Elenco
Rafael Soares,Uga Uga,Elenco
Gabriel Moreno Jr.,Uga Uga,Director
Caio Bud,Uga Uga,Director
Gabriel Moreno Jr.,Uga Uga,Producer
Caio Bud,Uga Uga,Producer
Caio Góes,Uga Uga,Producer
José Carlos Fernandes,Uga Uga,Producer
Sandro Jaqueira,Uga Uga,Producer
Rafael Soares,Uga Uga,Producer
Bernardo Rasador,Our Playlist,Elenco
Bruna Guimarães,Our Playlist,Elenco
Nina Ribeiro,Our Playlist,Director
Crystal,Our Playlist,Writer
Júlia Rolim,Fantasia,Elenco
Duane Felice,Fantasia,Elenco
Amanda Motta,Fantasia,Director
Amanda Motta,Fantasia,Writer
Nina Ribeiro,Fantasia,Writer
Rodrigo Schmidt,O Que O Skate Me Trouxe,Director
Flávio Andradde,Flávio Andradde: O Azar É Meu?,Elenco
Rafa Brits,Flávio Andradde: O Azar É Meu?,Producer
Beta Fujita,Flávio Andradde: O Azar É Meu?,Producer
Alex Alves,Flávio Andradde: O Azar É Meu?,Writer
Flávio Andradde,Flávio Andradde: O Azar É Meu?,Writer
Tatiana Lisboa,Flávio Andradde: O Azar É Meu?,Producer
Flávio Andradde,Flávio Andradde: O Azar É Meu?,Director
Matheus Xavier,Eu Te Ouço,Elenco
Lívia Borges Meinhardt,Eu Te Ouço,Elenco
João Petry,Eu Te Ouço,Writer
Gabriello Alvarez,Eu Te Ouço,Producer
João Petry,Eu Te Ouço,Director
Crystal,Eu Te Ouço,Writer
Carolina Scotta,Eu Te Ouço,Writer
Eduardo Hunter Moura,Two Time Champions,Director
Lane Lopes,Two Time Champions,Writer
Thaís Mello,Two Time Champions,Producer
Eduardo Hunter Moura,Two Time Champions,Writer
Anne Caroline Machado,Sobre Amor,Elenco
Bernardo Bueno,Sobre Amor,Elenco
Maria Elena Fin,Sobre Amor,Elenco
Laryssa Dias,Sobre Amor,Director
Renata Campos,Sobre Amor,Producer
Laryssa Dias,Sobre Amor,Writer
Rafael Isoppo,O Adeus,Elenco
Sadi Fernando Londero,O Adeus,Elenco
Leandro Londero,O Adeus,Elenco
Rafael Isoppo,O Adeus,Producer
Rafael Isoppo,O Adeus,Director
Gustavo Brito,He and She,Director
Gustavo Brito,He and She,Writer
Daniel Fidelis Carlotto,Crise Climática ou Crise Mental,Director
Amanda Centenaro,Crise Climática ou Crise Mental,Writer
João Pedro Barcellos,Crise Climática ou Crise Mental,Producer
Erick Becker,CB Hoje?,Elenco
Rafael Cedrim,CB Hoje?,Elenco
Ana Rita Pires,CB Hoje?,Elenco
Eduardo Lorenzi,CB Hoje?,Elenco
Enzo Martelli,CB Hoje?,Elenco
Rafael Curtinov,CB Hoje?,Elenco
Carmella Rauber,CB Hoje?,Producer
Leonardo Bressanelli,CB Hoje?,Producer
Leonardo Bressanelli,CB Hoje?,Writer
Carmella Rauber,CB Hoje?,Writer
Leonardo Bressanelli,CB Hoje?,Director
Esther Luz,Dias Atípicos,Elenco
Lílian Luz,Dias Atípicos,Elenco
Suellen Garcia,Dias Atípicos,Elenco
Luciana Carla,Dias Atípicos,Elenco
Maria Clara Cabral,Dias Atípicos,Elenco
Daniele de Paula,Dias Atípicos,Elenco
César Barbosa,Dias Atípicos,Producer
Maria Clara Cabral,Dias Atípicos,Director
Vania Sousa,Dias Atípicos,Producer
Emiliano Daniel de Souza,Os Mestres Pelznickel's,Elenco
Fabiano Siegel,Os Mestres Pelznickel's,Elenco
Ademir Klann,Os Mestres Pelznickel's,Elenco
Luiz Ervino Fischer,Os Mestres Pelznickel's,Elenco
Pietra Mihok,Clarice,Elenco
Eduardo Carvalho,Clarice,Elenco
Vittoria Scolari,Clarice,Producer
Fernanda Franke,Clarice,Writer
Marina Aguiar,Clarice,Producer
Fernanda Franke,Clarice,Director
Rudi Lagemann,A Festinha,Director
Lucas Maronttinni,Seu Avô Também Fazia Sexo Gay,Elenco
Saulo José,Seu Avô Também Fazia Sexo Gay,Elenco
Giordanno Bottezini,Seu Avô Também Fazia Sexo Gay,Producer
Ph Ribas,Seu Avô Também Fazia Sexo Gay,Producer
R. J. Perli,Seu Avô Também Fazia Sexo Gay,Producer
Giordanno Bottezini,Seu Avô Também Fazia Sexo Gay,Writer
Giordanno Bottezini,Seu Avô Também Fazia Sexo Gay,Director
Geja,Banheiro dos Campeões,Elenco
André Martins,Banheiro dos Campeões,Elenco
Lucas Sabino,Banheiro dos Campeões,Elenco
Victor Eduardo,Banheiro dos Campeões,Elenco
Felipe Santelli,Banheiro dos Campeões,Producer
Osani,Banheiro dos Campeões,Producer
Osani,Banheiro dos Campeões,Writer
Felipe Santelli,Banheiro dos Campeões,Writer
Felipe Santelli,Banheiro dos Campeões,Director
Osani,Banheiro dos Campeões,Director
Jamie Grillo,A Morte de Alguém,Elenco
Lorenzo Lenz,A Morte de Alguém,Elenco
Natiele Falcão,A Morte de Alguém,Elenco
Natiele Falcão,A Morte de Alguém,Producer
Lorenzo Lenz,A Morte de Alguém,Producer
Jamie Grillo,A Morte de Alguém,Producer
Andrew Black,A Morte de Alguém,Writer
Andrew Black,A Morte de Alguém,Director
Alê Camargo,Tainá e os Guardiões da Amazônia - Em Busca da Flecha Azul,Director
Gustavo Colombo,Tainá e os Guardiões da Amazônia - Em Busca da Flecha Azul,Writer
Aleixo Belov,Belov: Uma Vida no Mar,Elenco
Tiago Abubakir,Belov: Uma Vida no Mar,Director
André Mello,Saudades,Elenco
André Mello,Saudades,Elenco
Fabricio Ramos,Saudades,Elenco
Bruna Ferreira,Saudades,Elenco
Luiz Ferreira,Saudades,Director
Luiz Ferreira,Saudades,Producer
Fabricio Ramos,Saudades,Producer
Igor Albuquerque,Sociedade do Caos,Elenco
Brendo Rannov,Sociedade do Caos,Director
Eder Santos,"Santos Dumont, O Céu na Cabeça",Director
Monica Cerqueira,"Santos Dumont, O Céu na Cabeça",Director
Tiago Damaceno,Dona Rute – Uma História de Amor e Benzimentos,Director
Sayer Aurélio Dorilêo,Dona Rute – Uma História de Amor e Benzimentos,Director
Caboclo Sapezeiro,O Caboclo do Sapê,Elenco
Ricardo Salles de Sá,O Caboclo do Sapê,Director
Lélia Pinto dos Santos,Mulheres Maratimbas,Elenco
Maria Inez dos Santos,Mulheres Maratimbas,Elenco
Maria Izabel da Costa,Mulheres Maratimbas,Elenco
Valdineia Oliveira Nascimento,Mulheres Maratimbas,Elenco
Thais Helena Leite,Mulheres Maratimbas,Director
Paulo Coelho,"Fala, Vô!",Elenco
Felipe Risallah,"Fala, Vô!",Elenco
Beni Coelho,"Fala, Vô!",Elenco
Felipe Risallah,"Fala, Vô!",Director
Felipe Risallah,"Fala, Vô!",Writer
Mah Molina,o inevitável fim de joana celeste (ou a última vez que te amei),Elenco
André Basto,o inevitável fim de joana celeste (ou a última vez que te amei),Elenco
Vitória Libreti,o inevitável fim de joana celeste (ou a última vez que te amei),Director
Vitória Libreti,o inevitável fim de joana celeste (ou a última vez que te amei),Writer
Vitória Libreti,o inevitável fim de joana celeste (ou a última vez que te amei),Producer
Guilherme Norvilas,o inevitável fim de joana celeste (ou a última vez que te amei),Producer
Luísa Schneider,E o Futuro da Arte?,Director
Carla Jordanna da Silva,E o Futuro da Arte?,Writer
Júlia Topal,E o Futuro da Arte?,Writer
Dimitra Christo,Dear Agatha,Elenco
Filipe Evangs,Dear Agatha,Elenco
Dalizia Borges,Dear Agatha,Elenco
Átila Bee,Dear Agatha,Elenco
Alehandro Duarte,Dear Agatha,Director
Alehandro Duarte,Dear Agatha,Writer
D’Andrade,Dear Agatha,Producer
Rebeca Andrade,Na Raça,Elenco
Bruno Fratus,Na Raça,Elenco
Ana Sátila,Na Raça,Elenco
Caio Souza,Na Raça,Elenco
Flávia Saraiva,Na Raça,Elenco
Jessica Roberti,Na Raça,Elenco
Beatriz Ferreira,Na Raça,Elenco
Mateus Alves,Na Raça,Elenco
Willian Lima,Na Raça,Elenco
Ana Cristina de Souza,Na Raça,Elenco
Davi Sávio,Na Raça,Elenco
Guilherme Costa,Na Raça,Elenco
Carla Di Pierro,Na Raça,Elenco
Lygia da Veiga,Na Raça,Elenco
Rachel Ricci,Na Raça,Producer
Alexandre Paes Leme,Na Raça,Writer
Victor Pozella,Na Raça,Director
Rodrigo Pazzini,Na Raça,Writer
Rodrigo Pazzini,Na Raça,Director
Victor Pozella,Na Raça,Writer
Agatha Renard,O Ventre do Traviarcado,Elenco
Stella She,O Ventre do Traviarcado,Elenco
Christina Martins,O Ventre do Traviarcado,Elenco
Maria Clara Ferré,O Ventre do Traviarcado,Director
Maia Caos,Monstra do Armário,Elenco
Jheny Moraes,Monstra do Armário,Elenco
Bruny Derotzi,Monstra do Armário,Director
Bruny Derotzi,Monstra do Armário,Writer
Maria Cristina Lara,Monstra do Armário,Writer
Cláudia Lara,Monstra do Armário,Writer
Bárbara Mallasen,Monstra do Armário,Producer
Marcio cunha,Impermanência,Elenco
Guto Neto,Impermanência,Director
Patrícia Niedermeier,Muro das Vertentes,Elenco
Cavi Borges,Muro das Vertentes,Elenco
Fabrício Duque,Muro das Vertentes,Director
Cavi Borges,Muro das Vertentes,Producer
Karol Felicio,Travessia,Director
Karol Felicio,Travessia,Writer
Nika,Nem Pensei Que Desse,Elenco
Deidade da Vila,Nem Pensei Que Desse,Director
Ciellen Selene,Nem Pensei Que Desse,Producer
Nika,Nem Pensei Que Desse,Writer
Felipe Cardoso,Nem Pensei Que Desse,Writer
Joe,Primavera Preta,Elenco
Ariel Castiel,Primavera Preta,Elenco
Lívia Mayara,Primavera Preta,Elenco
Antonio Santos,Primavera Preta,Director
Rodolfo Luiz Vieira,Objections,Elenco
Enéas Carneiro,Objections,Elenco
João Pedro Castro,Objections,Elenco
Eduardo Bottaro,Objections,Elenco
Rodolfo Luiz Vieira,Objections,Director
Rodolfo Luiz Vieira,Objections,Writer
Rodolfo Luiz Vieira,Objections,Producer
Natália Dornelas,Prólogo,Director
Fábio Rogério,A Última Valsa,Director
Jean-Claude Bernardet,A Última Valsa,Director
Betty Faria,Como Chorar Sem Derreter,Elenco
Nina Dahmer,Como Chorar Sem Derreter,Elenco
Giulia Butler,Como Chorar Sem Derreter,Director
Giulia Butler,Como Chorar Sem Derreter,Producer
Fernanda Conde,Como Chorar Sem Derreter,Producer
Giulia Butler,Como Chorar Sem Derreter,Writer
Aidê Malanquini,Dias de pouco pão e zero sonho,Elenco
Hayelle Pasolini,Dias de pouco pão e zero sonho,Elenco
Stel Miranda,Dias de pouco pão e zero sonho,Elenco
Barbara Depiantti,Dias de pouco pão e zero sonho,Elenco
Sáskia Sá,Dias de pouco pão e zero sonho,Director
Sáskia Sá,Dias de pouco pão e zero sonho,Writer
Michi Sakassegawa,Lembrar de Mim,Elenco
Fernanda Mayumi,Lembrar de Mim,Elenco
Giordanno Bottezini,Lembrar de Mim,Elenco
Sal Galarça,Lembrar de Mim,Elenco
Ph Ribas,Lembrar de Mim,Elenco
Marina Sartoreli,Lembrar de Mim,Elenco
Daniella Shizuko,Lembrar de Mim,Director
Daniella Shizuko,Lembrar de Mim,Producer
Ph Ribas,Lembrar de Mim,Producer
Vivian Cunha,Deusa menina,Elenco
Juane Vaillant,Deusa menina,Director
Juane Vaillant,Deusa menina,Writer
João Marcos Ferreira,Eu & O Meu Primeiro Choro,Elenco
Amanda Lavine,Eu & O Meu Primeiro Choro,Elenco
Gabriel Moreno Jr.,Eu & O Meu Primeiro Choro,Elenco
Gabriel Moreno Jr.,Eu & O Meu Primeiro Choro,Director
Gabriel Moreno Jr.,Eu & O Meu Primeiro Choro,Producer
Kira dog,Cinquenta e oito semanas,Elenco
João Victor Lopes,Cinquenta e oito semanas,Elenco
João Victor Lopes,Cinquenta e oito semanas,Director
Gabriel Braga Moura,Funerária,Elenco
Gabriel Totoro,Funerária,Elenco
Edson Gama Peixoto Neto,Funerária,Elenco
Rodrigo Magal,Funerária,Elenco
Rodrigo Magal,Funerária,Director
Rodrigo Magal,Funerária,Writer
Bruno Marcondes,Velho Departamento,Elenco
Matheus Rizzo,Velho Departamento,Elenco
Ana Elisa Gouvêa,Velho Departamento,Elenco
Pedro Sasaki,Velho Departamento,Elenco
Victor Hugo,Velho Departamento,Elenco
Malu,Velho Departamento,Elenco
Thiago,Velho Departamento,Elenco
Caio Fernandes,Velho Departamento,Director
Caio Fernandes,Velho Departamento,Writer
Enzo Prisco,O poder de cristo,Elenco
Sabine Richter,O poder de cristo,Elenco
Annabel Richter,O poder de cristo,Elenco
Luisa Scharf,O poder de cristo,Elenco
Jake Andrew,O poder de cristo,Elenco
Jake Andrew,O poder de cristo,Director
Paulo Jorge S. Bagetti,O poder de cristo,Director
Cris R. Paulo,"Julho, 2024",Elenco
Rodrigo Rodrigues,"Julho, 2024",Elenco
Julia Cristine,"Julho, 2024",Elenco
Emily Cristina,"Julho, 2024",Elenco
Cris R. Paulo,"Julho, 2024",Director
Alexia Annes,Conexão com o Mal (Evil Connection),Elenco
Manuela Prado,Conexão com o Mal (Evil Connection),Elenco
Vinícius Albano,Conexão com o Mal (Evil Connection),Elenco
Wallace Andrade,Conexão com o Mal (Evil Connection),Elenco
Sofia Oliveira,Conexão com o Mal (Evil Connection),Elenco
Leon Black,Conexão com o Mal (Evil Connection),Elenco
Alessandra Colella,Conexão com o Mal (Evil Connection),Elenco
Renata Coppola,Conexão com o Mal (Evil Connection),Elenco
Dárcio de Oliveira,Conexão com o Mal (Evil Connection),Elenco
Momô de Oliveira,Conexão com o Mal (Evil Connection),Elenco
Erick Gonçalo,Conexão com o Mal (Evil Connection),Elenco
Gabe Imani,Conexão com o Mal (Evil Connection),Elenco
Alexandre Krug,Conexão com o Mal (Evil Connection),Elenco
Camilla Martinez,Conexão com o Mal (Evil Connection),Elenco
Val Oliveira,Conexão com o Mal (Evil Connection),Elenco
Lorena Rodrigues,Conexão com o Mal (Evil Connection),Elenco
Tato Souza,Conexão com o Mal (Evil Connection),Elenco
Kalye Tomayose,Conexão com o Mal (Evil Connection),Elenco
Kevin Umbelino,Conexão com o Mal (Evil Connection),Elenco
Lucas Veloso,Conexão com o Mal (Evil Connection),Elenco
Daniel Maciel,Conexão com o Mal (Evil Connection),Director
Bruno Santos,Escombro,Director
Bruno Santos,Escombro,Producer
Letícia Gaver,Escombro,Producer
Núbia vasconcelos,Café Sem Açúcar,Elenco
João Dall'Olio,Café Sem Açúcar,Elenco
João Pedro,Café Sem Açúcar,Elenco
Milena Gerhardt,Café Sem Açúcar,Director
Maria Drummond,Café Sem Açúcar,Director
Dani Lee,Café Sem Açúcar,Writer
João Dall'Olio,Café Sem Açúcar,Writer
João Pedro,Café Sem Açúcar,Writer
Diyo,O Que Fica de Quem Vai,Elenco
Rafael Sousa Silva,O Que Fica de Quem Vai,Elenco
Jennifer Souza,O Que Fica de Quem Vai,Elenco
João Guilherme Mota,O Que Fica de Quem Vai,Elenco
Vinícius Cerqueira,O Que Fica de Quem Vai,Director
Maylon Romes,O Que Fica de Quem Vai,Writer
Maylon Romes,O Que Fica de Quem Vai,Producer
Matheus Morales,O Que Fica de Quem Vai,Producer
André Zamith,O Que Fica de Quem Vai,Director
Paulo Japyassu,Os Sonhos da Bela Adormecida,Elenco
Paulo Pagliosa,Os Sonhos da Bela Adormecida,Elenco
Lucas Belchior,Os Sonhos da Bela Adormecida,Elenco
Dayse Cervai,Os Sonhos da Bela Adormecida,Elenco
Agata Mathera,Os Sonhos da Bela Adormecida,Elenco
Gabriela Eufrásio,Os Sonhos da Bela Adormecida,Elenco
Matheus Magre,Os Sonhos da Bela Adormecida,Director
Bárbara Anny,Os Sonhos da Bela Adormecida,Director
Daniel Gomes,Os Sonhos da Bela Adormecida,Producer
Matheus Magre,Os Sonhos da Bela Adormecida,Writer
Letícia Vilarinho,Os Sonhos da Bela Adormecida,Writer
Rafael Bagnara,"Same Destiny, different size.",Director
Rafael Bagnara,"Same Destiny, different size.",Writer
Alessandra Negrini,Simbiose,Elenco
Marjorie Estiano,Simbiose,Elenco
Josie Antello,Simbiose,Elenco
Isabelle Pasco,Simbiose,Elenco
Fernando Eiras,Simbiose,Elenco
Luigi Mezzanotte,Simbiose,Elenco
Samuel D'Almeida,Simbiose,Director
Nathaly Scofield,Retrato,Elenco
Camila Piniel,Retrato,Elenco
Juliana Lacerda,Retrato,Director
Camila Piniel,Retrato,Producer
Juliana Lacerda,Retrato,Producer
Nathaly Scofield,Retrato,Producer
Juliana Lacerda,Retrato,Writer
Mauricio Machado,Retrato,Director
Mauricio Machado,Retrato,Producer
Mauricio Machado,Retrato,Writer
Guilherme Sugano,Eu Sinto Saudade,Elenco
Vitória Baus,Eu Sinto Saudade,Elenco
Amanda Freitas Cordeiro,Eu Sinto Saudade,Elenco
Ceci Maier,Eu Sinto Saudade,Producer
Merê,Eu Sinto Saudade,Director
Lark,Vozes que Desenham: Edição Zine!,Elenco
Fúlvio pacheco,Vozes que Desenham: Edição Zine!,Elenco
Mylle Pampuch,Vozes que Desenham: Edição Zine!,Elenco
José Aguiar,Vozes que Desenham: Edição Zine!,Elenco
Yoshi Itice,Vozes que Desenham: Edição Zine!,Elenco
Paulo Biscaia Filho,Vozes que Desenham: Edição Zine!,Elenco
Lucas Longhi,Vozes que Desenham: Edição Zine!,Director
Ana Carolina de Angeli,Vozes que Desenham: Edição Zine!,Producer
Lucas Longhi,Vozes que Desenham: Edição Zine!,Producer
Guilherme Sugano,Vozes que Desenham: Edição Zine!,Producer
Manuel Carvalho,Vozes que Desenham: Edição Zine!,Producer
Raffo,Vozes que Desenham: Edição Zine!,Producer
Guilherme Corrêa,O Breu,Elenco
Victor Blasques,O Breu,Elenco
Clara Castelani,O Breu,Elenco
Castelluni,O Breu,Elenco
Sofia Borghi,O Breu,Elenco
Gabriela Ferreira Costa,O Breu,Elenco
Felipe Ferracioli,O Breu,Producer
Theo Gallo,O Breu,Director
Theo Gallo,O Breu,Writer
Beatriz Henriques,O Breu,Producer
Carlos Rosa,Blood Delivery,Elenco
Juliana Seabra,Blood Delivery,Elenco
Marant Polodoro,Blood Delivery,Elenco
Guilherme Gaioso,Blood Delivery,Elenco
BR Gabs,Blood Delivery,Elenco
Daniel Skrip,Blood Delivery,Elenco
Kika Medina,Blood Delivery,Elenco
Danilo Morales,Blood Delivery,Director
Lula Magalhães,Blood Delivery,Director
Rubens Mello,Blood Delivery,Director
Danilo Morales,Blood Delivery,Writer
Denilza Aparecida,Blood Delivery,Producer
José Alves,Blood Delivery,Producer
Olavo Fernandes,Estelar,Elenco
Olavo Fernandes,Estelar,Director
Olavo Fernandes,Estelar,Producer
Antonio Cuyabano Jr.,Estelar,Writer
Mariana Melo,Hoje não vem ninguém,Director
Veruza Guedes,Aracati,Director
Agnes Protásio,Àquela saudade,Director
Camila Gonçalves,Íntima Overdose,Elenco
Camila Gonçalves,Íntima Overdose,Director
Juliana Tinoco,Corpos Em Reprise,Elenco
Gabriel Werneck,Corpos Em Reprise,Elenco
Delaney Antonio,Corpos Em Reprise,Elenco
Miller Martins,Corpos Em Reprise,Director
Felipe Fuentes,Corpos Em Reprise,Director
Miller Martins,Corpos Em Reprise,Writer
Felipe Fuentes,Corpos Em Reprise,Writer
Ana Valacio,Corpos Em Reprise,Producer
Caiovsky,Corpos Em Reprise,Producer
Sofia Guedes,Corpos Em Reprise,Producer
Nicole Alessia,Amizade na Infância,Elenco
Luiza Marques,Amizade na Infância,Elenco
Vitoria Manzoni,Amizade na Infância,Elenco
João Pedro Vianna,Amizade na Infância,Elenco
Nicole Alessia,Amizade na Infância,Director
Luiza Marques,Amizade na Infância,Writer
Vitoria Manzoni,Amizade na Infância,Writer
João Pedro Vianna,Amizade na Infância,Writer
Nicole Alessia,Amizade na Infância,Writer
Luiza Marques,Amizade na Infância,Producer
João Pedro Vianna,Amizade na Infância,Producer
Nicole Alessia,Amizade na Infância,Producer
Vitoria Manzoni,Amizade na Infância,Producer
Vitoria Manzoni,Amizade na Infância,Director
Luiza Marques,Amizade na Infância,Director
João Pedro Vianna,Amizade na Infância,Director
Bianca Rozalio,O que dói mais?,Director
Bianca Rozalio,O que dói mais?,Producer
Gil de Souto,O que dói mais?,Producer
Erê Morais Teixeira,O que dói mais?,Producer
Marcos Paaki,O que dói mais?,Producer
Túlio Cordeiro,O que dói mais?,Producer
Thiago Coquelet,Além das Mágoas,Director
Unknow student,Ossada,Elenco
Rodolfo Luiz Vieira,Ossada,Director
Rodolfo Luiz Vieira,Ossada,Writer
Rodolfo Luiz Vieira,Ossada,Producer
Davi Gautto,Untitled 2,Director
Caio Omena,Scenes²,Director
Caio Omena,Scenes²,Writer
Caio Omena,Scenes²,Producer
Marcus Vinicius,The Presence of the World in Me,Elenco
Castiel Vitorino Brasileiro,The Presence of the World in Me,Elenco
Rubiane Maia,The Presence of the World in Me,Elenco
Erly Vieira Jr,The Presence of the World in Me,Director
Erly Vieira Jr,The Presence of the World in Me,Writer
Saulo José,Sombras da Lei,Elenco
Junior de Miranda,Sombras da Lei,Elenco
Otávio Rodrigues,Sombras da Lei,Elenco
Gabriella de Andrade,Sombras da Lei,Elenco
João Emanuel Gomes,Sombras da Lei,Director
Nicolas Eppinger,Sombras da Lei,Director
Pietra Spindola,Sombras da Lei,Producer
João Czech,Sombras da Lei,Producer
Murilo Estival,Sombras da Lei,Writer
Miguel Martinho,"Lembrança, A Maior das Artes",Elenco
Miguel Martinho,"Lembrança, A Maior das Artes",Director
Ícaro Silva,Amigos Sem Compromisso,Elenco
Maria Bopp,Amigos Sem Compromisso,Elenco
Gisele Fróes,Amigos Sem Compromisso,Elenco
Tuca Andrada,Amigos Sem Compromisso,Elenco
Daniel Furlan,Amigos Sem Compromisso,Elenco
Luiz Pepeu,Amigos Sem Compromisso,Elenco
Fernanda Silva,Amigos Sem Compromisso,Elenco
Felipe Frazão,Amigos Sem Compromisso,Elenco
Nadson de Jesus,Amigos Sem Compromisso,Elenco
Mayara Constantino,Amigos Sem Compromisso,Elenco
Victor Mendes,Amigos Sem Compromisso,Elenco
Ella Nascimento,Amigos Sem Compromisso,Elenco
Luciana Esposito,Amigos Sem Compromisso,Elenco
Bianca di Azuos,Amigos Sem Compromisso,Elenco
Maíra Cessa,Amigos Sem Compromisso,Elenco
Davi Novaes,Amigos Sem Compromisso,Elenco
Walmick de Holanda,Amigos Sem Compromisso,Elenco
Dom Capelari,Amigos Sem Compromisso,Elenco
Julia Correa,Amigos Sem Compromisso,Elenco
Naira da Hora,Amigos Sem Compromisso,Elenco
Pâmella Lopes,Amigos Sem Compromisso,Elenco
Henrique Carvalhaes,Amigos Sem Compromisso,Elenco
Kimie Koike,Amigos Sem Compromisso,Elenco
Mariana Zatz,Amigos Sem Compromisso,Elenco
Vinícius Calderoni,Amigos Sem Compromisso,Elenco
Fernando Fraiha,Amigos Sem Compromisso,Producer
Bianca Villar,Amigos Sem Compromisso,Producer
Karen Castanho,Amigos Sem Compromisso,Producer
Rafael Gomes,Amigos Sem Compromisso,Director
Rafael Gomes,Amigos Sem Compromisso,Writer
Mariana Zatz,Amigos Sem Compromisso,Writer
Cibele Moraes,O Reino da Glória,Director
Gabriel Silva,O Reino da Glória,Producer
Amanda Braga,O Reino da Glória,Producer
Gabriele Batista,O Reino da Glória,Producer
Cibele Moraes,O Reino da Glória,Writer
Alvaro Rossi,Medicina 70,Elenco
Amanda Piffero,Medicina 70,Elenco
Angela Weinmann,Medicina 70,Elenco
Angelo Cunha,Medicina 70,Elenco
Arnaldo Rodrigues,Medicina 70,Elenco
Beatriz Porto,Medicina 70,Elenco
Bruno de Melo,Medicina 70,Elenco
Elaine Resener,Medicina 70,Elenco
Eugênia Mariano da Rocha Barichello,Medicina 70,Elenco
Gabrielle Tronco,Medicina 70,Elenco
Gilmor Farenzena,Medicina 70,Elenco
Itamar Riesgo,Medicina 70,Elenco
Jadete Lampert,Medicina 70,Elenco
Léris Haeffner,Medicina 70,Elenco
Luiz Antônio Benvegnú,Medicina 70,Elenco
Margareth Maldonado,Medicina 70,Elenco
Rafael Vaz Machry,Medicina 70,Elenco
Ronald Bossemeyer,Medicina 70,Elenco
Tania Resener,Medicina 70,Elenco
Victor dos Santos,Medicina 70,Elenco
Alexandre Maccari,Medicina 70,Director
Cibelle de Paula,The Neighborhood is Ours!,Elenco
Marília Belmonte,The Neighborhood is Ours!,Elenco
Cláudia Balthazar,The Neighborhood is Ours!,Elenco
Aldo Bueno,The Neighborhood is Ours!,Elenco
André Felipe,The Neighborhood is Ours!,Elenco
Nádia Garcia,The Neighborhood is Ours!,Elenco
Solange Taverna,The Neighborhood is Ours!,Elenco
Tony Nogueira,The Neighborhood is Ours!,Elenco
Vera Campos,The Neighborhood is Ours!,Elenco
Xantilee Jesus,The Neighborhood is Ours!,Elenco
Cafira Zoé,The Neighborhood is Ours!,Elenco
Marília Piraju,The Neighborhood is Ours!,Elenco
Victor Próspero,The Neighborhood is Ours!,Elenco
Luciana Araújo,The Neighborhood is Ours!,Elenco
Flavia Santana,The Neighborhood is Ours!,Elenco
Joel Jesus,The Neighborhood is Ours!,Elenco
Fernando Penteado,The Neighborhood is Ours!,Elenco
Rubens Crispim Jr.,The Neighborhood is Ours!,Director
Ana Durães,The Neighborhood is Ours!,Writer
Paloma Wakamatsu,Te Assisto Pois Pensas Que Invocou-me,Elenco
João Victor (Jov's),Te Assisto Pois Pensas Que Invocou-me,Elenco
João Victor (Jov's),Te Assisto Pois Pensas Que Invocou-me,Director
João Victor (Jov's),Te Assisto Pois Pensas Que Invocou-me,Writer
Felipe de Souza,O Médico e a Propriedade,Director
Pablo Rodrigues,O Médico e a Propriedade,Writer
Felipe de Souza,O Médico e a Propriedade,Writer
Rodolfo Luiz Vieira,TV Chiada,Elenco
Max Headroom,TV Chiada,Elenco
Taman Shud Man,TV Chiada,Elenco
George W. Bush,TV Chiada,Elenco
Rodolfo Luiz Vieira,TV Chiada,Producer
Rodolfo Luiz Vieira,TV Chiada,Director
Rodolfo Luiz Vieira,TV Chiada,Writer
Rodolfo Luiz Vieira,Rorschach,Elenco
Rodolfo Luiz Vieira,Rorschach,Director
Rodolfo Luiz Vieira,Rorschach,Writer
Rodolfo Luiz Vieira,Rorschach,Producer
Júlio Bressane,Flashes of Critiques Metaphysical Murmurs,Director
Rodrigo Lima,Flashes of Critiques Metaphysical Murmurs,Director
Kassie Ritzel,Uma Poção de Desamor,Elenco
Mayra Rovi,Uma Poção de Desamor,Elenco
Hercules Mateus,Uma Poção de Desamor,Elenco
Lype Ayres,Uma Poção de Desamor,Elenco
Daniel Castilhos,Uma Poção de Desamor,Director
Daniel Castilhos,Uma Poção de Desamor,Writer
Jae Chang,"Iloveyou, Iloveyou, Iloveyou (...)",Elenco
Cristo Pereira,"Iloveyou, Iloveyou, Iloveyou (...)",Elenco
Ester Camiza,"Iloveyou, Iloveyou, Iloveyou (...)",Elenco
Mayara Wui,"Iloveyou, Iloveyou, Iloveyou (...)",Producer
boy princess,"Iloveyou, Iloveyou, Iloveyou (...)",Director
Filipe Valerim,O Resgate,Elenco
Elton Mesquita,O Resgate,Director
Bruno Bergamo,O Resgate,Producer
Henrique Viana,O Resgate,Director
Maria Clara Alcantara,The Miserable Life of Abigail Ventura,Elenco
Arthur Soli,The Miserable Life of Abigail Ventura,Elenco
Beatriz Ferreira,The Miserable Life of Abigail Ventura,Elenco
Lucas Farias,The Miserable Life of Abigail Ventura,Elenco
Gabriela Scherer,The Miserable Life of Abigail Ventura,Elenco
Felipe Soares,The Miserable Life of Abigail Ventura,Elenco
Maria Clara Alcantara,The Miserable Life of Abigail Ventura,Director
Arthur Soli,The Miserable Life of Abigail Ventura,Director
Beatriz Ferreira,The Miserable Life of Abigail Ventura,Director
Maria Clara Alcantara,The Miserable Life of Abigail Ventura,Writer
Lucas Farias,The Miserable Life of Abigail Ventura,Director
Arthur Soli,The Miserable Life of Abigail Ventura,Writer
Gabriela Ferreira,Stranger Mon Amour,Elenco
Amanaci Guilardi,Stranger Mon Amour,Elenco
Eve Bueno,Stranger Mon Amour,Elenco
Aurora Vieira,Stranger Mon Amour,Elenco
Eve Bueno,Stranger Mon Amour,Director
Deiviane Velho,Stranger Mon Amour,Producer
Anna Lazzeri,La candidate idéale,Elenco
Yeri Berenice Ouedraogo,La candidate idéale,Elenco
David Findlay,La candidate idéale,Elenco
Diego Benzoni,La candidate idéale,Elenco
Victoria Negreiros,La candidate idéale,Director
Clarisse Fleury,Escuro da Alma,Elenco
Fillipe Medeiros,Escuro da Alma,Director
Vitor Lopes de Sales,Escuro da Alma,Producer
Fillipe Medeiros,Escuro da Alma,Writer
Juan Paiva,De Pai Para Filho,Elenco
Miá Mello,De Pai Para Filho,Elenco
Thiago Fragoso,De Pai Para Filho,Elenco
Marco Ricca,De Pai Para Filho,Elenco
Valentina Vieira,De Pai Para Filho,Elenco
Tati Villela,De Pai Para Filho,Elenco
Pedro Cupido,De Pai Para Filho,Elenco
Pablo Sanábio,De Pai Para Filho,Elenco
Fabrício Santiago,De Pai Para Filho,Elenco
Xando Graça,De Pai Para Filho,Elenco
Charles Fricks,De Pai Para Filho,Elenco
Marcos França,De Pai Para Filho,Elenco
Paulo Halm,De Pai Para Filho,Writer
Paulo Halm,De Pai Para Filho,Director
Larissa Meyer,Ressonância Viciosa,Elenco
Lucas Marchesi,Ressonância Viciosa,Director
Filipe Bragança,Abah and His Band,Elenco
Zezé Motta,Abah and His Band,Elenco
Rafael Infante,Abah and His Band,Elenco
Robson Nunes,Abah and His Band,Elenco
Carol Valença,Abah and His Band,Elenco
Mauro Ramos,Abah and His Band,Elenco
Humberto Avelar,Abah and His Band,Director
Sílvia Fraiha,Abah and His Band,Producer
Inês Mendes,Heaven Doesn’t Know My Name,Elenco
Jamile Cazumbá,Heaven Doesn’t Know My Name,Elenco
Clara Paixão,Heaven Doesn’t Know My Name,Elenco
Heraldo de Deus,Heaven Doesn’t Know My Name,Elenco
Carol Aó,Heaven Doesn’t Know My Name,Director
Carol Aó,Heaven Doesn’t Know My Name,Writer
Bartolomeu Luiz,Heaven Doesn’t Know My Name,Producer
Emanuela Moura,Heaven Doesn’t Know My Name,Producer
Madame Odete,Quem Matou Emil?,Elenco
João Vitor Meireles,Quem Matou Emil?,Elenco
Fernanda Canto,Quem Matou Emil?,Elenco
Ana Beatriz Erthal,Quem Matou Emil?,Elenco
Marianna Moura,Quem Matou Emil?,Elenco
Dinho,Quem Matou Emil?,Elenco
Guilherme Dias,Quem Matou Emil?,Director
Artur Santos,Quem Matou Emil?,Director
Guilherme Dias,Quem Matou Emil?,Writer
Artur Santos,Quem Matou Emil?,Writer
João Vitor Meireles,Quem Matou Emil?,Writer
Aislann Sousa,Ontem na barbearia,Elenco
Ari Areia,Ontem na barbearia,Elenco
João Mabial,Ontem na barbearia,Elenco
Marcio B. Weber,Ontem na barbearia,Director
Romeu Henrique,No Fio do Destino: Mulheres e Jeans em Toritama,Director
Breno Alexandrē,"De Novo, Perdição",Elenco
Breno Alexandrē,"De Novo, Perdição",Director
Breno Alexandrē,"De Novo, Perdição",Writer
Patrick d'Assumçao,Júpiter,Elenco
Béatrice de Staël,Júpiter,Elenco
Nico Silva,Júpiter,Elenco
Raphël Thiery,Júpiter,Elenco
Carlos Segundo,Júpiter,Director
Carlos Segundo,Júpiter,Writer
Cécile Mille,Júpiter,Writer
Bruno Lisboa,Os Dias Ateus,Elenco
Victor Lampert,Os Dias Ateus,Elenco
Wilson Bueno,Os Dias Ateus,Elenco
Cleverson Petreceli,Os Dias Ateus,Elenco
João Pedro Faro,Os Dias Ateus,Director
Bruno Lisboa,Os Dias Ateus,Producer
Fernando Garrido,Pisa Ligeiro,Director
Beatriz Lopes,Dias de Camus,Elenco
Suzi Weber,Dias de Camus,Elenco
Marcos Verza,Dias de Camus,Elenco
Andressa Matos,Dias de Camus,Elenco
Gui Mallmann,Dias de Camus,Elenco
Rodrigo Grings,Dias de Camus,Elenco
Marcelo Stravalacci,Dias de Camus,Elenco
Ana Julia Teixeira,Dias de Camus,Elenco
Vitória Rodrigues,Dias de Camus,Elenco
Marvin Mallmann,Dias de Camus,Elenco
Juliano Felix,Dias de Camus,Elenco
Bruno Krieger,Dias de Camus,Elenco
Guilherme Suman,Dias de Camus,Elenco
Cecília Schroeder Catarino,Dias de Camus,Director
Cristina Pereira,The Business Women’s Club,Elenco
Grace Gianoukas,The Business Women’s Club,Elenco
Irene Ravache,The Business Women’s Club,Elenco
Ítala Nandi,The Business Women’s Club,Elenco
Louise Cardoso,The Business Women’s Club,Elenco
Polly Marinho,The Business Women’s Club,Elenco
Rafael Vitti,The Business Women’s Club,Elenco
Luis Miranda,The Business Women’s Club,Elenco
Katiuscia Canoro,The Business Women’s Club,Elenco
Shirley Cruz,The Business Women’s Club,Elenco
Helena Albergaria,The Business Women’s Club,Elenco
Maria Bopp,The Business Women’s Club,Elenco
Verônica Debom,The Business Women’s Club,Elenco
André Abujamra,The Business Women’s Club,Elenco
Tales Ordakji,The Business Women’s Club,Elenco
Nani de Oliveira,The Business Women’s Club,Elenco
Clodd Dias,The Business Women’s Club,Elenco
Anna Muylaert,The Business Women’s Club,Writer
Anna Muylaert,The Business Women’s Club,Director
Anna Muylaert,The Business Women’s Club,Producer
Mayra Lucas,The Business Women’s Club,Producer
Buckreates,Entrega,Elenco
Lucas Dalenogare,Entrega,Elenco
Leo Boff,Entrega,Elenco
Gabriel Dutra,Entrega,Elenco
Giani Maria Feijó da Costa,Entrega,Elenco
Weverton Michel Ribeiro Freitas,Entrega,Elenco
Anderson Faccini,Entrega,Elenco
Pedro Presser,Entrega,Director
Gabriel Dutra,Entrega,Writer
Gabriel Fagundes,Entrega,Writer
Luiz Azambuja,Entrega,Director
Pedro Presser,Entrega,Writer
Luiz Azambuja,Entrega,Writer
Gabriel Garcia,Entrega,Writer
Carla Cassapo,Flor,Elenco
Julia Almeida,Flor,Elenco
Duda Meneghetti,Flor,Elenco
Fernanda Roggia,Flor,Elenco
Mari Lopes,Flor,Elenco
Joana Bernardes,Flor,Director
Joana Bernardes,Flor,Writer
Patrick Arozi,Flor,Producer
Natasha Ferla,Flor,Producer
João Miguel,Estomago 2: The Cookfather,Elenco
Nicola Siri,Estomago 2: The Cookfather,Elenco
Violante Placido,Estomago 2: The Cookfather,Elenco
Paulo Miklos,Estomago 2: The Cookfather,Elenco
Giulio Beranek,Estomago 2: The Cookfather,Elenco
Marisa Laurito,Estomago 2: The Cookfather,Elenco
Guenia Lemos,Estomago 2: The Cookfather,Elenco
Marco Zenni,Estomago 2: The Cookfather,Elenco
Fábio Silvestre,Estomago 2: The Cookfather,Elenco
Giorgio Gobbi,Estomago 2: The Cookfather,Elenco
Daniele Monterosi,Estomago 2: The Cookfather,Elenco
Sidy Correa,Estomago 2: The Cookfather,Elenco
Francesco La Mantia,Estomago 2: The Cookfather,Elenco
Luiz Brambilla,Estomago 2: The Cookfather,Elenco
Otavio Linhares,Estomago 2: The Cookfather,Elenco
Francesco Bonomo,Estomago 2: The Cookfather,Elenco
Laysa Machado,Estomago 2: The Cookfather,Elenco
Rhenan Queiroz,Estomago 2: The Cookfather,Elenco
Vincent Riotta,Estomago 2: The Cookfather,Elenco
Projota,Estomago 2: The Cookfather,Elenco
Rodrigo Ferrarini,Estomago 2: The Cookfather,Elenco
Renet Lyon,Estomago 2: The Cookfather,Elenco
Altamar Cezar,Estomago 2: The Cookfather,Elenco
Wenry Bueno,Estomago 2: The Cookfather,Elenco
Moacir Leal,Estomago 2: The Cookfather,Elenco
Tiago Luz,Estomago 2: The Cookfather,Elenco
Renan Rent,Estomago 2: The Cookfather,Elenco
Stephan Cris,Estomago 2: The Cookfather,Elenco
Ronnald Pinheiro,Estomago 2: The Cookfather,Elenco
Cristiano Piacenti,Estomago 2: The Cookfather,Elenco
Gioia Grasso,Estomago 2: The Cookfather,Elenco
Gioia Grasso,Estomago 2: The Cookfather,Elenco
Alessandro Andolfo,Estomago 2: The Cookfather,Elenco
Elizeu Rolim de Moura Neto,Estomago 2: The Cookfather,Elenco
Jeff Franco,Estomago 2: The Cookfather,Elenco
Leonardo Goulart,Estomago 2: The Cookfather,Elenco
Giuseppe Villarosa,Estomago 2: The Cookfather,Elenco
Pedro Inoue,Estomago 2: The Cookfather,Elenco
Maurizio Jiritano,Estomago 2: The Cookfather,Elenco
Leonardo Mercatili,Estomago 2: The Cookfather,Elenco
Lusa Silvestre,Estomago 2: The Cookfather,Writer
Marcos Jorge,Estomago 2: The Cookfather,Director
Marcos Jorge,Estomago 2: The Cookfather,Writer
Bernardo Rennó,Estomago 2: The Cookfather,Writer
Francesco De Blasi,Estomago 2: The Cookfather,Producer
Cláudia da Natividade,Estomago 2: The Cookfather,Producer
Feliciano de Castro,Vibrações,Elenco
Gabriela Pilati,Vibrações,Elenco
Glendha Tamara Souza,Vibrações,Elenco
Ivan Silva dos Santos,Vibrações,Elenco
José Alexsandro da Silva Souza,Vibrações,Elenco
José Gilberto pereira,Vibrações,Elenco
Robson oliveira,Vibrações,Elenco
Robson Oliveira,Vibrações,Elenco
Sérgio Henrique Miranda,Vibrações,Elenco
Layra Rosa,Vibrações,Director
Rodrigo Giansante,Vibrações,Director
Isabela do Carmo,Vibrações,Producer
Guilherme Rocha,Vibrações,Director
Rodrigo Giansante,Vibrações,Producer
William Alencar,Vibrações,Director
Pedro Gouveia,Vibrações,Director
Adri Sereno,Vibrações,Director
Isabela do Carmo,Vibrações,Director
Edhen Kuhnen,Vibrações,Director
Adri Sereno,Vibrações,Writer
Layra Rosa,Vibrações,Producer
Renata Oliveira,Vibrações,Director
Edhen Kuhnen,Vibrações,Writer
William Alencar,Vibrações,Writer
Guilherme Rocha,Vibrações,Writer
Layra Rosa,Vibrações,Writer
Pedro Gouveia,Vibrações,Writer
Renata Oliveira,Vibrações,Writer
Isabela do Carmo,Vibrações,Writer
Rodrigo Giansante,Vibrações,Writer
Rycleson Rodrigues,Tardio,Elenco
Mariana Costa,Tardio,Elenco
Duda Pontes,Tardio,Elenco
Lucas Nobre,Tardio,Elenco
Marcos Fernandes,Tardio,Elenco
Thamirys Araújo,Tardio,Elenco
Igor Mota,Tardio,Director
Thamirys Araújo,Tardio,Writer
Igor Mota,Tardio,Writer
Mariana Costa,Tardio,Writer
Bruno Lobo La Loba,Tardio,Writer
Idel Oliveira,Tardio,Producer
Tiago Monteiro,Tardio,Producer
Lindiomar Ribeiro Dorea,Desconstruindo Lene,Elenco
Guilherme Maia,Desconstruindo Lene,Director
Wilson Rabelo,Linger,Elenco
Buda Lira,Linger,Elenco
Rocco Pitanga,Linger,Elenco
Thiago Kistenmacker,Linger,Director
Ana Lídia Guerrero,Linger,Producer
Ângelo Antônio,Same Old West,Elenco
Antônio Pitanga,Same Old West,Elenco
Babu Santana,Same Old West,Elenco
Adanilo,Same Old West,Elenco
Daniel Porpino,Same Old West,Elenco
Rodger Rogério,Same Old West,Elenco
Erico Rassi,Same Old West,Director
Erico Rassi,Same Old West,Writer
Cristiane Miotto,Same Old West,Producer
Lidiana Reis,Same Old West,Producer
Helena Zengel,Transamazonia,Elenco
Jeremy Xido,Transamazonia,Elenco
Sabine Timoteo,Transamazonia,Elenco
Rômulo Braga,Transamazonia,Elenco
Philipp Lavra,Transamazonia,Elenco
Hama Viera,Transamazonia,Elenco
Joao Vitor Xavante Limpeza,Transamazonia,Elenco
Esme Creed-Miles,Transamazonia,Elenco
Iwinaiwa Assurini,Transamazonia,Elenco
Pira Assurini,Transamazonia,Elenco
Fernando Loureiro,Transamazonia,Producer
Camilo Cavalcanti,Transamazonia,Producer
Jean-Marc Fröhle,Transamazonia,Producer
Christoph Friedel,Transamazonia,Producer
Tom Dercourt,Transamazonia,Producer
Alex C. Lo,Transamazonia,Producer
Chu-Ti Chang,Transamazonia,Producer
Claudia Steffen,Transamazonia,Producer
Guilherme Coelho,Transamazonia,Producer
Viviane Mendonça,Transamazonia,Producer
Stefano Centini,Transamazonia,Producer
Pierrick Baudouin,Transamazonia,Producer
Murielle Thierrin,Transamazonia,Producer
Pia Marais,Transamazonia,Director
Sophie Erbs,Transamazonia,Producer
Eduardo Moreira,"Vai Pra Cuba, Eduardo!",Elenco
Frei Betto,"Vai Pra Cuba, Eduardo!",Elenco
Aleida Guevara,"Vai Pra Cuba, Eduardo!",Elenco
Eduardo Moreira,"Vai Pra Cuba, Eduardo!",Producer
Juliana Baroni,"Vai Pra Cuba, Eduardo!",Director
Eduardo Moreira,"Vai Pra Cuba, Eduardo!",Writer
Maurício Arruda,"Vai Pra Cuba, Eduardo!",Writer
Edvana Carvalho,Fenda,Elenco
Noélia Montanhas,Fenda,Elenco
Monique Cardoso,Fenda,Elenco
Lis Paim,Fenda,Writer
Lis Paim,Fenda,Director
Davi Jaguaribe,Fenda,Producer
Lis Paim,Fenda,Producer
Luciana Vieira,Fenda,Producer
Luiza Quinteiro,Ana Cecília,Elenco
Amanda Grimaldi,Ana Cecília,Elenco
Áurea Baptista,Ana Cecília,Elenco
Márcia Cordioli,Ana Cecília,Elenco
Julia Regis,Ana Cecília,Director
João Fernando Chagas,Ana Cecília,Producer
Julia Regis,Ana Cecília,Writer
Toquinho,Toquinho Maravilhoso,Elenco
João Pecci,Toquinho Maravilhoso,Elenco
Gilberto Gil,Toquinho Maravilhoso,Elenco
Roberto Menescal,Toquinho Maravilhoso,Elenco
Rolando Boldrin,Toquinho Maravilhoso,Elenco
Maria Bethânia,Toquinho Maravilhoso,Elenco
Paulinho Nogueira,Toquinho Maravilhoso,Elenco
Camilla Faustino,Toquinho Maravilhoso,Elenco
Giulia Be,Toquinho Maravilhoso,Elenco
Chico Buarque,Toquinho Maravilhoso,Elenco
Paulo Ricardo,Toquinho Maravilhoso,Elenco
Vinicius de Moraes,Toquinho Maravilhoso,Elenco
Alex Atala,Toquinho Maravilhoso,Elenco
Antônio Carlos Jobim,Toquinho Maravilhoso,Elenco
Pepa D'Elia,Toquinho Maravilhoso,Elenco
Alejandro Berger Parrado,Toquinho Maravilhoso,Director
Valdomira Machado,Mestras,Elenco
Mestra Bigica,Mestras,Elenco
Iolanda Lopes dos Santos,Mestras,Elenco
Dona Onete,Mestras,Elenco
Aila,Mestras,Elenco
Wal Magalhães,Mestras,Elenco
Tereza Maciel,Mestras,Elenco
Sales Machado,Mestras,Elenco
Maria Flavia Machado,Mestras,Elenco
Faustino de Oliveira,Mestras,Elenco
Paulina Ribeiro de Oliveira,Mestras,Elenco
Elem Cristina Peniche,Mestras,Elenco
Maria Vitoria Peniche,Mestras,Elenco
Edmilson Ribeiro da Conceição,Mestras,Elenco
Jacó Freitas da Conceição,Mestras,Elenco
Clebson José Peniche,Mestras,Elenco
Creuza Freire,Mestras,Elenco
Cleo Modesto,Mestras,Elenco
Queila Freire,Mestras,Elenco
Maria Cristina Ramos,Mestras,Elenco
Martinha Freire,Mestras,Elenco
Maria Nilce Freire,Mestras,Elenco
Risolene Carvalho,Mestras,Elenco
Maria Feliz Freire,Mestras,Elenco
Ádria Silva Dinhão,Mestras,Elenco
Dinhão,Mestras,Elenco
José Luiz Teixeira,Mestras,Elenco
Iolani Santos Pantoja,Mestras,Elenco
Roseana de Sousa,Mestras,Elenco
Manoel Maria Espírito Santo da Cruz,Mestras,Elenco
Bendita Miranda Batista,Mestras,Elenco
Francisco da Cruz,Mestras,Elenco
Raimundo Cruz Moia,Mestras,Elenco
Raimundo dos Prazeres Moia,Mestras,Elenco
Antônio Farias Rodrigues,Mestras,Elenco
Maria das Graças Santos da Cruz,Mestras,Elenco
Ana Lúcia da Silva Cruz,Mestras,Elenco
Ana Claudia da Costa Guedes,Mestras,Elenco
Macielma Leão Cruz,Mestras,Elenco
Nair dos Prazeres,Mestras,Elenco
Aila,Mestras,Director
Roberta Carvalho,Mestras,Director
Gleide Firmino,Via Sacra,Elenco
Fabiana Balduína,Via Sacra,Elenco
Marianne Marinho,Via Sacra,Elenco
Adson Junio,Via Sacra,Elenco
João Campos,Via Sacra,Elenco
Kauã Kayodé,Via Sacra,Elenco
João Campos,Via Sacra,Director
Dira Paes,Pasárgada,Elenco
Humberto Carrão,Pasárgada,Elenco
Peter Ketnath,Pasárgada,Elenco
Cássia Kis,Pasárgada,Elenco
Ilson Gonçalves,Pasárgada,Elenco
Dira Paes,Pasárgada,Writer
Dira Paes,Pasárgada,Director
Dira Paes,Pasárgada,Producer
Pablo Baião,Pasárgada,Producer
Matheus Moura,The Yellow House,Elenco
Katia Horn,The Yellow House,Elenco
Cicero Lima,The Yellow House,Elenco
Cintia Glock,The Yellow House,Elenco
Chico Passos,The Yellow House,Elenco
Fábio Silvestre,The Yellow House,Elenco
Giovana Soar,The Yellow House,Elenco
Pedro Bonacin,The Yellow House,Elenco
Uillian Pereira,The Yellow House,Elenco
Vitor Hugo do Amaral,The Yellow House,Elenco
Adriel Nizer,The Yellow House,Writer
Adriel Nizer,The Yellow House,Director
Piêtro Fregulia,De Shangri-lá ao Castelo,Director
Vinícius Sales,De Shangri-lá ao Castelo,Producer
Caco Souza,"Velho Chico, a Alma do Povo Xokó",Director
Felipe Camargo,Filhos do Mangue,Elenco
Roney Villela,Filhos do Mangue,Elenco
Titina Medeiros,Filhos do Mangue,Elenco
Genilda Maria,Filhos do Mangue,Elenco
Thiago Justino,Filhos do Mangue,Elenco
Jeniffer Setti,Filhos do Mangue,Elenco
Luana Cavalcante,Filhos do Mangue,Elenco
Pequena Cintilante,Filhos do Mangue,Elenco
Jurema Terra,Filhos do Mangue,Elenco
Wilaneide Campos,Filhos do Mangue,Elenco
Geisla Blanco,Filhos do Mangue,Elenco
Barney Villela,Filhos do Mangue,Elenco
Arlindo do Nascimento,Filhos do Mangue,Elenco
Chico Gomes,Filhos do Mangue,Elenco
Eliane Caffé,Filhos do Mangue,Director
Beto Rodrigues,Filhos do Mangue,Producer
Luís Alberto de Abreu,Filhos do Mangue,Writer
Fernando Muniz,Filhos do Mangue,Producer
Alysson M. Mussolin,NEURASTENIA ESCALAFOBÉTICA,Elenco
Gustavo Borges,NEURASTENIA ESCALAFOBÉTICA,Elenco
Ana Laura Negro,NEURASTENIA ESCALAFOBÉTICA,Elenco
Davi Meisu,NEURASTENIA ESCALAFOBÉTICA,Elenco
Arthur R. S.,NEURASTENIA ESCALAFOBÉTICA,Elenco
Alysson M. Mussolin,NEURASTENIA ESCALAFOBÉTICA,Writer
Ana Laura Negro,NEURASTENIA ESCALAFOBÉTICA,Writer
Arthur R. S.,NEURASTENIA ESCALAFOBÉTICA,Writer
Gustavo Borges,NEURASTENIA ESCALAFOBÉTICA,Writer
Davi Meisu,NEURASTENIA ESCALAFOBÉTICA,Writer
Arthur R. S.,NEURASTENIA ESCALAFOBÉTICA,Director
Gustavo Borges,NEURASTENIA ESCALAFOBÉTICA,Director
Davi Meisu,NEURASTENIA ESCALAFOBÉTICA,Director
Ana Laura Negro,NEURASTENIA ESCALAFOBÉTICA,Director
Alysson M. Mussolin,NEURASTENIA ESCALAFOBÉTICA,Director
Amara Hartmann,Uma das Marias,Elenco
Paloma Rodrigues,Uma das Marias,Elenco
Amara Hartmann,Uma das Marias,Producer
Paloma Rodrigues,Uma das Marias,Producer
Luca Scupino,Uma das Marias,Director
Clarice Niskier,Clarice Niskier: Teatro dos Pés à Cabeça,Elenco
Domingos de Oliveira,Clarice Niskier: Teatro dos Pés à Cabeça,Elenco
Amir Haddad,Clarice Niskier: Teatro dos Pés à Cabeça,Elenco
Eduardo Wotzik,Clarice Niskier: Teatro dos Pés à Cabeça,Elenco
Antonio Pedro,Clarice Niskier: Teatro dos Pés à Cabeça,Elenco
João Kleber,Clarice Niskier: Teatro dos Pés à Cabeça,Elenco
Pedro Cardoso,Clarice Niskier: Teatro dos Pés à Cabeça,Elenco
José Maria Braga,Clarice Niskier: Teatro dos Pés à Cabeça,Elenco
Nilton Bonder,Clarice Niskier: Teatro dos Pés à Cabeça,Elenco
Vitor Niskier Braga,Clarice Niskier: Teatro dos Pés à Cabeça,Elenco
Elias Andreato,Clarice Niskier: Teatro dos Pés à Cabeça,Elenco
Renata Paschoal,Clarice Niskier: Teatro dos Pés à Cabeça,Director
JP Faceto,O Além da Porta,Elenco
Matteo Finazzi,O Além da Porta,Elenco
Jean Cruz,O Além da Porta,Elenco
ELK,O Além da Porta,Writer
ELK,O Além da Porta,Director
Pietra Quintela,Sleeping Princess,Elenco
Maisa Silva,Sleeping Princess,Elenco
Guilherme Cabral,Sleeping Princess,Elenco
Lívia Silva,Sleeping Princess,Elenco
Patrícia França,Sleeping Princess,Elenco
Juliana Knust,Sleeping Princess,Elenco
Leopoldo Rodriguez,Sleeping Princess,Elenco
Cláudio Mendes,Sleeping Princess,Elenco
Aramis Trindade,Sleeping Princess,Elenco
René Stern,Sleeping Princess,Elenco
Ju Colombo,Sleeping Princess,Elenco
Paulo Américo,Sleeping Princess,Elenco
Ralf Itzel,Sleeping Princess,Elenco
Dayse Pozato,Sleeping Princess,Elenco
Gabrielle Farias,Sleeping Princess,Elenco
Cristian Athayde,Sleeping Princess,Elenco
Mara Lobão,Sleeping Princess,Producer
Rodrigo Montenegro,Sleeping Princess,Producer
Cláudio Boeckel,Sleeping Princess,Director
Bruno Garotti,Sleeping Princess,Writer
Marcelo Saback,Sleeping Princess,Writer
Gabriel Leone,Barba Ensopada de Sangue,Elenco
Thainá Duarte,Barba Ensopada de Sangue,Elenco
Roberto Birindelli,Barba Ensopada de Sangue,Elenco
Ivo Müller,Barba Ensopada de Sangue,Elenco
Ricardo Blat,Barba Ensopada de Sangue,Elenco
Teca Pereira,Barba Ensopada de Sangue,Elenco
Charlie Pergentini,Barba Ensopada de Sangue,Elenco
Ari Willians,Barba Ensopada de Sangue,Elenco
Aly Muritiba,Barba Ensopada de Sangue,Director
Aly Muritiba,Barba Ensopada de Sangue,Writer
Jessica Sato,Barba Ensopada de Sangue,Writer
Rodrigo Teixeira,Barba Ensopada de Sangue,Producer
Lourenço Sant'Anna,Barba Ensopada de Sangue,Producer
Alex Dombrova,Patrulha Noturna: O ET de Itaperopemba,Elenco
Alex Dombrova,Patrulha Noturna: O ET de Itaperopemba,Director
Alex Dombrova,Patrulha Noturna: O ET de Itaperopemba,Writer
Alex Dombrova,Patrulha Noturna: O ET de Itaperopemba,Producer
Daigo Allebrandt,Magic Island - 5th Anniversary Special,Elenco
Matteo Mazzon,Magic Island - 5th Anniversary Special,Elenco
João Vitor Sluminski,Magic Island - 5th Anniversary Special,Elenco
Thomas Machri,Magic Island - 5th Anniversary Special,Elenco
Miguel Magno,Magic Island - 5th Anniversary Special,Elenco
Tiago Sottomaior Saccenti,Magic Island - 5th Anniversary Special,Elenco
Lara Apolinário,Magic Island - 5th Anniversary Special,Elenco
Luana Beatriz,Magic Island - 5th Anniversary Special,Elenco
Lara Schweitzer,Magic Island - 5th Anniversary Special,Elenco
Júlia Guastaferro,Magic Island - 5th Anniversary Special,Elenco
Lorene Nascimento,Magic Island - 5th Anniversary Special,Elenco
Lorene Nascimento,Magic Island - 5th Anniversary Special,Director
Laura Eliza,Magic Island - 5th Anniversary Special,Director
Izaaaki,Cidade Ruína,Director
Mabi Sousa,Cidade Ruína,Director
Izaaaki,Cidade Ruína,Producer
Izaaaki,Cidade Ruína,Writer
Mabi Sousa,Cidade Ruína,Writer
Mabi Sousa,Cidade Ruína,Producer
Vitor Matos,Apenas Uma Sacola de Plástico,Elenco
Luan Oliveira,Apenas Uma Sacola de Plástico,Director
Luan Oliveira,Apenas Uma Sacola de Plástico,Writer
Luan Oliveira,Apenas Uma Sacola de Plástico,Producer
Elisa Giacomelli,O Verbo,Elenco
Brisa Abreu,O Verbo,Elenco
Juliana Craveiro,O Verbo,Director
Lucas Souto,O Verbo,Director
Lucas Souto,O Verbo,Writer
Charlie Pergentini,Three in the afternoon,Elenco
Emanuel Caldin,Three in the afternoon,Elenco
Igor Ferreira dos Santos,Three in the afternoon,Elenco
Rhuan Vila,Three in the afternoon,Elenco
Jhow Costa,Three in the afternoon,Elenco
Emanuel Caldin,Three in the afternoon,Director
Jhow Costa,Three in the afternoon,Director
Charlie Pergentini,Three in the afternoon,Director
Evellyn Pereira,Three in the afternoon,Director
Emilly Pereira,Three in the afternoon,Director
Emanuel Caldin,Three in the afternoon,Writer
Charlie Pergentini,Three in the afternoon,Writer
Rhuan Vila,Three in the afternoon,Director
Igor Ferreira dos Santos,Three in the afternoon,Director
Duda Navas,Three in the afternoon,Director
Jorge Tibilletti,Asas do Desespero,Elenco
Rebeca Capozzi,Asas do Desespero,Producer
Jorge Tibilletti,Asas do Desespero,Producer
Jorge Tibilletti,Asas do Desespero,Director
Gero Camilo,Poemaria,Elenco
Marília Gabriela,Poemaria,Elenco
Claire Feliz Regina,Poemaria,Elenco
Marcelino Freire,Poemaria,Elenco
Fause Haten,Poemaria,Elenco
Nilton Bicudo,Poemaria,Elenco
Martha Nowill,Poemaria,Elenco
Ignácio de Loyola Brandão,Poemaria,Elenco
Hamilton Faria,Poemaria,Elenco
Clarisse Abujamra,Poemaria,Elenco
Tayla Fernandes,Poemaria,Elenco
Jean Wyllys,Poemaria,Elenco
Rosaly Papadopol,Poemaria,Elenco
Nany People,Poemaria,Elenco
Adelia Prado,Poemaria,Elenco
Ana Cláudia Quintana Arantes,Poemaria,Elenco
Alexandre Borges,Poemaria,Elenco
Paula Cohen,Poemaria,Elenco
Leona Cavalli,Poemaria,Elenco
Guta Ruiz,Poemaria,Elenco
Rosana Banharoli,Poemaria,Elenco
Ingrid Morandian,Poemaria,Elenco
Jorge Emil,Poemaria,Elenco
Paula Valéria Andrade,Poemaria,Elenco
Davi Kinski,Poemaria,Director
Diego Müller,Infinimundo,Director
Bruno Martins,Infinimundo,Director
Paulo Matos,"Tarde demais, meu amor",Elenco
Larissa Sanches,"Tarde demais, meu amor",Elenco
Marrara Mara,"Tarde demais, meu amor",Elenco
Paula Negri,"Tarde demais, meu amor",Elenco
Pedro Favaro,"Tarde demais, meu amor",Elenco
Eduardo Savella,"Tarde demais, meu amor",Elenco
Nautilio Portela,"Tarde demais, meu amor",Elenco
Christofer Pallu,"Tarde demais, meu amor",Elenco
Aramis Cruz,"Tarde demais, meu amor",Elenco
David Formiga,"Tarde demais, meu amor",Elenco
Christofer Pallu,"Tarde demais, meu amor",Producer
André Faria,"Tarde demais, meu amor",Producer
Leonardo Otto,"Tarde demais, meu amor",Producer
Fernando Costa,"Tarde demais, meu amor",Producer
Christofer Pallu,"Tarde demais, meu amor",Writer
Christofer Pallu,"Tarde demais, meu amor",Director
Gabriela Correa,Virgínia e Adelaide,Elenco
Sophie Charlotte,Virgínia e Adelaide,Elenco
Jorge Furtado,Virgínia e Adelaide,Writer
Yasmin Thayná,Virgínia e Adelaide,Director
Jorge Furtado,Virgínia e Adelaide,Director
Nora Goulart,Virgínia e Adelaide,Producer
Saor Sax,Fugue,Elenco
Valentina Linares Gonzalez,Fugue,Elenco
Bénédicte Liénard,Fugue,Director
Mary Jimenez Freeman-Morris,Fugue,Director
Hanne Phlypo,Fugue,Producer
Prettojoão,O Homem Que Não Sabia Amar,Elenco
Alecrim,O Homem Que Não Sabia Amar,Elenco
Polly Viana,O Homem Que Não Sabia Amar,Elenco
Claudia Gomes,O Homem Que Não Sabia Amar,Elenco
Deidade da Vila,O Homem Que Não Sabia Amar,Elenco
Xlôbs Casarisi,O Homem Que Não Sabia Amar,Elenco
Ada Gabriela,O Homem Que Não Sabia Amar,Elenco
Mosquito,O Homem Que Não Sabia Amar,Elenco
Brenda Ferreira,O Homem Que Não Sabia Amar,Elenco
JãoMarx,O Homem Que Não Sabia Amar,Elenco
Thami Guapeva,O Homem Que Não Sabia Amar,Elenco
Ava,O Homem Que Não Sabia Amar,Writer
Ava,O Homem Que Não Sabia Amar,Director
Nika,O Homem Que Não Sabia Amar,Director
Pedro Geraldo,Between Earth and Sky,Elenco
Amir Shams,Between Earth and Sky,Director
Wender Zanon,Ensaios sobre uma cidade,Director
Wender Zanon,Ensaios sobre uma cidade,Writer
Pedro Rheinheimer,Ensaios sobre uma cidade,Writer
Mônica Sucupira,Meu Bem Querer,Director
João Barim,Meu Bem Querer,Writer
Tika Tiritilli,Meu Bem Querer,Writer
Mônica Sucupira,Meu Bem Querer,Writer
Tatiele Prestes,Eu me tornei outra coisa,Elenco
Tatiana Adami,Eu me tornei outra coisa,Elenco
Danielly de Oliveira,Eu me tornei outra coisa,Elenco
Danielly de Oliveira,Eu me tornei outra coisa,Director
Daiane Pereira Rodrigues,Eu me tornei outra coisa,Producer
Ísis Saraiva,Reflexo do Eu,Elenco
Ísis Saraiva,Reflexo do Eu,Director
Mariana Castro,Reflexo do Eu,Director
Bruna Accioly,Reflexo do Eu,Writer
Alice Faria,Reflexo do Eu,Producer
Sávio Cardoso,Barquinho,Elenco
Flávio Pardal,Barquinho,Elenco
Sonia Leite,Barquinho,Elenco
Adila Naves,Barquinho,Elenco
Alexandre Fortes,Barquinho,Elenco
Henrique Zamith,Barquinho,Elenco
Livia Molica,Barquinho,Elenco
John Brenner,Barquinho,Elenco
Gugu Seabra,Barquinho,Elenco
Maria Flor Lobo,Barquinho,Elenco
Benjamin Palermo,Barquinho,Elenco
Rone Wulff,Barquinho,Director
Rone Wulff,Barquinho,Writer
Cris Vale,Barquinho,Producer
Silvio Santos,Silvio Santos: Vale Mais Que Dinheiro!,Elenco
Patrícia Abravanel,Silvio Santos: Vale Mais Que Dinheiro!,Elenco
Tiago Abravanel,Silvio Santos: Vale Mais Que Dinheiro!,Elenco
Silvia Abravanel,Silvio Santos: Vale Mais Que Dinheiro!,Elenco
Íris Abravanel,Silvio Santos: Vale Mais Que Dinheiro!,Elenco
Celso Portiolli,Silvio Santos: Vale Mais Que Dinheiro!,Elenco
Anthony França Brown,Gota,Director
José Antonio Botta,The Story and Forgiveness of José and Maria,Elenco
Maria Lima Botta,The Story and Forgiveness of José and Maria,Elenco
Fabiana Aparecida Lima Botta,The Story and Forgiveness of José and Maria,Elenco
Fábio Alexandre Botta,The Story and Forgiveness of José and Maria,Elenco
Victor B Amaro,The Story and Forgiveness of José and Maria,Director
Lucia Paiacu Tabajara,Diga ao povo que avance,Elenco
Evelyn Freitas,Diga ao povo que avance,Director
Valdeci dos Santos,Diga ao povo que avance,Producer
Gabriela Rueda,Smoochie,Elenco
Gabriela Sugui,Smoochie,Elenco
Gabriela Lois,Smoochie,Elenco
Giordano Gadelha,Smoochie,Director
Beatriz Costa,Smoochie,Producer
Rafaela de Oliveira,Smoochie,Producer
Kelvin Almeida,Smoochie,Producer
Giordano Gadelha,Smoochie,Writer
Marlon Carvalho,Smoochie,Writer
João Honda,Smoochie,Writer
Felipe Amorim,Smoochie,Writer
Regina Akiyama,Monomania,Elenco
Lisa Soares,Monomania,Director
Mariana Botelho,Monomania,Producer
Lisa Soares,Monomania,Writer
Rodrigo Gallo,Inspetor Gallo e o Rapto da Garota de Sanja City,Elenco
Juliana Seabra,Inspetor Gallo e o Rapto da Garota de Sanja City,Elenco
Bella Oliveira,Inspetor Gallo e o Rapto da Garota de Sanja City,Elenco
Daniel Skrip,Inspetor Gallo e o Rapto da Garota de Sanja City,Elenco
Jorge Júlio,Inspetor Gallo e o Rapto da Garota de Sanja City,Elenco
Simone Sobreda,Inspetor Gallo e o Rapto da Garota de Sanja City,Elenco
Rosa Guimarães,Inspetor Gallo e o Rapto da Garota de Sanja City,Elenco
Morgana Loren,Inspetor Gallo e o Rapto da Garota de Sanja City,Elenco
Carlos Rosa,Inspetor Gallo e o Rapto da Garota de Sanja City,Elenco
Romulo Scarinni,Inspetor Gallo e o Rapto da Garota de Sanja City,Elenco
Tarcísio Reis,Inspetor Gallo e o Rapto da Garota de Sanja City,Elenco
Wander Moliani,Inspetor Gallo e o Rapto da Garota de Sanja City,Elenco
Vinicius Nascimento,Inspetor Gallo e o Rapto da Garota de Sanja City,Elenco
Michele Galatti,Inspetor Gallo e o Rapto da Garota de Sanja City,Elenco
BR Gabs,Inspetor Gallo e o Rapto da Garota de Sanja City,Elenco
Larissa Harmônica,Inspetor Gallo e o Rapto da Garota de Sanja City,Elenco
Sabrina Pimentel,Inspetor Gallo e o Rapto da Garota de Sanja City,Elenco
Leila Abrantes,Inspetor Gallo e o Rapto da Garota de Sanja City,Elenco
Daniella Peneluppi,Inspetor Gallo e o Rapto da Garota de Sanja City,Elenco
Christinny Houston,Inspetor Gallo e o Rapto da Garota de Sanja City,Elenco
Renato Dutra,Inspetor Gallo e o Rapto da Garota de Sanja City,Elenco
Layane Veruske,Inspetor Gallo e o Rapto da Garota de Sanja City,Elenco
Trycia Mello,Inspetor Gallo e o Rapto da Garota de Sanja City,Elenco
Suelen Souza,Inspetor Gallo e o Rapto da Garota de Sanja City,Elenco
Emilyn Vaqueira,Inspetor Gallo e o Rapto da Garota de Sanja City,Elenco
Gabriela Gomes,Inspetor Gallo e o Rapto da Garota de Sanja City,Elenco
Rodolfo Mariano da Silva,Inspetor Gallo e o Rapto da Garota de Sanja City,Elenco
Tahira Marranch,Inspetor Gallo e o Rapto da Garota de Sanja City,Elenco
Vanessa Esmer,Inspetor Gallo e o Rapto da Garota de Sanja City,Elenco
Sol Bellydancer,Inspetor Gallo e o Rapto da Garota de Sanja City,Elenco
Maree Souza,Inspetor Gallo e o Rapto da Garota de Sanja City,Elenco
Karen Cristine,Inspetor Gallo e o Rapto da Garota de Sanja City,Elenco
Rebeka Souza,Inspetor Gallo e o Rapto da Garota de Sanja City,Elenco
Fernanda Leal,Inspetor Gallo e o Rapto da Garota de Sanja City,Elenco
Ewerton Melo,Inspetor Gallo e o Rapto da Garota de Sanja City,Elenco
Priscilla Vierros,Inspetor Gallo e o Rapto da Garota de Sanja City,Elenco
Guilherme Gaioso,Inspetor Gallo e o Rapto da Garota de Sanja City,Elenco
Danilo Morales,Inspetor Gallo e o Rapto da Garota de Sanja City,Director
Rodrigo Gallo,Inspetor Gallo e o Rapto da Garota de Sanja City,Writer
Danilo Morales,Inspetor Gallo e o Rapto da Garota de Sanja City,Writer
Denilza Aparecida,Inspetor Gallo e o Rapto da Garota de Sanja City,Producer
Priscilla Vierros,Inspetor Gallo e o Rapto da Garota de Sanja City,Producer
Suelen Souza,Inspetor Gallo e o Rapto da Garota de Sanja City,Producer
Bruna Gonçalves,Inspetor Gallo e o Rapto da Garota de Sanja City,Producer
Yannis Martins,Inspirais,Elenco
Beatriz Filier,Inspirais,Elenco
Rafael Bagnara,Inspirais,Director
Moana Raquel,A Viagem Está Sendo Gravada,Elenco
Jennifer Pauline,A Viagem Está Sendo Gravada,Elenco
Piel Amorim,A Viagem Está Sendo Gravada,Elenco
Vitor Marrom Silva,A Viagem Está Sendo Gravada,Elenco
Carllos Daniel,A Viagem Está Sendo Gravada,Elenco
Ana Lívia,A Viagem Está Sendo Gravada,Elenco
Cinthia Ribeiro,A Viagem Está Sendo Gravada,Elenco
Matheus Barros,A Viagem Está Sendo Gravada,Elenco
Lucas Silva,A Viagem Está Sendo Gravada,Director
Eduardo Nascimento,Observações do Dr. Cânhamo,Elenco
Eduardo Nascimento,Observações do Dr. Cânhamo,Director
Eduardo Nascimento,Observações do Dr. Cânhamo,Producer
Sophia Cabral,ENXAQUECA,Elenco
Eugênia Dantas,ENXAQUECA,Elenco
Lucas Bonifácio,ENXAQUECA,Elenco
Sabrina Sandy,ENXAQUECA,Elenco
Heron Condor,ENXAQUECA,Director
Marta narciso,Cabeça de fogo,Elenco
Lidiana Reis,Cabeça de fogo,Director
Gabriela Marinho,Cabeça de fogo,Producer
Marta narciso,Cabeça de fogo,Producer
Karol Justino,Cine-Guarany,Elenco
Augusto Neto,Cine-Guarany,Elenco
Karol Justino,Cine-Guarany,Director
Jacitânia Lopes,Cine-Guarany,Producer
Ana Nunes,Facção,Elenco
Márcio Maracajá,Facção,Elenco
Rayanna Barros,Facção,Elenco
Henrique Corrêa,Facção,Director
Guilherme Alvernaz,O Menino Monstro,Director
Paulo Pisano,17120-000,Elenco
Sillas Carlos,17120-000,Elenco
Kaylane Faria,17120-000,Elenco
Laura Coletta,17120-000,Elenco
Maria Aparecida Alves,17120-000,Elenco
Ana Andreotti,17120-000,Elenco
Alexis Stein Sodré,17120-000,Elenco
Patricia Pisano,17120-000,Elenco
Roger Martins,17120-000,Elenco
Elyhan Nicolielo,17120-000,Elenco
Julio Martins,17120-000,Elenco
Roberta Calixto,17120-000,Elenco
Rafaela Teodoro,17120-000,Elenco
Eduardo Abreu,17120-000,Elenco
João Andreotti,17120-000,Elenco
Gabriel Bino,17120-000,Elenco
Felipe Cremonez,17120-000,Elenco
Giovani Felippe,17120-000,Elenco
Lays Eufrasino,17120-000,Elenco
Paulo Pisano,17120-000,Writer
Sillas Carlos,17120-000,Writer
Sillas Carlos,17120-000,Director
Paulo Pisano,17120-000,Director
Joel Junior,"But, I am",Elenco
Bruna Vasconcelos,"But, I am",Elenco
Luiz Lang,"But, I am",Elenco
Joel Junior,"But, I am",Writer
Joel Junior,"But, I am",Director
Vitória Cribb,BUGS,Writer
Vitória Cribb,BUGS,Director
Luz Calazans,Thor,Elenco
Luz Calazans,Thor,Director
Hudson Batista,Mandinga de Gorila,Elenco
Vânia Cristina,Mandinga de Gorila,Elenco
Gabriel Gonçalves,Mandinga de Gorila,Elenco
Francisco Isaias,Mandinga de Gorila,Elenco
Luzé,Mandinga de Gorila,Director
Juliana Gonçalves,Mandinga de Gorila,Director
Marina Meliande,Mandinga de Gorila,Producer
Delfina Facio,Las Cenizas Están Quemando,Writer
Lucas Leônidas,Las Cenizas Están Quemando,Director
Lucas Leônidas,Las Cenizas Están Quemando,Writer
Anna Lu Machado,Galega,Director
Anna Lu Machado,Galega,Writer
Noan Arouche,Galega,Director
Lucas Eskinazi,Festa É Guerra,Director
Claudio Sebastião,Tá fotografando o quê?,Elenco
Isabella Teixeira,Tá fotografando o quê?,Elenco
Amadeo Alvaréz,Tá fotografando o quê?,Elenco
Matheus Gama,Tá fotografando o quê?,Elenco
Gabriel Paes,Tá fotografando o quê?,Elenco
Matheus Gama,Tá fotografando o quê?,Writer
Gabriel Paes,Tá fotografando o quê?,Director
Gabriel Paes,Tá fotografando o quê?,Writer
Eleonora Santa Rosa,"Cristina, 1300 - Affonso Ávila - Homem ao termo",Director
Gabriela Correa,Três,Elenco
João Campos,Três,Elenco
Lila Foster,Três,Director
Daniela Marinho,Três,Producer
Lila Foster,Três,Writer
Thainá Duarte,2Brasis,Elenco
Gilda Nomacce,2Brasis,Elenco
Paulo Miklos,2Brasis,Elenco
Helder Fruteira,2Brasis,Director
Carol Aó,2Brasis,Director
Vinicius Neri,KM 100,Elenco
Teka Romualdo,KM 100,Elenco
Davi Lima,KM 100,Elenco
Nádia Bittencourt,KM 100,Elenco
Valdo Boaventura,KM 100,Elenco
Marco Bueno,KM 100,Producer
Lucas Ribeiro,KM 100,Director
Sofia Gullane,KM 100,Producer
Gabriela Saragosa,KM 100,Producer
Lucas Ribeiro,KM 100,Writer
Helena Knopp,Jardim da Imagem,Elenco
Lucas Sperb,Jardim da Imagem,Elenco
Otávio Nunes,Jardim da Imagem,Elenco
Helena Lamerão,Jardim da Imagem,Elenco
Theo Calvette,Jardim da Imagem,Elenco
Isabela Guedes,Jardim da Imagem,Elenco
Guilherme Amado,Jardim da Imagem,Director
Guilherme Rodio,Batalha de Flores,Elenco
Marcélia Cartaxo,Batalha de Flores,Elenco
Thadeu Matos,Batalha de Flores,Elenco
Barbara Barcala,Batalha de Flores,Elenco
Rafael Lozano,Batalha de Flores,Elenco
Eucir de Souza,Batalha de Flores,Elenco
Luis Villaverde,Batalha de Flores,Director
Moira Soares,Batalha de Flores,Director
Ariel Lara,You Don't Have To Apologize,Elenco
Hugo Affonso,You Don't Have To Apologize,Elenco
João Prata,You Don't Have To Apologize,Elenco
JP Faceto,You Don't Have To Apologize,Elenco
Bruno Fanin,You Don't Have To Apologize,Elenco
Franco Cavezale,You Don't Have To Apologize,Director
Vinneh Mac,Noite dos Manos,Elenco
Antônio Ruiz,Noite dos Manos,Elenco
Arthur Cezar,Noite dos Manos,Elenco
Misael Monteiro,Noite dos Manos,Elenco
J. Júnio,Noite dos Manos,Elenco
Vinneh Mac,Noite dos Manos,Producer
Arthur Cezar,Noite dos Manos,Producer
J. Júnio,Noite dos Manos,Producer
Antônio Ruiz,Noite dos Manos,Producer
Misael Monteiro,Noite dos Manos,Producer
Arthur Cezar,Noite dos Manos,Director
J. Júnio,Noite dos Manos,Director
Vinneh Mac,Noite dos Manos,Director
Antônio Ruiz,Noite dos Manos,Director
Misael Monteiro,Noite dos Manos,Director
Jotacê Cardoso,Memórias da Ditadura no Oeste Paulista,Elenco
Hilton Nogueira Ferreira (Tinho),Memórias da Ditadura no Oeste Paulista,Elenco
Mauro Bragato,Memórias da Ditadura no Oeste Paulista,Elenco
Valentina Tereshkova Romeiro,Memórias da Ditadura no Oeste Paulista,Elenco
Claudio Oliveira,Memórias da Ditadura no Oeste Paulista,Director
Matheus Maturano,Memórias da Ditadura no Oeste Paulista,Writer
Matheus Maturano,Memórias da Ditadura no Oeste Paulista,Director
Denilson Amorim,Talvez Eu Deva Falar,Director
Denilson Amorim,Talvez Eu Deva Falar,Writer
Raul Perez,Starlit,Writer
Raul Perez,Starlit,Director
Rogério Borges,Para Onde Vão Os Animais,Director
Rogério Borges,Para Onde Vão Os Animais,Writer
Priscila Nascimento,Meu Amigo Pedro Mixtape,Writer
Lincoln Péricles,Meu Amigo Pedro Mixtape,Director
Lincoln Péricles,Meu Amigo Pedro Mixtape,Writer
Fábio Rogério,Este Cinema Tão Augusta,Director
Fábio Rogério,Este Cinema Tão Augusta,Writer
Agatha Silva,Se Eu Fosse Eu,Elenco
Ana Júlia Colares,Se Eu Fosse Eu,Elenco
Bia Ávila,Se Eu Fosse Eu,Elenco
Bianca Brabo,Se Eu Fosse Eu,Elenco
Jully Lima,Se Eu Fosse Eu,Elenco
Bárbara Palheta,Se Eu Fosse Eu,Director
Mari Correa,Se Eu Fosse Eu,Producer
NAYA,Se Eu Fosse Eu,Producer
Raphael Mendes,Se Eu Fosse Eu,Producer
Daniel Ricardo,No céu não tem caldo de cana,Elenco
Cauan Fagundes,No céu não tem caldo de cana,Elenco
Vinícius Gomes,No céu não tem caldo de cana,Elenco
Maye,No céu não tem caldo de cana,Elenco
Daniel Ricardo,No céu não tem caldo de cana,Writer
Cauan Fagundes,No céu não tem caldo de cana,Producer
Daniel Ricardo,No céu não tem caldo de cana,Director
Diego Montez,Birthright,Elenco
Yohan Levy,Birthright,Elenco
Analú Prestes,Birthright,Elenco
Cristina Pereira,Birthright,Elenco
Luiza Kosovski,Birthright,Elenco
Ana Carbatti,Birthright,Elenco
Jimmy London,Birthright,Elenco
Gilda Nomacce,Birthright,Elenco
João Cândido Zacharias,Birthright,Director
João Cândido Zacharias,Birthright,Writer
Fernando Toste,Birthright,Writer
Tatiana Leite,Birthright,Producer
Mukunan Katu,Mukunan Shaman Apprentice,Elenco
Cacique Luiz Katu Mukunan Katu,Mukunan Shaman Apprentice,Elenco
Rodrigo Sena,Mukunan Shaman Apprentice,Director
Clarisse Kubrusly,Mukunan Shaman Apprentice,Producer
Marieta Rios,Praia Dos Crush,Director
Julia Faraco,Poéticas da Fotossíntese,Director
Thiago Maurício Moreira Ernesto,Entrevista com Zombie Jackson,Elenco
Pedro Lucas Freidman Ferreira,Entrevista com Zombie Jackson,Elenco
Giovanna Catharine da Silva Caiado Leitão,Entrevista com Zombie Jackson,Elenco
Vitor Bioni,Entrevista com Zombie Jackson,Director
l.gabriel,O Fantasma Da Janela ao Lado,Elenco
l.gabriel,O Fantasma Da Janela ao Lado,Director
Gab Lourenzato,"Toc Toc, A Mudança Bate A Sua Porta",Director
Rafael Santiago,Kaminhada,Director
Carlos Lucas,Kaminhada,Director
Harold Granado,Kaminhada,Director
Leonardo de Castro,Macário,Elenco
Adriano Chastel,Macário,Elenco
Karen Centurion,Macário,Elenco
Vitoria Évergin,Macário,Elenco
Felipe Feitosa,Macário,Writer
Felipe Feitosa,Macário,Director
Luan Lessa,A Última Positiva,Director
Luan Lessa,A Última Positiva,Writer
Camila Silva,2200 - Novo Mundo,Writer
Camila Silva,2200 - Novo Mundo,Director
Gabriela Maria,2200 - Novo Mundo,Writer
Nath Rodrigues,Apartamento de Duas,Elenco
Isadora Reis,Apartamento de Duas,Elenco
Carol Oliveira,Apartamento de Duas,Elenco
Rejane Faria,Apartamento de Duas,Elenco
Ieda Lagos,Apartamento de Duas,Director
Felipe Vignoli,Apartamento de Duas,Director
Erom Cordeiro,A Howling Carnival,Elenco
Matheus Macena,A Howling Carnival,Elenco
Vinicius Teixeira,A Howling Carnival,Elenco
Ricardo Santos,A Howling Carnival,Elenco
Guilherme Alves,A Howling Carnival,Elenco
Jahir Macedo,A Howling Carnival,Elenco
Pedro Oliveira,A Howling Carnival,Elenco
Wil Freitas,A Howling Carnival,Elenco
Marcelo Prosdocimi,A Howling Carnival,Elenco
Eduardo Cantarino,A Howling Carnival,Elenco
Danilo Canindé,A Howling Carnival,Elenco
Henrique Ludgério,A Howling Carnival,Elenco
Amarildo Moraes,A Howling Carnival,Elenco
Daniel Wierman,A Howling Carnival,Elenco
Mattheus Servo,A Howling Carnival,Elenco
Preto Viana,A Howling Carnival,Elenco
João Pedro Galiza,A Howling Carnival,Elenco
Victor Santtana,A Howling Carnival,Elenco
Wallace Lau,A Howling Carnival,Elenco
Giovani Barros,A Howling Carnival,Director
Marina Meliande,A Howling Carnival,Producer
Felipe Bragança,A Howling Carnival,Producer
Juliana Pamplona,Kings,Director
Flávia Oliveira,Vestido Branco com Listras Vermelhas,Elenco
Larissa Rodrigues,Vestido Branco com Listras Vermelhas,Elenco
Eme Stone,Vestido Branco com Listras Vermelhas,Elenco
Miltim,Vestido Branco com Listras Vermelhas,Elenco
Gabriel Vieira,Vestido Branco com Listras Vermelhas,Elenco
Sil Mahin,Vestido Branco com Listras Vermelhas,Elenco
Laura di Santo,Vestido Branco com Listras Vermelhas,Elenco
Monique Rocha,Vestido Branco com Listras Vermelhas,Elenco
Gisela di Rocha,Vestido Branco com Listras Vermelhas,Elenco
Adriano Testa Bernadi,Vestido Branco com Listras Vermelhas,Elenco
Matheus Gotti,Vestido Branco com Listras Vermelhas,Elenco
Nicolly Leonel,Vestido Branco com Listras Vermelhas,Elenco
Wen D Johnson,Vestido Branco com Listras Vermelhas,Director
Wen D Johnson,Vestido Branco com Listras Vermelhas,Writer
Iara Magalhães,Vestido Branco com Listras Vermelhas,Producer
Tarsila Cury,Melodrama,Elenco
Maloni Meira,Melodrama,Director
Weslley Dreger,Melodrama,Producer
Weslley Dreger,Sobre Cigarros e Café,Elenco
Israel Junior,Sobre Cigarros e Café,Elenco
Victor Gouvêa,Sobre Cigarros e Café,Director
Isabella Alves,Sobre Cigarros e Café,Writer
Giulia Nunes,Sobre Cigarros e Café,Producer
Marina Gallet,007 - Genderbond,Elenco
Camila Lorenci,007 - Genderbond,Producer
Evelyn Bolzan,007 - Genderbond,Director
Maloni Meira,Reencontro,Elenco
Isabela West,Reencontro,Elenco
Nicholas Cotrim,Reencontro,Director
Marina Gallet,Reencontro,Producer
Daniela Schmitz,Chibo,Elenco
Gabriela Poester,Chibo,Writer
Henrique Lahude,Chibo,Director
Gabriela Poester,Chibo,Director
Henrique Lahude,Chibo,Writer
Clemente Viscaíno,Janeiro,Elenco
Nelson Diniz,Janeiro,Elenco
Angelo Sergio,Janeiro,Elenco
Boca Migotto,Janeiro,Writer
Boca Migotto,Janeiro,Director
João Luiz Feres,Homem X,Elenco
Mateus Kawa,Homem X,Elenco
Izabelle Vasquez,Homem X,Elenco
Bruno Jean,Homem X,Elenco
Maria Eduarda Martins,Homem X,Elenco
João Diniz,Homem X,Elenco
Maria Eduarda Goldschmit,Homem X,Elenco
Mariane Froes,Homem X,Elenco
Gabriel Cury,Homem X,Elenco
Pedro Tamiso,Homem X,Elenco
Halim Cury Neto,Homem X,Elenco
Halim Cury Neto,Homem X,Director
Pedro Cruz,Homem X,Director
Pedro Cruz,Homem X,Writer
Uriel Schwanke,Homem X,Director
Pedro Tresmondi,Cacos,Elenco
Nicole Polsaque,Cacos,Elenco
Vinicius Atanas,Cacos,Director
Vitória Cardoso,Quarta Cinza,Elenco
Gabriella Gonçalves,Quarta Cinza,Director
Gabriella Gonçalves,Quarta Cinza,Writer
Duda Andrade,Quarta Cinza,Writer
Rogério Klein,Meu Valor É Não Te Amar,Elenco
Daniel Manhães,Meu Valor É Não Te Amar,Elenco
Daniel Manhães,Meu Valor É Não Te Amar,Director
Dwight Moody,Did It Satisfy Your Desire?,Elenco
João Pedro Admiral,Did It Satisfy Your Desire?,Elenco
Brunno Bimbati,Did It Satisfy Your Desire?,Director
Brunno Bimbati,Did It Satisfy Your Desire?,Writer
João Pedro Admiral,Did It Satisfy Your Desire?,Producer
Vitória Libreti,Fome de quê?,Writer
Vitória Libreti,Fome de quê?,Director
Sarah Cafiero,Raiva-Coração,Director
Nicolas Vargas,Everything is Fine,Elenco
Rodrigo Herzog,Everything is Fine,Director
Valesca Ferreira,Página Três,Elenco
Kamila Benevenuto,Página Três,Elenco
Verônica Souza,Página Três,Elenco
Ruan Pablo,Página Três,Elenco
Fabricio Ferreira,Página Três,Writer
João Pedro Diniz,Página Três,Director
Gabriel Brescia,Página Três,Producer
João Pedro Diniz,Página Três,Producer
Pablo Lopez Guelli,Combinaram de nos matar – Nós combinamos de não morrer,Director
Sophia Mendonça,Especial Courtney Love PT1: A Infância e a Adolescência da Cantora Autista,Elenco
Selma Sueli Silva,Especial Courtney Love PT1: A Infância e a Adolescência da Cantora Autista,Elenco
Courtney Love,Especial Courtney Love PT1: A Infância e a Adolescência da Cantora Autista,Elenco
Francisco Paiva Jr.,Especial Courtney Love PT1: A Infância e a Adolescência da Cantora Autista,Producer
Selma Sueli Silva,Especial Courtney Love PT1: A Infância e a Adolescência da Cantora Autista,Director
Ramon de Assis,Especial Courtney Love PT1: A Infância e a Adolescência da Cantora Autista,Producer
Sophia Mendonça,Especial Courtney Love PT1: A Infância e a Adolescência da Cantora Autista,Writer
Sophia Mendonça,Especial Courtney Love PT1: A Infância e a Adolescência da Cantora Autista,Director
Louis Fernanda,Lá Fora,Director
Rhodes Madureira,Mau Presságio,Director
Marcello Crawshaw,Guimbo,Elenco
Max Werlang Muller,Guimbo,Elenco
Duda Andreazza,Guimbo,Elenco
Giordano Benites,Guimbo,Director
Airton Bratz,Chibamar Bronx is Back in Town,Elenco
José Pignat,Chibamar Bronx is Back in Town,Elenco
Priscila Alba,Chibamar Bronx is Back in Town,Elenco
Barbi Cauzzi,Chibamar Bronx is Back in Town,Elenco
Fabiano Soares,Chibamar Bronx is Back in Town,Elenco
Petter Baiestorf,Chibamar Bronx is Back in Town,Elenco
Petter Baiestorf,Chibamar Bronx is Back in Town,Director
Petter Baiestorf,Chibamar Bronx is Back in Town,Producer
Barbi Cauzzi,Chibamar Bronx is Back in Town,Producer
Petter Baiestorf,Chibamar Bronx is Back in Town,Writer
Leonardo Bassani,Sobrecarga,Director
Julia Cajeu,Rejunte,Elenco
Juliane Kelm,Rejunte,Elenco
Maisa Hass,Rejunte,Elenco
Mayara Fiore,Rejunte,Elenco
Natalia Bresolin,Rejunte,Elenco
Letícia Schevisbisky,Rejunte,Director
Maicon Soares,Rejunte,Producer
Letícia Schevisbisky,Rejunte,Writer
Sérgio Wong,O ROCK BRASILEIRO É UMA FARSA,Elenco
José Victor Gomes Barroso,O ROCK BRASILEIRO É UMA FARSA,Elenco
Lucas Troiano,O ROCK BRASILEIRO É UMA FARSA,Elenco
João de Santos,O ROCK BRASILEIRO É UMA FARSA,Director
Anny Janguas,O ROCK BRASILEIRO É UMA FARSA,Director
Clara Regaço,O ROCK BRASILEIRO É UMA FARSA,Director
Vitor Cachoeira,O ROCK BRASILEIRO É UMA FARSA,Director
Manu Rodrigues,O Fim do Meu Mundo,Director
Mickael Roseno,O Fim do Meu Mundo,Director
David Jogia,Normal a Ditar,Director
André F. Diniz,Careta,Director
Mário Coelho,Bem Bolado,Director
Equinócio Pessoa Jr.,Bem Bolado,Director
Sophia Mello,A Rocinha grita e diz - paisagens sonoras da maior favela do Rio de Janeiro,Director
fadel gutierrez,A hiper-realidade de Lilico,Elenco
Cecília Pereira,A hiper-realidade de Lilico,Director
Francisco da Silveira,Transurbano,Director
Nico Luna,Transa y Frontera: Ensaio sobre Imágenes Sidosas,Elenco
Nico Luna,Transa y Frontera: Ensaio sobre Imágenes Sidosas,Director
Nico Luna,Transa y Frontera: Ensaio sobre Imágenes Sidosas,Writer
Arthur Quadra,Entre Sonhos e Barracos,Director
Micaella Matias,Entre Sonhos e Barracos,Director
Carol Alves,Entre Sonhos e Barracos,Director
Giovanna Moraes,Entre Sonhos e Barracos,Director
Maria Julia Max,Entre Sonhos e Barracos,Director
Gabriel Pimenta,Entre Sonhos e Barracos,Director
Marcelle Won Held,Entre Sonhos e Barracos,Director
Tainá Lima,Entre Sonhos e Barracos,Director
Lívia Olivares,Casa 513,Director
Ana Flora,Cambiante,Elenco
Mauricio Arnaldo,Cambiante,Elenco
Valeria Sobral,Cambiante,Elenco
Annah Hellena Sobral Carneiro de Souza,Cambiante,Elenco
Annah Hellena Sobral Carneiro de Souza,Cambiante,Director
Luísa Bastos,My Mother is a Cow,Elenco
Helena Albergaria,My Mother is a Cow,Elenco
Amorosa No,My Mother is a Cow,Elenco
Ana Carolina Guztazaky,My Mother is a Cow,Elenco
Claudio Rodrigues da Silva,My Mother is a Cow,Elenco
Moara Passoni,My Mother is a Cow,Director
Camila de Moraes,A Um Gole da Eternidade,Director
Paulo Ricardo de Moraes,A Um Gole da Eternidade,Writer
Paulo Ricardo de Moraes,A Um Gole da Eternidade,Director
Mysteryo,Sombras de Macumba na Luz da Memória,Director
Sharon Cho,Noite de Jogos,Elenco
Pedro Mazziero,Noite de Jogos,Elenco
Ian Lima,Noite de Jogos,Elenco
Stefany Taglialatella,Noite de Jogos,Director
Stefany Taglialatella,Noite de Jogos,Writer
Nival Correia,Balada para Raposo Tenório,Elenco
Tiago Rener,Balada para Raposo Tenório,Elenco
Carlos Brandão,Balada para Raposo Tenório,Elenco
Samuel Peregrino,Balada para Raposo Tenório,Director
Samuel Peregrino,Balada para Raposo Tenório,Writer
Pedro Augusto Machado,Restricted Access to Residents,Elenco
Pedro Augusto Machado,Restricted Access to Residents,Director
Julie Ketlem,Conexão,Elenco
Julie Ketlem,Conexão,Director
Araújo,O Sacro e o Profano de Araújo e Verônica,Elenco
Verônica,O Sacro e o Profano de Araújo e Verônica,Elenco
Rivanildo Feitosa,O Sacro e o Profano de Araújo e Verônica,Director
Jaqueline Marques,Iracema,Elenco
Ana Moura,Iracema,Elenco
Leonardo Bandeira Dornsbach,Iracema,Elenco
Nayra Nery,Iracema,Elenco
Isabella Melo,Iracema,Elenco
Irene Caldeira,Iracema,Elenco
Gustavo Brait,Iracema,Elenco
Yuri Célico,Iracema,Director
Yuri Célico,Iracema,Writer
Luan Hornich,O HOMEM SEM CABEÇA,Elenco
Daniel Margera,O HOMEM SEM CABEÇA,Director
Daniel Margera,O HOMEM SEM CABEÇA,Writer
Luan Hornich,O HOMEM SEM CABEÇA,Writer
Teca Pereira,SUNDOWN SYNDROME,Elenco
Denise Stutz,SUNDOWN SYNDROME,Elenco
Antonio Rockenbach,SUNDOWN SYNDROME,Elenco
André Emídio,SUNDOWN SYNDROME,Elenco
Joana Castro,SUNDOWN SYNDROME,Elenco
Naïma Zefifene,SUNDOWN SYNDROME,Elenco
Karla Branger,SUNDOWN SYNDROME,Elenco
André Emídio,SUNDOWN SYNDROME,Producer
André Emídio,SUNDOWN SYNDROME,Director
André Emídio,SUNDOWN SYNDROME,Writer
Anele Rodrigues,SUNDOWN SYNDROME,Producer
Teuda Bara,Ressaca,Elenco
Pedro Estrada,Ressaca,Director
Silas Malafaia,Apocalypse in the Tropics,Elenco
Elizete Malafaia,Apocalypse in the Tropics,Elenco
Jair Bolsonaro,Apocalypse in the Tropics,Elenco
Luiz Inácio Lula da Silva,Apocalypse in the Tropics,Elenco
Petra Costa,Apocalypse in the Tropics,Elenco
Petra Costa,Apocalypse in the Tropics,Director
Alessandra Orofino,Apocalypse in the Tropics,Producer
Petra Costa,Apocalypse in the Tropics,Producer
Petra Costa,Apocalypse in the Tropics,Writer
David Barker,Apocalypse in the Tropics,Writer
Nels Bangerter,Apocalypse in the Tropics,Writer
Alessandra Orofino,Apocalypse in the Tropics,Writer
Nicolas Vargas,Correnteza,Elenco
Sérgio Guizé,Correnteza,Elenco
Diego Müller,Correnteza,Director
Pablo Müller,Correnteza,Director
Pablo Müller,Correnteza,Writer
Diego Müller,Correnteza,Writer
Alerrando Pelaes Marques,Pisca-Pisca,Director
Ana Beatriz Costa de Souza,Pisca-Pisca,Director
Fernando de Carvalho Vaz,Pisca-Pisca,Director
Gustavo Almeida dos Anjos,Pisca-Pisca,Director
Deivid Souza Brazão,Pisca-Pisca,Director
Ingrid Carol Maia dos Santos,Pisca-Pisca,Director
Joabe Barata do Carmo,Pisca-Pisca,Director
Maiane Estefany Rocha Fernandes,Pisca-Pisca,Director
Manoel Vicente Cruza da Costa,Pisca-Pisca,Director
Maria Fernanda Sanches,Pisca-Pisca,Director
Zaquias dos Santos Pereira,Pisca-Pisca,Director
Vitória Nascimento Farias,Pisca-Pisca,Director
Guilherme Freitas,As Janelas Me Diziam Que Os Carros Cor De Lembrança Ainda Percorriam as Movimentadas Ruas do Esquecimento,Director
Bianca Nasciutti,Rosa Choque,Elenco
Alice Rodovalho,Rosa Choque,Elenco
Bruna Franco,Rosa Choque,Elenco
Tetê Padilha,Rosa Choque,Elenco
Miguel  Alvim,Rosa Choque,Elenco
Igor Pechir,Rosa Choque,Elenco
Rafael Santana,Rosa Choque,Elenco
Marina Batista,Rosa Choque,Director
Andrei Panin,My Secret Agent Husband,Elenco
Michael Naidus,My Secret Agent Husband,Elenco
Marcélia Cartaxo,Umbilina e Sua Grande Rival,Elenco
Marlom Meirelles,Umbilina e Sua Grande Rival,Director
Alana Pereira,Drag Queens em Cena: A Expressão de Almas Artísticas,Director
Renan Oliveira,Black Out - A História Apagada no Palco da Arte,Director
Xoba,La Ursa,Elenco
Joebson José,La Ursa,Director
Matheus de Souza,La Ursa,Producer
Leandro Machado,"Graffito, Logo Existo",Director
Daniela Marques,Costureiras no Online,Elenco
Cleide Pinheiro,Costureiras no Online,Elenco
Ceane Mayara,Costureiras no Online,Elenco
Maria,Costureiras no Online,Elenco
Luna Bezerra,Costureiras no Online,Elenco
Agda,Costureiras no Online,Writer
Rafa Montteiro,Costureiras no Online,Writer
Mayara Bezerra,Costureiras no Online,Director
Cacá Nazario,Um Corpo Só,Director
Rogério Cathalá,Movimentos Migratórios,Director
Sidnei Santos Martins Junior,Filme do Fulano,Director
Thais Weingärtner,Joelho Ralado,Elenco
Paula Marina Torres,Joelho Ralado,Elenco
Antônia Flora Junkes Rosa,Joelho Ralado,Elenco
Gabriel Maier,Joelho Ralado,Elenco
Gustavo Moreira Paes,Joelho Ralado,Elenco
Larissa Nicoletti,Joelho Ralado,Elenco
Gigi Rodrigues,Joelho Ralado,Elenco
Giullia Maestri,Joelho Ralado,Elenco
Reiter Baier,Joelho Ralado,Elenco
André Reyes,Joelho Ralado,Elenco
Marco Fink,Joelho Ralado,Elenco
Juan Lucca Bonacolsi,Joelho Ralado,Elenco
Igor Henrique Firmino de Deus,Joelho Ralado,Elenco
Bia Zancanaro,Joelho Ralado,Director
Thais Weingärtner,Joelho Ralado,Writer
Bia Zancanaro,Joelho Ralado,Producer
Larissa Nicoletti,Joelho Ralado,Producer
Thais Weingärtner,Joelho Ralado,Producer
Luan Hornich,Guarapuava: terra sem círculo e sem quadrado,Elenco
Luan Hornich,Guarapuava: terra sem círculo e sem quadrado,Director
Luan Hornich,Guarapuava: terra sem círculo e sem quadrado,Writer
Sofia Sudecum,Esse Cargo Não é Meu,Elenco
Teo Grecco,Esse Cargo Não é Meu,Elenco
Lea Oliveira,Esse Cargo Não é Meu,Elenco
Abiel Soares,Esse Cargo Não é Meu,Elenco
Roberto Caldera,Esse Cargo Não é Meu,Elenco
Joana Molinari,Esse Cargo Não é Meu,Director
Joana Molinari,Esse Cargo Não é Meu,Writer
Bernardo hoffman,Esse Cargo Não é Meu,Writer
João Vidori,Esse Cargo Não é Meu,Writer
Tomas Santa Rosa,Falando das Flores,Elenco
Lucas Donatelli,Falando das Flores,Elenco
Gaby Sant'Anna,Falando das Flores,Elenco
Léo Cabral,Falando das Flores,Elenco
Thiago Oliosi,Falando das Flores,Elenco
Cora Belgman,Falando das Flores,Elenco
João Azevedo,Falando das Flores,Elenco
Gabriel Monteiro,Falando das Flores,Elenco
Breno Ramoa,Falando das Flores,Elenco
João Simoens,Falando das Flores,Elenco
Vitoria Barco,Falando das Flores,Elenco
Samuel Marinho,Falando das Flores,Elenco
Beatriz Kropf,Falando das Flores,Elenco
"Arthur ""Cerca""",Falando das Flores,Elenco
Gabriel Lima,Falando das Flores,Director
Caio Omena,Disintegrated Memories of Some,Producer
Caio Omena,Disintegrated Memories of Some,Director
Caio Omena,Disintegrated Memories of Some,Writer
Beatriz Jabur,Mutante,Elenco
Beatriz Noronha,Mutante,Elenco
Breno Gomes,Mutante,Elenco
Youssef Rahhal,Mutante,Writer
Youssef Rahhal,Mutante,Director
JP Faceto,What Do You Mean I Can't Handle It?,Elenco
Hugo Affonso,What Do You Mean I Can't Handle It?,Elenco
Vitor Hugo Farias,What Do You Mean I Can't Handle It?,Elenco
Pedro Mingardi,What Do You Mean I Can't Handle It?,Elenco
Carlo Giovani,What Do You Mean I Can't Handle It?,Elenco
Gustavo Fonseca,What Do You Mean I Can't Handle It?,Elenco
JP Faceto,What Do You Mean I Can't Handle It?,Director
JP Faceto,What Do You Mean I Can't Handle It?,Writer
Laura Bautheney,What Do You Mean I Can't Handle It?,Producer
Pedro Rodrigues,Néctar do Tempo,Director
Louyse Borges,New Old Book,Elenco
Helo Laranjeira,New Old Book,Elenco
Francisco Rocha,New Old Book,Elenco
Tiago Fiszbejn,New Old Book,Writer
Majo Campo,New Old Book,Writer
Thiago Ramos,New Old Book,Director
Alexandre Dias,New Old Book,Producer
Julia Torrecillas,New Old Book,Producer
Thainara pereira,Memórias de um centro,Elenco
Gab Ferreira,Memórias de um centro,Elenco
João da som livre,Memórias de um centro,Elenco
Mané liao,Memórias de um centro,Elenco
Maksuel Matheus,Memórias de um centro,Director
Thainara Pereira,Memórias de um centro,Producer
Maksuel Matheus,Memórias de um centro,Writer
Caio Costa,Calado,Elenco
Caio Costa,Calado,Director
Caio Costa,Calado,Writer
Carlos Alberto Mattos,Paisagens do fim,Director
Luz Barbosa,RUM-RUMPI-LÉ,Director
Túlio Rocha,13 blocks,Elenco
Luc da Silveira,13 blocks,Elenco
Ana Clara Grama,13 blocks,Director
Ana Luísa novais,13 blocks,Director
Duda Glod,13 blocks,Director
Julia Ferraz,13 blocks,Director
Manuela Andrade,13 blocks,Director
Ana Clara Mattos,13 blocks,Director
Mateus Zaidan,13 blocks,Director
Rafael Turra,13 blocks,Director
Uoshi,13 blocks,Director
Mateus Wera,Os Sonhos Guiam,Elenco
Natália Tupi,Os Sonhos Guiam,Director
Natália Tupi,Os Sonhos Guiam,Writer
Renato Chagas,Os Sonhos Guiam,Writer
Mateus Wera,Os Sonhos Guiam,Producer
Jessyca Yakecan Potyguara,Tales of Yakecan,Elenco
Pajé Cicero Potyguara,Tales of Yakecan,Elenco
Magno Carvalho,Tales of Yakecan,Producer
André Moura Lopes,Tales of Yakecan,Director
André Moura Lopes,Tales of Yakecan,Writer
Liz Vamp,Fitas Proibidas - Antologia do Terror,Elenco
Coffin Souza,Fitas Proibidas - Antologia do Terror,Elenco
Marant Polodoro,Fitas Proibidas - Antologia do Terror,Elenco
Lane ABC,Fitas Proibidas - Antologia do Terror,Elenco
Warley Santana,Fitas Proibidas - Antologia do Terror,Elenco
Maria Irene Faria Cipriano,Fitas Proibidas - Antologia do Terror,Elenco
Ircia Almeida,Fitas Proibidas - Antologia do Terror,Elenco
Elsa Maria Moreira Martins,Fitas Proibidas - Antologia do Terror,Elenco
Debora Munhyz,Fitas Proibidas - Antologia do Terror,Elenco
José Mojica Marins,Fitas Proibidas - Antologia do Terror,Elenco
Rubens Mello,Fitas Proibidas - Antologia do Terror,Director
Fernanda Torres,I'm Still Here,Elenco
Selton Mello,I'm Still Here,Elenco
Fernanda Montenegro,I'm Still Here,Elenco
Valentina Herszage,I'm Still Here,Elenco
Luiza Kosovski,I'm Still Here,Elenco
Guilherme Silveira,I'm Still Here,Elenco
Bárbara Luz,I'm Still Here,Elenco
Pri Helena,I'm Still Here,Elenco
Cora Mora,I'm Still Here,Elenco
Dan Stulbach,I'm Still Here,Elenco
Carla Ribas,I'm Still Here,Elenco
Maeve Jinkings,I'm Still Here,Elenco
Humberto Carrão,I'm Still Here,Elenco
Maitê Padilha,I'm Still Here,Elenco
Luiz Bertazzo,I'm Still Here,Elenco
Camila Márdila,I'm Still Here,Elenco
Thelmo Fernandes,I'm Still Here,Elenco
Augusto Trainotti,I'm Still Here,Elenco
Olívia Torres,I'm Still Here,Elenco
Antonio Saboia,I'm Still Here,Elenco
Maria Manoella,I'm Still Here,Elenco
Marjorie Estiano,I'm Still Here,Elenco
Gabriela Carneiro da Cunha,I'm Still Here,Elenco
Helena Albergaria,I'm Still Here,Elenco
Daniel Dantas,I'm Still Here,Elenco
Charles Fricks,I'm Still Here,Elenco
Lourinelson Vladmir,I'm Still Here,Elenco
Caio Horowicz,I'm Still Here,Elenco
Bernardo Bibancos,I'm Still Here,Elenco
Aguida Aguiar,I'm Still Here,Elenco
Daniel Ericsson,I'm Still Here,Elenco
Renan Lima,I'm Still Here,Elenco
Luana Nastas,I'm Still Here,Elenco
Isadora Ruppert,I'm Still Here,Elenco
Dan Stulbach,I'm Still Here,Elenco
Antonio Furtado,I'm Still Here,Elenco
Fagundes Emanuel,I'm Still Here,Elenco
Matheus Canto,I'm Still Here,Elenco
Pedro Passarelli,I'm Still Here,Elenco
Mônica Braga,I'm Still Here,Elenco
Giulia Passarelli,I'm Still Here,Elenco
Angela Chieregati Passarelli,I'm Still Here,Elenco
Lucas Santos,I'm Still Here,Elenco
Felipe Nehab,I'm Still Here,Elenco
Félix Salles,I'm Still Here,Elenco
Manoel Taborda,I'm Still Here,Elenco
Theo Hoffmeister,I'm Still Here,Elenco
João Gabriel Frapolli,I'm Still Here,Elenco
Lucas Zampa,I'm Still Here,Elenco
Alexandre Mello,I'm Still Here,Elenco
Thadeu Matos,I'm Still Here,Elenco
Hugo Camizão,I'm Still Here,Elenco
Otavio Linhares,I'm Still Here,Elenco
Leo Mac-Dowell,I'm Still Here,Elenco
Rafaela Mell,I'm Still Here,Elenco
João Júnior,I'm Still Here,Elenco
Denis Sauer,I'm Still Here,Elenco
Marcelo Várzea,I'm Still Here,Elenco
Aguida Aguiar,I'm Still Here,Elenco
Daniel de Almeida,I'm Still Here,Elenco
Alan Rocha,I'm Still Here,Elenco
Philipp Lavra,I'm Still Here,Elenco
Ângela Ribeiro,I'm Still Here,Elenco
Camilla Flores,I'm Still Here,Elenco
Luisa Taborda,I'm Still Here,Elenco
Mayra Coelho,I'm Still Here,Elenco
Ingrid Oliveira,I'm Still Here,Elenco
Kauã Rodríguez,I'm Still Here,Elenco
Laura Araujo,I'm Still Here,Elenco
Daniel Pereira,I'm Still Here,Elenco
Tainá Andrade,I'm Still Here,Elenco
Cid Moreira,I'm Still Here,Elenco
Carolina Borelli,I'm Still Here,Elenco
Walter Salles,I'm Still Here,Director
Maria Carlota Fernandes Bruno,I'm Still Here,Producer
Walter Salles,I'm Still Here,Producer
Rodrigo Teixeira,I'm Still Here,Producer
Martine De Clermont-Tonnerre,I'm Still Here,Producer
Lili Nogueira,I'm Still Here,Producer
Ashlley Hagatta,F.M.,Elenco
Ana Barbara,F.M.,Elenco
Gabriel Portes,F.M.,Elenco
Cassiano G. Zanella,F.M.,Director
Cassiano G. Zanella,F.M.,Producer
Julia Lucena Bastos,peças,Elenco
Elisa Birchal,peças,Elenco
Gustavo Cavalcante Carazza,peças,Elenco
Ester Rodrigues Valverde,peças,Elenco
Laura Calegar Pereira,peças,Elenco
Barbara Tavares Pimenta,peças,Elenco
Laura Calegar Pereira,peças,Director
Ester Rodrigues Valverde,peças,Writer
Ester Rodrigues Valverde,peças,Director
João Gabriel,Marcados pela Lixa,Elenco
Jorge,Marcados pela Lixa,Elenco
Alexandre,Marcados pela Lixa,Elenco
Gabriel,Marcados pela Lixa,Elenco
Erick,Marcados pela Lixa,Elenco
João Vitor,Marcados pela Lixa,Elenco
Pablo,Marcados pela Lixa,Elenco
Lucas,Marcados pela Lixa,Elenco
João,Marcados pela Lixa,Elenco
Marcus Vinícius,Marcados pela Lixa,Elenco
Samuel Cabanellas,Marcados pela Lixa,Director
Samuel Cabanellas,Marcados pela Lixa,Producer
Danielli Pasquini,etéreo,Elenco
Vinicius de Brito,etéreo,Elenco
Eric Pinho,etéreo,Elenco
Jessica Namie Uehara,etéreo,Director
João Lazaretti,etéreo,Director
Giovanna Neves,etéreo,Director
Matheus Teixeira,etéreo,Director
Giovanna Neves,etéreo,Writer
Jessica Namie Uehara,etéreo,Writer
João Lazaretti,etéreo,Writer
Matheus Teixeira,etéreo,Writer
Leonardo Gael,Incômodo,Elenco
Davi Meotti,Incômodo,Director
Davi Meotti,Incômodo,Writer
Vinicius de Brito,Tem sabor de morango,Elenco
Maria Flor,Tem sabor de morango,Elenco
André Rosa,Tem sabor de morango,Elenco
Emanuel Bussola,Tem sabor de morango,Elenco
Emanuel Bussola,Tem sabor de morango,Director
Emanuel Bussola,Tem sabor de morango,Writer
Lara Orsi,Mal Secreto,Elenco
Maria Vitória Bernardes,Mal Secreto,Elenco
Artur Piton,Mal Secreto,Elenco
Laura Souza,Mal Secreto,Director
Guilherme Stefano,Mal Secreto,Writer
Guilherme Stefano,Mal Secreto,Director
Priscila Lima,Mal Secreto,Director
Gabriel de Freitas,Roger é um Micro-ondas,Elenco
Guilherme de Freitas,Roger é um Micro-ondas,Elenco
Ana Luiza Abreu,Roger é um Micro-ondas,Elenco
José Henrique Moreira,Roger é um Micro-ondas,Elenco
Andrew Alves,Roger é um Micro-ondas,Elenco
Lavínia Resende,Roger é um Micro-ondas,Elenco
Gabriel de Freitas,Roger é um Micro-ondas,Director
Guilherme de Freitas,Roger é um Micro-ondas,Director
Cecília Belém,Roger é um Micro-ondas,Producer
Sofia Gomes,Roger é um Micro-ondas,Producer
Gabriel de Freitas,Roger é um Micro-ondas,Writer
Guilherme de Freitas,Roger é um Micro-ondas,Writer
Duda Rabello,Roger é um Micro-ondas,Writer
Gabi Dias,Roger é um Micro-ondas,Writer
Luiz Antônio Soares,Roger é um Micro-ondas,Writer
Mariana Pimenta,Roger é um Micro-ondas,Writer
Austine Lopes,What Was Left Behind,Elenco
Diego Silva,What Was Left Behind,Director
Diego Silva,What Was Left Behind,Writer
Diego Silva,What Was Left Behind,Producer
Juninho Sangiorgio,Bufo Borealis: Our Time Has Come,Elenco
Gustavo Moita,Bufo Borealis: Our Time Has Come,Director
Gustavo Moita,Bufo Borealis: Our Time Has Come,Writer
Kênia Bergo,Som do Apelo,Elenco
Elana Dora,Som do Apelo,Elenco
Cris Viana,Som do Apelo,Elenco
Tufão,Som do Apelo,Elenco
Vinicius de Brito,Som do Apelo,Director
Victória Campos,Som do Apelo,Producer
Leonardo Longhi,Som do Apelo,Director
Emely Vieira Salazar,DOPS: Uma Arqueologia da Violência,Elenco
Salvio Humberto Penna,DOPS: Uma Arqueologia da Violência,Elenco
Carlos Magno Ribeiro,DOPS: Uma Arqueologia da Violência,Elenco
Claryssa Almeida,DOPS: Uma Arqueologia da Violência,Elenco
Rafael dos Santos Rocha,DOPS: Uma Arqueologia da Violência,Elenco
Sanzio Canfora,DOPS: Uma Arqueologia da Violência,Director
Yuri Bervig,carta,Elenco
Rosane Maria Bervig,carta,Elenco
Yuri Bervig,carta,Director
Yuri Bervig,carta,Writer
Davina Ferreira,Eterno Amor ❤,Elenco
Leirinda Oliveira,Eterno Amor ❤,Elenco
Matheus Quersi Ferreira,Eterno Amor ❤,Elenco
Olívia Ferreira,Eterno Amor ❤,Elenco
Matheus Quersi Ferreira,Eterno Amor ❤,Director
Matheus Quersi Ferreira,Eterno Amor ❤,Writer
Felipe Germano,tenho olhado bastante pras coisas,Director
Kevin Almeida,tenho olhado bastante pras coisas,Director
Guillen Medeiros,tenho olhado bastante pras coisas,Director
Mateus SAndré,Who Killed Jeniffer?,Elenco
Atena Mahara,Who Killed Jeniffer?,Elenco
Ludson Matsuda,Who Killed Jeniffer?,Director
Ariane Miake,Who Killed Jeniffer?,Producer
Teresa Assis Brasil,Ao Sol e à Sombra,Director
Teresa Assis Brasil,Ao Sol e à Sombra,Writer
Richard Tavares,Ao Sol e à Sombra,Director
Jeferson Silva,Ao Sol e à Sombra,Producer
Richard Tavares,Ao Sol e à Sombra,Writer
Jonatas Rubert,Ao Sol e à Sombra,Writer
Daniel Formiga,Reflexos,Director
Marcelo Formiga,Reflexos,Director
Daniel Formiga,Reflexos,Writer
Camila Fonseca,Seasons in the Sun,Elenco
Giovana Afini,Seasons in the Sun,Elenco
Nicolas Gomes,Seasons in the Sun,Elenco
Leonardo Gigli,Seasons in the Sun,Elenco
Alice Iacomini,Seasons in the Sun,Elenco
Lívia Albuquerque,Seasons in the Sun,Elenco
Sofia Luane Saiki,Seasons in the Sun,Elenco
Lara Liendo,Seasons in the Sun,Elenco
Julia Mineiro,Seasons in the Sun,Elenco
Diego Pacheco,Seasons in the Sun,Elenco
Maria Olivia Cunha,Seasons in the Sun,Elenco
Mirela Leite,Seasons in the Sun,Elenco
Giovana Afini,Seasons in the Sun,Producer
Giovana Afini,Seasons in the Sun,Director
Giovana Afini,Seasons in the Sun,Writer
Marcello Airoldi,Delivery,Elenco
Nelson Baskerville,Delivery,Elenco
Virginia Cavendish,Delivery,Director
Virginia Cavendish,Delivery,Producer
Eduardo Rajabally,Sociedade de Ferro – A Estrutura das Coisas,Director
Beto Gauss,Sociedade de Ferro – A Estrutura das Coisas,Producer
Selma Perez,Sociedade de Ferro – A Estrutura das Coisas,Writer
Francesco Civita,Sociedade de Ferro – A Estrutura das Coisas,Producer
Daniela Ramírez,Zafari,Elenco
Francisco Denis,Zafari,Elenco
Samantha Castillo,Zafari,Elenco
Varek La Rosa,Zafari,Elenco
Alí Rondon,Zafari,Elenco
Claret Quea,Zafari,Elenco
Juan Carlos Colombo,Zafari,Elenco
Beto Benitez,Zafari,Elenco
Mariana Rondón,Zafari,Director
Mariana Caltabiano,Zuzubalândia - O Filme,Director
Helmuth Rilling,Aldo Baldin: A Life For Music,Elenco
Hera Lind,Aldo Baldin: A Life For Music,Elenco
Neville Marriner,Aldo Baldin: A Life For Music,Elenco
Maria Lúcia Godoy,Aldo Baldin: A Life For Music,Elenco
Edino Kruger,Aldo Baldin: A Life For Music,Elenco
Fernando Portari,Aldo Baldin: A Life For Music,Elenco
Roberto Saccà,Aldo Baldin: A Life For Music,Elenco
Marc Marshall,Aldo Baldin: A Life For Music,Elenco
Hernan Iturralde,Aldo Baldin: A Life For Music,Elenco
Marga Schiml,Aldo Baldin: A Life For Music,Elenco
Andreas Keller,Aldo Baldin: A Life For Music,Elenco
Bruno Klein,Aldo Baldin: A Life For Music,Elenco
Irene Flesch Baldin,Aldo Baldin: A Life For Music,Elenco
Marcelo Nigri,Aldo Baldin: A Life For Music,Producer
Yves Goulart,Aldo Baldin: A Life For Music,Director
Yves Goulart,Aldo Baldin: A Life For Music,Writer
Yves Goulart,Aldo Baldin: A Life For Music,Producer
Sandra Corveloni,Madame Durocher,Elenco
Jeanne Boudier,Madame Durocher,Elenco
Marie-Josée Croze,Madame Durocher,Elenco
Armando Babaioff,Madame Durocher,Elenco
André Ramiro,Madame Durocher,Elenco
Mateus Solano,Madame Durocher,Elenco
Isabel Fillardis,Madame Durocher,Elenco
Adriano Toloza,Madame Durocher,Elenco
Fernando Alves Pinto,Madame Durocher,Elenco
Kênia Bárbara,Madame Durocher,Elenco
Carolina Amaral,Madame Durocher,Elenco
Fernando Buzhar Segall,Madame Durocher,Elenco
Thierry Trémouroux,Madame Durocher,Elenco
Lipy Adler,Madame Durocher,Elenco
Júnior Vieira,Madame Durocher,Elenco
Clara Moneke,Madame Durocher,Elenco
Ana Campos,Madame Durocher,Elenco
Liz Reis,Madame Durocher,Elenco
Ricardo Dantas,Madame Durocher,Elenco
Isabela Dragão,Madame Durocher,Elenco
Nelson Baskerville,Madame Durocher,Elenco
Vanessa Mosseri,Madame Durocher,Elenco
Natália Coutinho,Madame Durocher,Elenco
Carol Amaral,Madame Durocher,Elenco
Marco Antônio Braz,Madame Durocher,Elenco
Fábio Penna,Madame Durocher,Elenco
Robson Catalunha,Madame Durocher,Elenco
Pedro Casarin,Madame Durocher,Elenco
Joana Lapa,Madame Durocher,Elenco
Camila Jeronymo,Madame Durocher,Elenco
Flávia Souza,Madame Durocher,Elenco
João Segall,Madame Durocher,Writer
João Segall,Madame Durocher,Producer
Rita Buzzar,Madame Durocher,Writer
Dida Andrade,Madame Durocher,Director
Andradina Azevedo,Madame Durocher,Director
Rita Buzzar,Madame Durocher,Producer
Glória Pires,Vovó Ninja,Elenco
Cleo,Vovó Ninja,Elenco
Leandro Ramos,Vovó Ninja,Elenco
Thiago Justino,Vovó Ninja,Elenco
Matheus Ceará,Vovó Ninja,Elenco
Dadá Coelho,Vovó Ninja,Elenco
Bruno Barreto,Vovó Ninja,Director
Paula Barreto,Vovó Ninja,Producer
Tomás Darcyl,Vovó Ninja,Producer
Gabriel Gurman,Vovó Ninja,Producer
Ricardo Costianovsky,Vovó Ninja,Producer
F. Capozzoli,The Blair Bitch Project,Director
Thiago Chavier,Electric Lands,Elenco
Gui Vieira,Electric Lands,Elenco
Samuel Pelagio,Electric Lands,Elenco
Gustavo de Carvalho,Electric Lands,Writer
Gustavo de Carvalho,Electric Lands,Director
Luisa Cação,Electric Lands,Producer
Maria Odara,Quarta-Feira,Elenco
Maria Odara,Quarta-Feira,Director
Maria Odara,Quarta-Feira,Writer
Dhavi Aron,Amebairro June Celebration,Elenco
Lucas Henrique da Silva,Amebairro June Celebration,Elenco
Luiz Estevão Lima,Amebairro June Celebration,Elenco
Gabe Almeida Bastos,Amebairro June Celebration,Elenco
Gabriela Kajiyama,Amebairro June Celebration,Elenco
Beu Piechnik,Amebairro June Celebration,Elenco
Isadora Sonda,Amebairro June Celebration,Elenco
Gabriella Klug,Amebairro June Celebration,Elenco
Beu Piechnik,Amebairro June Celebration,Director
Beu Piechnik,Amebairro June Celebration,Writer
Penna Filho,O Último Filme de Meu Pai,Elenco
Fabi Penna,O Último Filme de Meu Pai,Director
Fabi Penna,O Último Filme de Meu Pai,Writer
Daniel Obeid,O Último Filme de Meu Pai,Writer
Caio Omena,Pictures of a Dog at the Bar,Director
Caio Omena,Pictures of a Dog at the Bar,Writer
Mariana Xavier,Doce Família,Elenco
Maria Padilha,Doce Família,Elenco
Vitória Moraes,Doce Família,Elenco
Karina Ramil,Doce Família,Elenco
Isabela Ordoñez,Doce Família,Elenco
Danilo de Moura,Doce Família,Elenco
Gabriel Godoy,Doce Família,Elenco
Marcelo Laham,Doce Família,Elenco
Hugo Possolo,Doce Família,Elenco
Ana Paula Xongani,Doce Família,Elenco
Jana Figarella,Doce Família,Elenco
Ana Sophia,Doce Família,Elenco
Leticia Abellan,Doce Família,Elenco
Duda Benevides,Doce Família,Elenco
Diego Braga,Doce Família,Elenco
Carolina Durão,Doce Família,Director
Carolina Garcia,Doce Família,Writer
Mayra Lucas,Doce Família,Producer
Carolina Alckmin,Doce Família,Producer
Ricardo Costianovsky,Doce Família,Producer
Tomás Darcyl,Doce Família,Producer
Gabriel Gurman,Doce Família,Producer
Bruno Borges,Lições Marginais de um Manuscrito Clandestino,Elenco
François Muleka,Lições Marginais de um Manuscrito Clandestino,Director
François Muleka,Lições Marginais de um Manuscrito Clandestino,Writer
Bruno Borges,Lições Marginais de um Manuscrito Clandestino,Writer
Neusa Nenê Borges,A Última Primavera,Elenco
Edilberto Brito,A Última Primavera,Elenco
Cris Fabi,A Última Primavera,Elenco
Juliano Thomaz,A Última Primavera,Elenco
Michelly Hadassa,A Última Primavera,Director
Michelly Hadassa,A Última Primavera,Writer
Verônica Bornhofen,Cadafalso,Elenco
Sarah Motta,Cadafalso,Elenco
Guilherme Klabunde,Cadafalso,Elenco
Sabrina Vianna,Cadafalso,Elenco
Yohana Fukui,Cadafalso,Director
Julia Souza,Cadafalso,Writer
Nicole Cunha,Cadafalso,Writer
Ella Pierreserra,Cadafalso,Writer
Maria Beatriz Braga,Festa Para Duas,Elenco
Vanda Ferreira,Festa Para Duas,Elenco
Maria Antônia de Assis,Festa Para Duas,Elenco
Marina Polidoro,Festa Para Duas,Director
Bruna Schelb Corrêa,Festa Para Duas,Writer
Marina Polidoro,Festa Para Duas,Writer
Yva Mirim Xhapya,Javyju - Bom Dia,Elenco
Hendy Yvoty,Javyju - Bom Dia,Elenco
Theo Magalhães,Javyju - Bom Dia,Elenco
Karaí Yapuã,Javyju - Bom Dia,Elenco
Carlos Eduardo Magalhães,Javyju - Bom Dia,Writer
Carlos Eduardo Magalhães,Javyju - Bom Dia,Director
Cunha Rete,Javyju - Bom Dia,Director
José Ibáñez,Diario de un hombre a la deriva,Director
Iñaki Oñate,Apuntes sobre la muerte de un cine,Director
Iñaki Oñate,Apuntes sobre la muerte de un cine,Writer
Lucio Stabile,Pano pra Caetano,Elenco
Debora Celeste,Pano pra Caetano,Elenco
Fernando Roesner,Pano pra Caetano,Elenco
Tiago Bubniak,Pano pra Caetano,Elenco
Gabriel Lachowski,Pano pra Caetano,Director
Gabriel Lachowski,Pano pra Caetano,Writer
Rodolfo Luiz Vieira,Projeto Copa 2,Elenco
Júlio Oliveira,Projeto Copa 2,Elenco
Luiz Henrique Fuchigami,Projeto Copa 2,Elenco
Heitor Amato,Projeto Copa 2,Elenco
Antonio Arruda,Projeto Copa 2,Elenco
Guilherme V. Baracioli,Projeto Copa 2,Elenco
Wellington Rato,Projeto Copa 2,Elenco
Milton Leite,Projeto Copa 2,Elenco
Eduardo Bottaro,Projeto Copa 2,Elenco
Barbosa,Projeto Copa 2,Elenco
João Pedro Castro,Projeto Copa 2,Elenco
Vicente Madi,Projeto Copa 2,Elenco
Rodolfo Luiz Vieira,Projeto Copa 2,Director
Rodolfo Luiz Vieira,Projeto Copa 2,Writer
Rodolfo Luiz Vieira,Projeto Copa 2,Producer
Luiz Osmani,Projeto Copa 2,Producer
Walter Juarez Mattos,O guardião do Obelisco da Paz,Director
Daniel Marenco,Gigantes,Director
Nando Félix,The last movie,Elenco
Rick Marques,The last movie,Elenco
Higor Bécker,The last movie,Elenco
Bernardo Dahlke,The last movie,Director
Victor Uriel,The last movie,Writer
Evellyn Viana,The last movie,Producer
Amadis T. Loyer,(Sol)ar Memories,Elenco
Solange Loyer,(Sol)ar Memories,Elenco
Rodrigo Loyer,(Sol)ar Memories,Elenco
Micho,(Sol)ar Memories,Elenco
Amadis T. Loyer,(Sol)ar Memories,Director
Amadis T. Loyer,(Sol)ar Memories,Producer
Neusa Mayer,O Que Fica,Elenco
Fabiane Bardemaker,O Que Fica,Writer
Fabiane Bardemaker,O Que Fica,Director
Daniel Edu Mayer,O Que Fica,Director
Sergio Barreto,No Mundo da Lua,Elenco
Su Junkes,No Mundo da Lua,Elenco
Angel Samaniego,No Mundo da Lua,Elenco
Cleiton Schlindwein,No Mundo da Lua,Director
Cleiton Schlindwein,No Mundo da Lua,Writer
Sindrome de pânico,MENTE PESADELO,Director
Jhonny August,Efapi Boul,Elenco
Jacklin Theodore,Efapi Boul,Elenco
Moussa Faye,Efapi Boul,Elenco
Stevenson Andre,Efapi Boul,Elenco
Daniela Farina,Efapi Boul,Director
Daniela Farina,Efapi Boul,Writer
João Fernando Lucas,Efapi Boul,Director
Rat,The Tragedy of the Rat,Elenco
Red Eye,The Tragedy of the Rat,Elenco
Zeca Reca,The Tragedy of the Rat,Elenco
Planet,The Tragedy of the Rat,Elenco
Zeca Reca,The Tragedy of the Rat,Director
Grégori Matheus,Um homem feliz,Elenco
Luana Rocha,Um homem feliz,Elenco
Maria Mar,Um homem feliz,Elenco
Patrick Pereira,Um homem feliz,Elenco
Isabela Alves,Um homem feliz,Director
Isabela Alves,Um homem feliz,Producer
Lucas Bonjour,Um homem feliz,Director
Piêtro Fregulia,Um homem feliz,Writer
Isabela Alves,Um homem feliz,Writer
Ítalo Batista,O Último é Mulher do Padre,Elenco
Marcos Pacheco,O Último é Mulher do Padre,Elenco
Maria Maia,O Último é Mulher do Padre,Elenco
Paulo Ph,O Último é Mulher do Padre,Elenco
Nicolas Vitor,O Último é Mulher do Padre,Elenco
João Paulo,O Último é Mulher do Padre,Elenco
Ángel Miguel,O Último é Mulher do Padre,Elenco
Yasser Socarrás,O Último é Mulher do Padre,Director
Yasser Socarrás,O Último é Mulher do Padre,Writer
Lucas Koury,Impressions of a Garden I Tended to,Elenco
Paulo Sérgio Lima,Impressions of a Garden I Tended to,Elenco
Lucas Koury,Impressions of a Garden I Tended to,Director
Lucas Koury,Impressions of a Garden I Tended to,Producer
Kalel Pessôa,Impressions of a Garden I Tended to,Producer
Raissa Almeida neto,And not one left,Elenco
Leonardo Enimiteff Carvalho,And not one left,Elenco
Bernardo Rocha Leites,And not one left,Elenco
Pedro Henrique Nunes Becker,And not one left,Elenco
Cesar Sabin Neto,And not one left,Elenco
Bernardo Rocha Leites,And not one left,Director
Alice Gomes,Genesis,Director
Gabriela Pinheiro,Bleeds,Elenco
Cláudia Gazola,Bleeds,Elenco
Morgan Landry,Bleeds,Elenco
Allana Oliveira,Bleeds,Elenco
Julia Sena,Bleeds,Director
Julia Sena,Bleeds,Writer
André Celant,Instructions for the Boat,Elenco
Bruno Lisboa,Instructions for the Boat,Elenco
João Pedro Faro,Instructions for the Boat,Elenco
Miguel Clark,Instructions for the Boat,Elenco
Paula Mermelstein,Instructions for the Boat,Elenco
Matheus Zenom,Instructions for the Boat,Elenco
Pedro Rosa Rodrigues,Instructions for the Boat,Producer
Vinícius Dratovsky,Instructions for the Boat,Director
Vinícius Dratovsky,Instructions for the Boat,Writer
Bruno Badain,Futebóis,Director
Luiz Ferraz,Futebóis,Director
Clara Castilho,Caminho para a Inexistência,Elenco
Juliana Sisdelli Brunini,Caminho para a Inexistência,Elenco
Aparecida Luiza Rossi,Caminho para a Inexistência,Elenco
Lucas Savegnago,Caminho para a Inexistência,Director
Heitor Benedito,Caminho para a Inexistência,Writer
João Kleber Delgado,Visit to Time,Elenco
Breno Delgado,Visit to Time,Director
Ana M. Carvalho,Voices from the Margins,Director
Richie Machado,Voices from the Margins,Director
Rafda Batista,REFLEXOS QUEBRADOS,Elenco
Vitoria M. Ferreira,REFLEXOS QUEBRADOS,Elenco
Vitoria M. Ferreira,REFLEXOS QUEBRADOS,Director
Vitoria M. Ferreira,REFLEXOS QUEBRADOS,Writer
Jácomito,The Caneta Azul Celebrates 9/11,Director
Julia Marrocos,Campus.mp4,Elenco
Hanna Guimarães,Campus.mp4,Elenco
Anna Luiza Nascimento,Campus.mp4,Elenco
Kryslainne Millena,Campus.mp4,Elenco
Miguel de Oliveira,Campus.mp4,Elenco
Anna Luiza Nascimento,Campus.mp4,Elenco
Miguel de Oliveira,Campus.mp4,Director
Anna Luiza Nascimento,Campus.mp4,Writer
Julia Marrocos,Campus.mp4,Producer
Erick Gabryel,Do Outro Lado da Linha,Elenco
Aisha Jambo,Do Outro Lado da Linha,Elenco
Kátia Vidal,Do Outro Lado da Linha,Elenco
Beto Teixeira,Do Outro Lado da Linha,Director
Beto Teixeira,Do Outro Lado da Linha,Writer
Antônia Rodrigues,Do Outro Lado da Linha,Producer
Clara Luz,Efêmero,Elenco
Gilda Das Graças,Efêmero,Elenco
Larissa Assunção,Efêmero,Elenco
Dani Duarte,Efêmero,Elenco
Augusto César,Efêmero,Elenco
Alice Rios,Efêmero,Director
Eduardo Tiago,Efêmero,Director
Alice Rios,Efêmero,Writer
Thiago Ventura,Thiago Ventura: Modo Efetivo,Elenco
Thiago Ventura,Thiago Ventura: Modo Efetivo,Writer
Thiago Ventura,Thiago Ventura: Modo Efetivo,Director
Lian Shanxia,Apartamento 62,Elenco
Lian Shanxia,Apartamento 62,Director
Lian Shanxia,Apartamento 62,Producer
Lian Shanxia,Apartamento 62,Writer
Ceci Maier,Pelos caminhos que ando Um dia vai ser Só não sei quando,Elenco
Amanda Heroine,Pelos caminhos que ando Um dia vai ser Só não sei quando,Elenco
Alana Lous,Pelos caminhos que ando Um dia vai ser Só não sei quando,Elenco
Ceci Maier,Pelos caminhos que ando Um dia vai ser Só não sei quando,Director
Ceci Maier,Pelos caminhos que ando Um dia vai ser Só não sei quando,Producer
Alberto Jr.,O Sangue das Romarias,Elenco
Cinthia Maria,O Sangue das Romarias,Elenco
Fidel Barbosa Fernandes,O Sangue das Romarias,Elenco
Bruno Albucquerque,O Sangue das Romarias,Elenco
Fidel Barbosa Fernandes,O Sangue das Romarias,Elenco
Sávio Emannuel,O Sangue das Romarias,Elenco
Diego Gvara,O Sangue das Romarias,Elenco
Fidel Barbosa Fernandes,O Sangue das Romarias,Director
Fidel Barbosa Fernandes,O Sangue das Romarias,Writer
Roberto Morauer,Canil para Cachorro Louco,Elenco
Sergio Barreto,Canil para Cachorro Louco,Elenco
Stelar,Canil para Cachorro Louco,Elenco
Jozué Junior,Canil para Cachorro Louco,Elenco
Jean Massanero,Canil para Cachorro Louco,Elenco
Ingelore Liesenberg,Canil para Cachorro Louco,Elenco
Maicon Tenfen,Canil para Cachorro Louco,Director
Maicon Tenfen,Canil para Cachorro Louco,Writer
Fabíola Pereira,Canil para Cachorro Louco,Producer
João Vitor Araújo,Não Vamos Sucumbir,Elenco
Junior Schall,Não Vamos Sucumbir,Elenco
André Rodrigues,Não Vamos Sucumbir,Elenco
Leandro Vieira,Não Vamos Sucumbir,Elenco
Vinícius Natal,Não Vamos Sucumbir,Elenco
Luiz Antônio Simas,Não Vamos Sucumbir,Elenco
Ismael Silva,Não Vamos Sucumbir,Elenco
Gabriel Turano,Não Vamos Sucumbir,Elenco
Felipe Ferreira,Não Vamos Sucumbir,Elenco
Ketula Mello,Não Vamos Sucumbir,Elenco
Fernando Pamplona,Não Vamos Sucumbir,Elenco
Rosa Magalhães,Não Vamos Sucumbir,Elenco
Fábio Fabato,Não Vamos Sucumbir,Elenco
Candeia,Não Vamos Sucumbir,Elenco
Luiz Fernando Reis,Não Vamos Sucumbir,Elenco
Gustavo Oliveira,Não Vamos Sucumbir,Elenco
Guilherme Oliveira,Não Vamos Sucumbir,Elenco
Carla Lopes,Não Vamos Sucumbir,Elenco
Joãozinho Trinta,Não Vamos Sucumbir,Elenco
Viviane Martins,Não Vamos Sucumbir,Elenco
Rodolfo Viana,Não Vamos Sucumbir,Elenco
Hudson Gaspar,Não Vamos Sucumbir,Elenco
Cássio Dias,Não Vamos Sucumbir,Elenco
Pedro Gaspar,Não Vamos Sucumbir,Elenco
Wagner Gaspar,Não Vamos Sucumbir,Elenco
Anderson Morango,Não Vamos Sucumbir,Elenco
Jorge Silveira,Não Vamos Sucumbir,Elenco
Jack Vasconcelos,Não Vamos Sucumbir,Elenco
Leonardo Bora,Não Vamos Sucumbir,Elenco
Gabriel Haddad,Não Vamos Sucumbir,Elenco
Miguel Przewodowski,Não Vamos Sucumbir,Director
Manolo Sarmiento,Toroboro: The Name of the Plants,Director
Rodrigo Faro,Silvio,Elenco
João Bourbonnais,Silvio,Elenco
Polliana Aleixo,Silvio,Elenco
Duda Mamberti,Silvio,Elenco
Marjorie Gerardi,Silvio,Elenco
Johnnas Oliva,Silvio,Elenco
Paulo Gorgulho,Silvio,Elenco
Adriano Bolshi,Silvio,Elenco
Bruna Aiiso,Silvio,Elenco
Thamiris Mandú,Silvio,Elenco
Norival Rizzo,Silvio,Elenco
Luciano Bortoluzzi,Silvio,Elenco
Bruna Tatar,Silvio,Elenco
Edmilson Cordeiro,Silvio,Elenco
Acauã Sol,Silvio,Elenco
Vinícius Ricci,Silvio,Elenco
Fellipe Castro,Silvio,Elenco
Eduardo Reyes,Silvio,Elenco
Lara Córdulla,Silvio,Elenco
Adriana Londoño,Silvio,Elenco
Artur Volpi,Silvio,Elenco
Marcelo Antunez,Silvio,Director
Anderson Almeida,Silvio,Writer
Roberto d'Avila,Silvio,Producer
Marco Antônio Audrá,Silvio,Producer
Fabio Golombek,Silvio,Producer
Ricardo Scalamandré,Silvio,Producer
Gabriel Souza,Aranha-Homem Trilogy,Elenco
Gustavo Souza,Aranha-Homem Trilogy,Elenco
Filipe João,Aranha-Homem Trilogy,Elenco
Gabriel Souza,Aranha-Homem Trilogy,Director
Filipe João,Aranha-Homem Trilogy,Writer
Gabriel Souza,Aranha-Homem Trilogy,Writer
Paula Santos,Uma dança que seja minha,Director
Lua Maia,Abaixo das Árvores,Elenco
Janabelle Fonseca,Abaixo das Árvores,Elenco
Franciane Magalhães,Abaixo das Árvores,Elenco
Danilo Cacciacarro,Abaixo das Árvores,Director
Danilo Cacciacarro,Abaixo das Árvores,Writer
Maria Cecília de Oliveira Adão,Madre,Elenco
Maria José dos Santos,Madre,Elenco
Marlene da Silva,Madre,Elenco
Luzia Moraes da Silva,Madre,Elenco
Ivone Gebara,Madre,Elenco
Vanessa Degani Rocha,Madre,Elenco
Marilza Degani,Madre,Elenco
Matilde Leone,Madre,Elenco
Ernestina Martins Jordão,Madre,Elenco
Leila Bosqueto,Madre,Elenco
Marlei de Almeida,Madre,Elenco
Aparecida dos Santos,Madre,Elenco
Rita Maria de Miranda Sipahi,Madre,Elenco
Maria Geralda Resende,Madre,Elenco
Ana Cecília Galindo,Madre,Elenco
Marcela Varani,Madre,Director
Ana Paula Pinheiro,Madre,Director
Ana Paula Pinheiro,Madre,Writer
Marcela Varani,Madre,Writer
Matheus Nascimento,Memórias Póstumas de Brás Cubas - O Curta Metragem,Elenco
Clarissa Sena,Memórias Póstumas de Brás Cubas - O Curta Metragem,Elenco
Ana Luiza Lira,Memórias Póstumas de Brás Cubas - O Curta Metragem,Elenco
Beatriz Souza,Memórias Póstumas de Brás Cubas - O Curta Metragem,Elenco
Maria Júlia Abreu,Memórias Póstumas de Brás Cubas - O Curta Metragem,Elenco
Matheus Gomes,Memórias Póstumas de Brás Cubas - O Curta Metragem,Elenco
Carolina Lira,Memórias Póstumas de Brás Cubas - O Curta Metragem,Elenco
Arthur Henrique,Memórias Póstumas de Brás Cubas - O Curta Metragem,Elenco
Fernando Ivo,Memórias Póstumas de Brás Cubas - O Curta Metragem,Elenco
Beatriz Souza,Memórias Póstumas de Brás Cubas - O Curta Metragem,Director
Beatriz Souza,Memórias Póstumas de Brás Cubas - O Curta Metragem,Writer
Ana Luiza Lira,Memórias Póstumas de Brás Cubas - O Curta Metragem,Writer
Travis Scott,Travis Scott: Rock in Rio 2024,Elenco
Ana Gabriela,Esqueça Toda a Matemática Aprendida,Elenco
Karen Barroso,Esqueça Toda a Matemática Aprendida,Elenco
Francisco Alves,Esqueça Toda a Matemática Aprendida,Elenco
Karina Souza,Esqueça Toda a Matemática Aprendida,Elenco
Gisele Goví,Esqueça Toda a Matemática Aprendida,Elenco
Giovanni Souza,Esqueça Toda a Matemática Aprendida,Elenco
Laura Paiva,Esqueça Toda a Matemática Aprendida,Elenco
Maciele Freitas,Esqueça Toda a Matemática Aprendida,Elenco
Perseu,Esqueça Toda a Matemática Aprendida,Elenco
Lilith Cairú,Esqueça Toda a Matemática Aprendida,Elenco
Bryan,Esqueça Toda a Matemática Aprendida,Elenco
Matheus Forte,Esqueça Toda a Matemática Aprendida,Elenco
Clarisse Melo,Esqueça Toda a Matemática Aprendida,Elenco
Elisa Coimbra,Esqueça Toda a Matemática Aprendida,Director
Elisa Coimbra,Esqueça Toda a Matemática Aprendida,Writer
Bárbara Bittencourt,SONÂNCIA,Elenco
Pedro Daniel,SONÂNCIA,Elenco
Gabriel Valarini,SONÂNCIA,Elenco
Vinicius de Brito,SONÂNCIA,Elenco
Gabriela Soares,SONÂNCIA,Director
Nicholas Emmanuel,SONÂNCIA,Director
Rafael Marques,Venha ver o Pôr-do-Sol,Elenco
Mayara Dornelles,Venha ver o Pôr-do-Sol,Elenco
Ana Julia T. Loreto,Venha ver o Pôr-do-Sol,Elenco
Pedro Henrique Loreto,Venha ver o Pôr-do-Sol,Director
Pedro Henrique Loreto,Venha ver o Pôr-do-Sol,Writer
Pedro Henrique Loreto,Venha ver o Pôr-do-Sol,Producer
Caio Omena,Fuck Copyright,Director
Caio Omena,Fuck Copyright,Writer
Caio Omena,Fuck Copyright,Producer
Bunízio Ferreira dos Santos,Consumo,Elenco
Zéluiz de Oliveira,Consumo,Elenco
Maria Clara Guindalini Rodrigues,Consumo,Elenco
Eduardo Adriano Martins da Silva,Consumo,Elenco
Alma Aiye Dun Sander Souza,Consumo,Elenco
Cláudio Idalgo,Consumo,Elenco
Luana F. Roldão,Consumo,Director
João P. F. Alves,Consumo,Director
Denis Leroy,Iroco,Director
Lulu Santos,Lulu Santos: Rock In Rio,Elenco
"Gabriel, O Pensador",Lulu Santos: Rock In Rio,Elenco
Dan Reynolds,Imagine Dragons: Rock in Rio 2024,Elenco
Ben McKee,Imagine Dragons: Rock in Rio 2024,Elenco
Wayne Sermon,Imagine Dragons: Rock in Rio 2024,Elenco
Andrew Tolman,Imagine Dragons: Rock in Rio 2024,Elenco
Ryan Tedder,OneRepublic: Rock in Rio 2024,Elenco
Zach Filkins,OneRepublic: Rock in Rio 2024,Elenco
Eddie Fisher,OneRepublic: Rock in Rio 2024,Elenco
Brent Kutzle,OneRepublic: Rock in Rio 2024,Elenco
Drew Brown,OneRepublic: Rock in Rio 2024,Elenco
Gabriel Moreno Jr.,V.I.D.A.- Vivendo Intensamente Diariamente e Anonimamente,Elenco
Maria Moreno,V.I.D.A.- Vivendo Intensamente Diariamente e Anonimamente,Elenco
Raimundo Moreno,V.I.D.A.- Vivendo Intensamente Diariamente e Anonimamente,Elenco
Esther Cotrim,V.I.D.A.- Vivendo Intensamente Diariamente e Anonimamente,Elenco
Cristiane Regina,V.I.D.A.- Vivendo Intensamente Diariamente e Anonimamente,Elenco
Gabriel Moreno Jr.,V.I.D.A.- Vivendo Intensamente Diariamente e Anonimamente,Director
Fernando de Paula,Temporada de Caça,Elenco
Yara Forrer,Temporada de Caça,Elenco
Julia Ramos,Temporada de Caça,Elenco
João Italo,Temporada de Caça,Director
Leon Barbero,Temporada de Caça,Producer
João Italo,Temporada de Caça,Producer
Joyce Cardoso,Temporada de Caça,Producer
Marcelo D2,Planet Hemp convida Pitty: Rock in Rio 2024,Elenco
B. Negão,Planet Hemp convida Pitty: Rock in Rio 2024,Elenco
Pitty,Planet Hemp convida Pitty: Rock in Rio 2024,Elenco
Caroline Bortoluzzi,Condessa?,Director
Dimitri Stocker,Condessa?,Director
João Witor,Condessa?,Director
Lizis,Condessa?,Director
Maria Esteves,Condessa?,Director
Matheus Ruiz,Condessa?,Director
Priscila Guidio,Condessa?,Director
Fabíola Cunha,Condessa?,Writer
Fabíola Cunha,Condessa?,Producer
Fabíola Cunha,Condessa?,Director
Marcelle Guimarães,Será que rola?,Elenco
Igor Soares,Será que rola?,Elenco
Maria Clara Fonseca,Será que rola?,Elenco
Bernardo Coelho,Será que rola?,Elenco
Liven Reis,Será que rola?,Elenco
Rodrigo França,Será que rola?,Elenco
Bruno Mascarenhas,Será que rola?,Elenco
Lais,Será que rola?,Elenco
Giovanna Guimarães,Será que rola?,Director
Giovanna Guimarães,Será que rola?,Writer
Amy Lee,Evanescence: Rock in Rio 2024,Elenco
Tim McCord,Evanescence: Rock in Rio 2024,Elenco
Will Hunt,Evanescence: Rock in Rio 2024,Elenco
Troy McLawhorn,Evanescence: Rock in Rio 2024,Elenco
Emma Anzai,Evanescence: Rock in Rio 2024,Elenco
M. Shadows,Avenged Sevenfold: Rock in Rio 2024,Elenco
Zacky Vengeance,Avenged Sevenfold: Rock in Rio 2024,Elenco
Synyster Gates,Avenged Sevenfold: Rock in Rio 2024,Elenco
Johnny Christ,Avenged Sevenfold: Rock in Rio 2024,Elenco
Brooks Wackerman,Avenged Sevenfold: Rock in Rio 2024,Elenco
Luciano Huck,Huck e Zelensky - Não Está Tudo Bem,Elenco
Владимир Зеленский,Huck e Zelensky - Não Está Tudo Bem,Elenco
Guilherme Melles,Huck e Zelensky - Não Está Tudo Bem,Director
Luciano Huck,Huck e Zelensky - Não Está Tudo Bem,Writer
Caio Omena,The End Is Blue,Director
Caio Omena,The End Is Blue,Writer
Caio Omena,The End Is Blue,Producer
Ayna,Love You To Bits,Elenco
Ivan Santana,Love You To Bits,Elenco
Raissa Lima,Love You To Bits,Elenco
Madu Batista,Love You To Bits,Elenco
Júlia Silveira,Love You To Bits,Elenco
Alexia Andrade,Love You To Bits,Elenco
Daniel Oliveira,Love You To Bits,Elenco
Alexia Andrade,Love You To Bits,Director
Alexia Andrade,Love You To Bits,Writer
Michel Mancini,Junior,Elenco
Luciana Hirono,Junior,Elenco
Daniel Pedrolli,Junior,Elenco
Cássia Silva,Junior,Elenco
Krêo Fidélis,Junior,Elenco
Nicole Casavechia,Junior,Elenco
Luciane Casavechia,Junior,Elenco
Danilo Yde,Junior,Producer
Jonas Santos,Junior,Producer
Hall Passoni,Junior,Producer
Alan Ximendes,Junior,Producer
Taís Prado Takahashi,Junior,Producer
Hall Passoni,Junior,Writer
PH Gebrail,Junior,Director
Hall Passoni,Junior,Director
Matheus Roberto,Junior,Producer
Samuel Kühn,I Wait for You,Elenco
Juciara Nascimento,I Wait for You,Elenco
Donald Malschitzky,I Wait for You,Elenco
Nágila Passos,I Wait for You,Elenco
Caroline Vieira,I Wait for You,Elenco
João Marcelo Fernandes Budal Arins,I Wait for You,Elenco
Juliana de Aguiar,I Wait for You,Elenco
Bernardo de Rezende Marabeze,I Wait for You,Elenco
Victor Rosa,I Wait for You,Elenco
João Scolaro,I Wait for You,Director
Jessé Rodrigues,I Wait for You,Producer
João Scolaro,I Wait for You,Writer
Vinícius Nocera,A Morte do Brasil,Elenco
Vinícius Nocera,A Morte do Brasil,Director
Vinícius Nocera,A Morte do Brasil,Writer
Xuxa,Forever Pixies,Elenco
Leticia Spiller,Forever Pixies,Elenco
Bianca Rinaldi,Forever Pixies,Elenco
Monique Alfradique,Forever Pixies,Elenco
Adriana Bombom,Forever Pixies,Elenco
Fafy Siqueira,Forever Pixies,Elenco
Bárbara Borges,Forever Pixies,Elenco
Tatiana Maranhão,Forever Pixies,Elenco
Cátia Paganote,Forever Pixies,Elenco
Andréa Veiga,Forever Pixies,Elenco
Juliana Baroni,Forever Pixies,Elenco
Lana Rhodes,Forever Pixies,Elenco
Graziella Schmitt,Forever Pixies,Elenco
Julieta Cardinali,Forever Pixies,Elenco
Roberta Richard,Forever Pixies,Elenco
Ticiane Pinheiro,Forever Pixies,Elenco
Ana Paula Guimarães,Forever Pixies,Elenco
Ana Paula Almeida,Forever Pixies,Elenco
Andréa Faria,Forever Pixies,Elenco
Andrezza Cruz,Forever Pixies,Elenco
Caren Lima,Forever Pixies,Elenco
Daiane Amêndola,Forever Pixies,Elenco
Flávia Fernandes,Forever Pixies,Elenco
Gabriella Ferreira,Forever Pixies,Elenco
Gisele Delaia,Forever Pixies,Elenco
Heloísa Morgado,Forever Pixies,Elenco
Joana Mineiro,Forever Pixies,Elenco
Letícia Barros,Forever Pixies,Elenco
Luise Wischermann,Forever Pixies,Elenco
Priscila Couto,Forever Pixies,Elenco
Roberta Cipriani,Forever Pixies,Elenco
Stephanie Lourenço,Forever Pixies,Elenco
Thalita Ribeiro,Forever Pixies,Elenco
María Royo,Forever Pixies,Elenco
Roberto Bettini,Forever Pixies,Elenco
Junior Muniz,Forever Pixies,Elenco
Serginho Groisman,Forever Pixies,Elenco
Marcelo Faustini,Forever Pixies,Elenco
Monique Siqueira,Forever Pixies,Elenco
Rita Maldonato,Forever Pixies,Elenco
Marlene Mattos,Forever Pixies,Elenco
Sérgio Mallandro,Forever Pixies,Elenco
Ana Paula Guimarães,Forever Pixies,Director
Ivo Filho,Forever Pixies,Director
Paulo Mario Martins,Forever Pixies,Writer
Nicolas Fernandes,Retrato de um Plagiador,Elenco
Carlos Adrian Fuentes,Retrato de um Plagiador,Elenco
Lucas Gabriel Durães Martins,Retrato de um Plagiador,Elenco
Gabriel Capitanio,Retrato de um Plagiador,Elenco
Humberto Maximo,Retrato de um Plagiador,Director
Humberto Maximo,Retrato de um Plagiador,Writer
Rosana de Novaes,Uma Valsa para Rosa,Elenco
Victor Torres,Uma Valsa para Rosa,Director
P. Igarashi,In the Shadow of the Night or (How To Be Gay),Director
F. Capozzoli,In the Shadow of the Night or (How To Be Gay),Director
Caio Omena,The Middle is Red,Director
Caio Omena,The Middle is Red,Writer
Vinícius Romero,Trabalho de Amor Perdido,Director
Nilcéa Nunes,Éden,Elenco
Glever Dutra,Éden,Elenco
Arthur Agostini,Éden,Elenco
Matheus Ribeiro,Éden,Writer
Natália Telles,Éden,Producer
Matheus Ribeiro,Éden,Director
Pedro Moraes,Éden,Producer
Matheus Ribeiro,Éden,Producer
Caio Omena,The Beginning is Yellow,Director
Caio Omena,The Beginning is Yellow,Writer
Glenda Adrielly,Tamarindo Seco,Elenco
Monique La Rouge,Tamarindo Seco,Elenco
Dinorá Melo,Tamarindo Seco,Director
Dinorá Melo,Tamarindo Seco,Writer
João Paulo Magalhães,Tamarindo Seco,Producer
Yuri Abreu,Meu primeiro aniversário,Elenco
Mayra Furtado,Meu primeiro aniversário,Director
Beatriz Geraldo,Meu primeiro aniversário,Director
Beatriz Geraldo,Meu primeiro aniversário,Writer
Mayra Furtado,Meu primeiro aniversário,Writer
Beatriz Geraldo,Meu primeiro aniversário,Producer
Mayra Furtado,Meu primeiro aniversário,Producer
Rosa Oliveira,Memory Home,Elenco
Dener de Souza Santos,Memory Home,Elenco
Lucas Miguel,Memory Home,Elenco
Matheus Leocádio,Memory Home,Elenco
Marie Amorim,Memory Home,Elenco
Marie Amorim,Memory Home,Elenco
Marie Amorim,Memory Home,Director
Cleiton Félix,Memory Home,Director
Marie Amorim,Memory Home,Producer
Gloria Groove,Gloria Groove: Rock in Rio 2024,Elenco
Illusionize,Illusionize: Rock in Rio 2024,Elenco
Gabe,Gabe: Rock in Rio 2024,Elenco
Tiago Testa,Fundo De Quintal: Rock in Rio 2024,Elenco
Bira Presidente,Fundo De Quintal: Rock in Rio 2024,Elenco
Ademir Batera,Fundo De Quintal: Rock in Rio 2024,Elenco
Júnior Itaguay,Fundo De Quintal: Rock in Rio 2024,Elenco
Filipe Ret,Filipe Ret Convida Caio Luccas: Rock in Rio 2024,Elenco
Caio Luccas,Filipe Ret Convida Caio Luccas: Rock in Rio 2024,Elenco
Ferrugem,Ferrugem Convida Gilsons: Rock in Rio 2024,Elenco
José Gil,Ferrugem Convida Gilsons: Rock in Rio 2024,Elenco
Francisco Gil,Ferrugem Convida Gilsons: Rock in Rio 2024,Elenco
João Gil,Ferrugem Convida Gilsons: Rock in Rio 2024,Elenco
Ed Sheeran,Ed Sheeran: Rock in Rio 2024,Elenco
Charlie Puth,Charlie Puth: Rock in Rio 2024,Elenco
Caio Vinícius,O Silêncio da Singularidade,Elenco
Rafael Câmara,O Silêncio da Singularidade,Elenco
Beti Rodrigues,O Silêncio da Singularidade,Elenco
Flávia Monteiro,O Silêncio da Singularidade,Elenco
Samara Maria,O Silêncio da Singularidade,Elenco
Jota Isnard,O Silêncio da Singularidade,Elenco
Samara Maria,O Silêncio da Singularidade,Producer
Julio Alves,O Silêncio da Singularidade,Producer
Julio Alves,O Silêncio da Singularidade,Director
Flávia Monteiro,O Silêncio da Singularidade,Producer
Julio Alves,O Silêncio da Singularidade,Writer
Caio Vinícius,O Silêncio da Singularidade,Producer
Lucas Veloso,Juvenal and the Dragon,Elenco
Maria Alice Gadelha,Juvenal and the Dragon,Elenco
Fernando Teixeira,Juvenal and the Dragon,Elenco
Dadá Venceslau,Juvenal and the Dragon,Elenco
Naldo Fernandes,Juvenal and the Dragon,Elenco
Beto Quirino,Juvenal and the Dragon,Elenco
Melquizedeque Bernardo,Juvenal and the Dragon,Elenco
Erica Maria,Juvenal and the Dragon,Elenco
Oscar Neto,Juvenal and the Dragon,Elenco
Anne Karolynne,Juvenal and the Dragon,Elenco
Luis Eduardo Farias,Juvenal and the Dragon,Elenco
Raquel Rolim,Juvenal and the Dragon,Elenco
Magna Fontes,Juvenal and the Dragon,Elenco
Natalí Toledo,Juvenal and the Dragon,Elenco
Natalí Toledo,Juvenal and the Dragon,Director
Wesley Guimarães,Passagrana,Elenco
Juan Queiroz,Passagrana,Elenco
Elzio Vieira,Passagrana,Elenco
Wenry Bueno,Passagrana,Elenco
Giovanna Grigio,Passagrana,Elenco
Carol Castro,Passagrana,Elenco
Luciana Paes,Passagrana,Elenco
Marco Luque,Passagrana,Elenco
Caco Ciocler,Passagrana,Elenco
Irene Ravache,Passagrana,Elenco
Ravel Cabral,Passagrana,Elenco
Ernani Sanchez,Passagrana,Elenco
Iuri Saraiva,Passagrana,Elenco
Leandro Ramos,Passagrana,Elenco
Tati Zucato,Passagrana,Elenco
José Trassi,Passagrana,Elenco
Wagner Santisteban,Passagrana,Elenco
Gabriel Muglia,Passagrana,Elenco
Alex Gruli,Passagrana,Elenco
Fred Steffen,Passagrana,Elenco
Celso 'Not Dead' Camargo,Passagrana,Elenco
Leonardo Bianchi,Passagrana,Elenco
Sabrina Nonata,Passagrana,Elenco
Michel Pereira,Passagrana,Elenco
Luma Eckert,Passagrana,Elenco
João Paulo Bienermann,Passagrana,Elenco
Gabriela Sugui,Passagrana,Elenco
Fernando Rubro,Passagrana,Elenco
Lina Tag,Passagrana,Elenco
Vini Ranieri,Passagrana,Elenco
Flávia Strongolli,Passagrana,Elenco
Victor Hugo Sorrentino,Passagrana,Elenco
Márcia de Oliveira,Passagrana,Elenco
Felipe Souza,Passagrana,Elenco
Sávio Meneses,Passagrana,Elenco
Bruno Pacheco,Passagrana,Elenco
Ravel Cabral,Passagrana,Director
Ravel Cabral,Passagrana,Writer
Simoni de Mendonça,Passagrana,Producer
Lucas Vivo García Lagos,Passagrana,Producer
Roberto Vivo Chanetón,Passagrana,Producer
Gloria Gaynor,Gloria Gaynor: Rock in Rio 2024,Elenco
Ivete Sangalo,Ivete Sangalo: Rock in Rio 2024,Elenco
Cyndi Lauper,Cyndi Lauper: Rock in Rio 2024,Elenco
Katy Perry,Cyndi Lauper: Rock in Rio 2024,Elenco
Ashibah,Ashibah: Rock in Rio 2024,Elenco
Alison Wonderland,Alison Wonderland: Rock in Rio 2024,Elenco
Clodomir Santos,Nosso Calvário - Lições no meu leito de dor,Elenco
Katy Perry,Katy Perry: Rock in Rio 2024,Elenco
Cyndi Lauper,Katy Perry: Rock in Rio 2024,Elenco
John John Sampaio,Tipos de Sutileza,Elenco
Maria Eduarda Leiras,Tipos de Sutileza,Elenco
Beatriz Escobar,Tipos de Sutileza,Elenco
Jean-Marcel,Tipos de Sutileza,Elenco
João Vitor Martins,Tipos de Sutileza,Elenco
Max Amaral Júnior,Tipos de Sutileza,Elenco
João Vitor Martins,Tipos de Sutileza,Director
João Vitor Martins,Tipos de Sutileza,Writer
Beatriz Escobar,Tipos de Sutileza,Writer
John John Sampaio,Tipos de Sutileza,Writer
Max Amaral Júnior,Tipos de Sutileza,Writer
Carlos Vaz Martins,Intragável Vinho Tinto,Elenco
Mélanie Rodrigues,Intragável Vinho Tinto,Elenco
Felipe Oliveira,Intragável Vinho Tinto,Elenco
Ana Beatriz Fernandes,Intragável Vinho Tinto,Elenco
Simone Oliveira,Intragável Vinho Tinto,Elenco
Gui Brum,Intragável Vinho Tinto,Elenco
João Chimendes,Intragável Vinho Tinto,Director
João Chimendes,Intragável Vinho Tinto,Writer
Felipe Oliveira,Intragável Vinho Tinto,Writer
Dara Oliver,Piracicaba Nunca Esqueceu,Director
Morgana Loren,Travesqueen - A Cultura de Ballroom no Vale do Paraíba,Elenco
Brun Willi,Travesqueen - A Cultura de Ballroom no Vale do Paraíba,Elenco
Bruniely Lemos,Travesqueen - A Cultura de Ballroom no Vale do Paraíba,Elenco
Ana Vieira,Travesqueen - A Cultura de Ballroom no Vale do Paraíba,Elenco
Kika Medina,Travesqueen - A Cultura de Ballroom no Vale do Paraíba,Elenco
Danilo Morales,Travesqueen - A Cultura de Ballroom no Vale do Paraíba,Director
Morgana Loren,Travesqueen - A Cultura de Ballroom no Vale do Paraíba,Director
Bella Oliveira,Travesqueen - A Cultura de Ballroom no Vale do Paraíba,Producer
Morgana Loren,Travesqueen - A Cultura de Ballroom no Vale do Paraíba,Writer
Larissa Arantes,Travesqueen - A Cultura de Ballroom no Vale do Paraíba,Producer
Eli Iwasa,Eli Iwasa X Ratier: Rock in Rio 2024,Elenco
Ratier,Eli Iwasa X Ratier: Rock in Rio 2024,Elenco
Beltran,Beltran x Classmatic: Rock in Rio 2024,Elenco
Classmatic,Beltran x Classmatic: Rock in Rio 2024,Elenco
Lip D´Carli,Pharmakon - O Show da Destruição,Elenco
Rízia Fernandes,Pharmakon - O Show da Destruição,Elenco
Jey Felipe,Pharmakon - O Show da Destruição,Elenco
Ângelo Santoro,Pharmakon - O Show da Destruição,Director
Alessandro Véras,Pharmakon - O Show da Destruição,Producer
Yasmin Yohanna,Telepathic Encounters,Elenco
Milla Misquita,Telepathic Encounters,Elenco
Issa Meguerditchian,Telepathic Encounters,Elenco
Renata Gomes,Telepathic Encounters,Writer
Henfil,Telepathic Encounters,Director
Luis Felipe Moraes,Telepathic Encounters,Producer
Shaolin Shabba,The Holy Inquisition,Elenco
Emanuel Dias,The Holy Inquisition,Elenco
Anderson Ricardo,The Holy Inquisition,Elenco
Théo Arthen,The Holy Inquisition,Elenco
Tatiane Damasceno,The Holy Inquisition,Elenco
Edu Escames,The Holy Inquisition,Elenco
Jammes Marttins,The Holy Inquisition,Elenco
Matheus Miranda,The Holy Inquisition,Elenco
Rafel Mattos,The Holy Inquisition,Elenco
Gustavo Paixão,The Holy Inquisition,Director
G. S. Neves,The Holy Inquisition,Producer
Gustavo Paixão,The Holy Inquisition,Producer
Carol Magno,Visagens e visões,Elenco
Roberto Ribeiro,Visagens e visões,Elenco
Rod Rodrigues,Visagens e visões,Director
Alcione,Homenagem a Alcione: Rock in Rio 2024,Elenco
Diogo Nogueira,Homenagem a Alcione: Rock in Rio 2024,Elenco
Maria Rita,Homenagem a Alcione: Rock in Rio 2024,Elenco
Majur,Homenagem a Alcione: Rock in Rio 2024,Elenco
Mart'nália,Homenagem a Alcione: Rock in Rio 2024,Elenco
Péricles,Homenagem a Alcione: Rock in Rio 2024,Elenco
Lucas Ruback,Dubdogz: Rock in Rio 2024,Elenco
Marcos Ruback,Dubdogz: Rock in Rio 2024,Elenco
Bhaskar,Bhaskar: Rock in Rio 2024,Elenco
Belo,Belo: Rock in Rio 2024,Elenco
Akon,Akon: Rock in Rio 2024,Elenco
Shawn Mendes,Shawn Mendes: Rock in Rio 2024,Elenco
Mike Sabath,Shawn Mendes: Rock in Rio 2024,Elenco
Eddie Benjamin,Shawn Mendes: Rock in Rio 2024,Elenco
Mariah Carey,Mariah Carey: Rock in Rio 2024,Elenco
Trey Lorenz,Mariah Carey: Rock in Rio 2024,Elenco
Remela,Faz Todo Sentido Chover,Elenco
Remela,Faz Todo Sentido Chover,Writer
Remela,Faz Todo Sentido Chover,Director
Red,Colours,Elenco
Orange,Colours,Elenco
Yellow,Colours,Elenco
Pink,Colours,Elenco
Blue,Colours,Elenco
Purple,Colours,Elenco
Green,Colours,Elenco
Clint Bones,Colours,Director
Clint Bones,Colours,Producer
Sérgio Andrade,Tá Sabendo?,Elenco
Gabriela Caprini,Tá Sabendo?,Elenco
Wilson Araújo,Tá Sabendo?,Elenco
Paulo Augusto,Tá Sabendo?,Elenco
Lucas Verão,Tá Sabendo?,Writer
Lucas Verão,Tá Sabendo?,Director
Bruno Matos,"Blogueirinha, the Ugly",Elenco
Igor Cosso,"Blogueirinha, the Ugly",Elenco
Eduardo Camargo,"Blogueirinha, the Ugly",Elenco
Filipe Oliveira,"Blogueirinha, the Ugly",Elenco
Lorelay Fox,"Blogueirinha, the Ugly",Elenco
Tatá M. Shady,"Blogueirinha, the Ugly",Elenco
Olive Oil,"Blogueirinha, the Ugly",Elenco
Nátaly Neri,"Blogueirinha, the Ugly",Elenco
Maicon Santini,"Blogueirinha, the Ugly",Elenco
Gabie Fernandes,"Blogueirinha, the Ugly",Elenco
Mari Maria,"Blogueirinha, the Ugly",Elenco
Luan Iaconis,"Blogueirinha, the Ugly",Elenco
Rafael Dias,"Blogueirinha, the Ugly",Director
Flávia Perez,"Blogueirinha, the Ugly",Director
Flávia Perez,"Blogueirinha, the Ugly",Writer
Felipe Alfieri,"Blogueirinha, the Ugly",Writer
Yann Franco,A Bruxa e o Minhoco,Elenco
Arthur Monteiro,A Bruxa e o Minhoco,Elenco
Yann Franco,A Bruxa e o Minhoco,Director
Yann Franco,A Bruxa e o Minhoco,Writer
Kelvin Andrade,A Bruxa e o Minhoco,Writer
Laiany AG,A Bruxa e o Minhoco,Producer
Billy,O Dia de Um Cachorro,Elenco
Kauã Henrique,O Dia de Um Cachorro,Director
Ana Alice Cavalcanti,Infelizmente Loira,Elenco
Roberto Lasflal,Infelizmente Loira,Elenco
Igor Martins Rocha,Infelizmente Loira,Director
Rodrigo Almeida,Verão sem Fim,Director
Aisha Brunno,O Caderno de Avenca,Director
Angela Maria Silveira,Cadeira Vazia,Director
Ephigênia Lopes,Cadeira Vazia,Director
Rosângela Lererê,Cadeira Vazia,Director
Beth Couto,Cadeira Vazia,Director
Maria Sônia Rodrigues,Cadeira Vazia,Director
Nathan Souza,Cadeira Vazia,Director
Adilson Luiz,Cadeira Vazia,Director
Gabriela Coelho,Cadeira Vazia,Director
Lucas Rodrigues,Cadeira Vazia,Director
Mônica Maria,Cadeira Vazia,Director
Nato Matrix,Cadeira Vazia,Director
Felipe Maya Jatobá,"Ri, Bola",Elenco
César Nogueira,"Ri, Bola",Elenco
Wermon Stattos,"Ri, Bola",Elenco
Isabela Catão,"Ri, Bola",Elenco
Daniel Ferrat,"Ri, Bola",Elenco
Robson Ney,"Ri, Bola",Elenco
Andreza Afroamazônica,"Ri, Bola",Elenco
Diego Bauer,"Ri, Bola",Director
Lucas Fidelis,Réquiem,Elenco
Joanna Pizará,Réquiem,Elenco
Vinícius Henrique,Réquiem,Elenco
Matheus Moreira,Réquiem,Elenco
Mª Eduarda Faria,Réquiem,Elenco
Vinícius Henrique,Réquiem,Director
Vinícius Henrique,Réquiem,Writer
Rafael Bagnara,Amnesiac Time,Director
Donny Correia,Amnesiac Time,Director
Raia Schnaider,Duplo Retrato,Elenco
Bruma de Sá,Duplo Retrato,Director
Bruma de Sá,Duplo Retrato,Writer
Coffin Souza,"48°52'6""S 123°23'6""W",Elenco
Eliza Bathory,"48°52'6""S 123°23'6""W",Elenco
Petter Baiestorf,"48°52'6""S 123°23'6""W",Director
Petter Baiestorf,"48°52'6""S 123°23'6""W",Producer
Petter Baiestorf,"48°52'6""S 123°23'6""W",Writer
Petter Baiestorf,Lacan Freud,Elenco
Coffin Souza,Lacan Freud,Elenco
Petter Baiestorf,Lacan Freud,Producer
Coffin Souza,Lacan Freud,Producer
Petter Baiestorf,Lacan Freud,Writer
Petter Baiestorf,Lacan Freud,Director
Isidoro Neto,O Corpo Fala,Elenco
Jaqueline Lince,O Corpo Fala,Elenco
André Bakka,O Corpo Fala,Elenco
Lucia Reis,O Corpo Fala,Elenco
Aline Lindoso,O Corpo Fala,Elenco
Marconi Franco,O Corpo Fala,Director
Marconi Franco,O Corpo Fala,Writer
Fernanda Costa,O Corpo Fala,Producer
Rayane Sthefanny,Expurgo,Elenco
Ana Vitória,Expurgo,Elenco
Kauan dos Santos,Expurgo,Elenco
Karen,Expurgo,Elenco
Marlon Carlotto,Expurgo,Director
Rafael César,Sapraquifa,Elenco
Karol Medeiros,Sapraquifa,Elenco
Tininha Godói,Sapraquifa,Elenco
Victor Wagner,Sapraquifa,Elenco
Augustto Gomes,Sapraquifa,Elenco
Max Michel,Sapraquifa,Director
Cláudio Silva,Tu Oro,Elenco
Dênis Langois,Tu Oro,Elenco
Marina Beckman,Tu Oro,Producer
Marcelo Sá,Tu Oro,Producer
Josué Castilho França,Viagens para o Interior: Vila do Cocal,Elenco
Elaína Ferreira,Viagens para o Interior: Vila do Cocal,Director
Elaína Ferreira,Viagens para o Interior: Vila do Cocal,Producer
Juliana Capilé,Asa Delta,Elenco
Everaldo Pontes,Asa Delta,Elenco
Ângela Coradini,Asa Delta,Director
Felippy Damian,Asa Delta,Director
Lucca Fucci Cantisano,Nada Levarei,Director
Sofia d'Ávila,Nada Levarei,Producer
Eliza Samudio,An Invisible Victim: The Eliza Samudio Case,Elenco
Bruno Fernandes de Souza,An Invisible Victim: The Eliza Samudio Case,Elenco
Angela Romano,An Invisible Victim: The Eliza Samudio Case,Elenco
Alexandre Barroso,An Invisible Victim: The Eliza Samudio Case,Elenco
Caio Barbosa,An Invisible Victim: The Eliza Samudio Case,Elenco
Carla Bó,An Invisible Victim: The Eliza Samudio Case,Elenco
Carla Silene,An Invisible Victim: The Eliza Samudio Case,Elenco
Dayanne Rodrigues,An Invisible Victim: The Eliza Samudio Case,Elenco
Denise Ribeiro,An Invisible Victim: The Eliza Samudio Case,Elenco
Dulci Pilger,An Invisible Victim: The Eliza Samudio Case,Elenco
Edson Moreira,An Invisible Victim: The Eliza Samudio Case,Elenco
Hudson Corrêa,An Invisible Victim: The Eliza Samudio Case,Elenco
Luciane Miller,An Invisible Victim: The Eliza Samudio Case,Elenco
Luiz Carlos Samudio,An Invisible Victim: The Eliza Samudio Case,Elenco
Marixa Rodrigues,An Invisible Victim: The Eliza Samudio Case,Elenco
Cooke Samudio,An Invisible Victim: The Eliza Samudio Case,Elenco
Monica Castro,An Invisible Victim: The Eliza Samudio Case,Elenco
Tiago Lenoir,An Invisible Victim: The Eliza Samudio Case,Elenco
Silvia Oliveira,An Invisible Victim: The Eliza Samudio Case,Elenco
Sonia Moura,An Invisible Victim: The Eliza Samudio Case,Elenco
Mia Ayala,An Invisible Victim: The Eliza Samudio Case,Elenco
Jojo Santos,An Invisible Victim: The Eliza Samudio Case,Elenco
Wagner Jovanaci,An Invisible Victim: The Eliza Samudio Case,Elenco
Juliana Antunes,An Invisible Victim: The Eliza Samudio Case,Director
Carol Pires,An Invisible Victim: The Eliza Samudio Case,Writer
Caroline Margoni,An Invisible Victim: The Eliza Samudio Case,Writer
Gustavo Mello,An Invisible Victim: The Eliza Samudio Case,Producer
Vitória Vasconcellos,Esconde-Esconde,Elenco
Glória Maciel,Esconde-Esconde,Elenco
Luciana Lyra,Esconde-Esconde,Elenco
Ronna Salgado,Esconde-Esconde,Elenco
Marcela de Barros,Esconde-Esconde,Elenco
Lívia Verneque,Esconde-Esconde,Elenco
Kai,Esconde-Esconde,Elenco
Helena Vila Verde,Esconde-Esconde,Elenco
Carolina Vila Verde,Esconde-Esconde,Elenco
Catarina Vila Verde,Esconde-Esconde,Elenco
Vitória Vasconcellos,Esconde-Esconde,Director
Vitória Vasconcellos,Esconde-Esconde,Producer
Vitória Vasconcellos,Esconde-Esconde,Writer
Pedro Fiuza,Esconde-Esconde,Producer
Mariana Hardi,Esconde-Esconde,Producer
Julian Nebreda-Bello,Esconde-Esconde,Producer
Thay Limeira,Terra De Ciganos,Producer
Guilherme César,Terra De Ciganos,Producer
Naji Sidki,Terra De Ciganos,Director
Débora Almeida,Rainha Pam,Elenco
Isabella Fernandes,Rainha Pam,Elenco
Jackson Lemes,Rainha Pam,Director
Jackson Lemes,Rainha Pam,Writer
Pedro Laudiauser,Divino Delírio,Elenco
Gabriela Thomé,Divino Delírio,Elenco
John John Sampaio,Divino Delírio,Elenco
Victor Arthur,Divino Delírio,Elenco
Maria Eduarda Leiras,Divino Delírio,Elenco
João Vitor Martins,Divino Delírio,Elenco
Achiles Dantas,Divino Delírio,Elenco
João Vitor Martins,Divino Delírio,Director
Achiles Dantas,Divino Delírio,Writer
Anny Rastelli,Heres,Elenco
Milenne Miranda,Heres,Elenco
Filipe Cage,Heres,Elenco
Alisson Libório,Heres,Elenco
Alisson Libório,Heres,Director
Alisson Libório,Heres,Writer
Flávio Lukas,Davi e o Reino,Elenco
Luara Beatriz,Davi e o Reino,Elenco
Rosa Reis,Davi e o Reino,Elenco
Arthur Rosa,Davi e o Reino,Director
Arthur Rosa,Davi e o Reino,Writer
Josh Baconi,Davi e o Reino,Producer
Patricia Iglezio,Davi e o Reino,Producer
Yuri Logrado,Davi e o Reino,Producer
Gabriel Marques,Davi e o Reino,Producer
Bruno Ferreira,Davi e o Reino,Producer
Caio Sena,Palácio das Memórias,Elenco
Junior Wanzeler,Palácio das Memórias,Elenco
Thiago Figueiredo,Palácio das Memórias,Elenco
Andreson Azevedo,Palácio das Memórias,Elenco
Tales Palha,Palácio das Memórias,Elenco
Junior Wanzeler,Palácio das Memórias,Director
Tales Palha,Palácio das Memórias,Director
Sullivan,Palácio das Memórias,Writer
Junior Wanzeler,Palácio das Memórias,Writer
Vi Araújo,Colina Impetuosa,Elenco
Miguel Alves,Colina Impetuosa,Elenco
André Gabriel,Colina Impetuosa,Director
André Gabriel,Colina Impetuosa,Writer
Cenir Silva,Maestra,Elenco
Bruna Piantino,Maestra,Director
Paulo Vitor Luz,Amparo de Valença: Uma Fé Inabalável,Director
Paulo Vitor Luz,Amparo de Valença: Uma Fé Inabalável,Writer
Fábio Narciso,A day like any others,Elenco
Marco Rodrigues,A day like any others,Elenco
Fábio Narciso,A day like any others,Director
Fábio Narciso,A day like any others,Writer
Suely Maria,As Curvas da Estrada,Elenco
Mané Brandão,As Curvas da Estrada,Elenco
Winícius Araújo,As Curvas da Estrada,Director
Winícius Araújo,As Curvas da Estrada,Writer
Winícius Araújo,As Curvas da Estrada,Producer
Danilo,Taximetro,Elenco
Paulo Cristiano,Taximetro,Elenco
Jesus Oliveira,Taximetro,Elenco
Jorge Luis,Taximetro,Elenco
Paulo Antônio,Taximetro,Elenco
Luiz Evandro,Taximetro,Elenco
Roberto Matheus,Taximetro,Elenco
Vivaldino,Taximetro,Elenco
Flávio,Taximetro,Elenco
José Cestari,Taximetro,Elenco
Edu Loy,Taximetro,Elenco
Antônia Andrades De Sordi,Taximetro,Director
Igor Xavier,Taximetro,Director
Antônia Andrades De Sordi,Taximetro,Writer
Igor Xavier,Taximetro,Writer
Keven Barbosa,Dança dos Meninos,Elenco
J. Bueno,Dança dos Meninos,Elenco
Aruana Zambi,Dança dos Meninos,Elenco
Cláudia Assunção,Dança dos Meninos,Elenco
Evelly Araújo,Dança dos Meninos,Elenco
Iandra Nicole,Dança dos Meninos,Elenco
Milton,Dança dos Meninos,Elenco
Gustavo Aguiar,Dança dos Meninos,Elenco
Gabriel Brescia,Dança dos Meninos,Director
Gabriel Brescia,Dança dos Meninos,Producer
João Pedro Diniz,Dança dos Meninos,Producer
Carla Candiotto,Balzaquianas,Elenco
Cida Baptista,Balzaquianas,Elenco
Juliana Lourenção,Balzaquianas,Elenco
Juliana Yurk,Balzaquianas,Elenco
Mel Duarte,Balzaquianas,Elenco
Caroline Roehrig,Balzaquianas,Elenco
Ales de Lara,Balzaquianas,Director
Karen Furbino,Balzaquianas,Director
Michelle Rodrigues,Balzaquianas,Director
Raphael Lages,Small Steps,Director
Davi Gomes,Small Steps,Director
Rodrigo Giannetto,O Grito,Director
Fred Viotti,O Grito,Writer
Jorge Souza,O Grito,Writer
Eduardo Carvalho,The Amityville Exploitation,Elenco
Jonathan Rodrigues,The Amityville Exploitation,Director
Jonathan Rodrigues,The Amityville Exploitation,Producer
Lívia de Castro,Coisa Triste Eu Esqueço,Director
Vinícius Saraiva,Coisa Triste Eu Esqueço,Director
Murylo Benicio,Coisa Triste Eu Esqueço,Producer
Laila Venâncio,Coisa Triste Eu Esqueço,Producer
Jovina Pereira dos Santos,Vincular e Entrelaçar,Elenco
Maria Rosa de Oliveira,Vincular e Entrelaçar,Elenco
Ilda Angélica de Souza,Vincular e Entrelaçar,Elenco
Hebert Jonas,Vincular e Entrelaçar,Elenco
Hebert Jonas,Vincular e Entrelaçar,Director
Vitor Marrom Silva,Epiphany/Visible,Elenco
Luane Felix,Epiphany/Visible,Elenco
Ari Dos Santos,Epiphany/Visible,Elenco
Heitor Pinheiro,Epiphany/Visible,Director
Manassés Lopes,Epiphany/Visible,Director
Charles Alexandre C. Filgueira,Epiphany/Visible,Writer
Heitor Pinheiro,Epiphany/Visible,Writer
Charles Alexandre C. Filgueira,Epiphany/Visible,Producer
Kirllyan de souza,Epiphany/Visible,Producer
Mariana Araújo,Epiphany/Visible,Producer
Hannah Borges,Epiphany/Visible,Producer
Matheus Lourenço,Epiphany/Visible,Producer
Caio Omena,Roteiro de Sons,Director
Caio Omena,Roteiro de Sons,Writer
Thales Felipe,"BARCELONA, MEU AMOR",Director
Arthur Gustavo,"BARCELONA, MEU AMOR",Director
Raidol,Solstice,Elenco
Viviane Batidão,Solstice,Elenco
Karen Francis,Solstice,Elenco
Anna Suay,Solstice,Elenco
Mestre Lourival Igarapé,Solstice,Elenco
Dona Onete,Solstice,Elenco
Couple of Things,Solstice,Director
Couple of Things,Solstice,Writer
Adilson Tiamo,Tresnoitar,Elenco
Beatriz Souza,Tresnoitar,Elenco
Danyella Faria,Tresnoitar,Elenco
Dan Cruz,Tresnoitar,Elenco
Flávio Avancini,Tresnoitar,Elenco
João Vitor Tostes,Tresnoitar,Elenco
João Vitor Tostes,Tresnoitar,Elenco
Yolan Fernandes,Tresnoitar,Elenco
Carol Faxas,Tresnoitar,Elenco
Nathália Honório,Tresnoitar,Elenco
José Claudio Souza Alves,Tresnoitar,Elenco
Dan Cruz,Tresnoitar,Writer
Fábio Mendes,Tresnoitar,Writer
Leonam Rodrigues,Tresnoitar,Writer
Marina Maria,Tresnoitar,Writer
Richardson Breda,Tresnoitar,Writer
Marcelo Albuquerque,Tresnoitar,Director
Felipe Lopes Basilichi,Eternamente Cidadão Kane,Elenco
Henrique Gustavo Lopes Ribeiro,Eternamente Cidadão Kane,Elenco
Marcos Ribeiro,Eternamente Cidadão Kane,Elenco
Alex Deodato,Eternamente Cidadão Kane,Elenco
Rafa Deodato,Eternamente Cidadão Kane,Elenco
Felipe Lopes Basilichi,Eternamente Cidadão Kane,Director
Felipe Lopes Basilichi,Eternamente Cidadão Kane,Writer
Tom Stourton,The Farm,Elenco
Aurora Dawson-Hunte,The Farm,Elenco
Bruno Kott,The Farm,Elenco
Bia Toledo,The Farm,Elenco
Alex Albino,The Farm,Elenco
James Turpin,The Farm,Elenco
Victor Nauwynck,The Farm,Producer
Shir Ariya,The Farm,Writer
Leo Villares,The Farm,Director
Leo Villares,The Farm,Writer
Nathan M. Legger,The Farm,Producer
Di Ferrero,NX Zero - Tour Cedo ou Tarde Ao Vivo,Elenco
Fi Ricardo,NX Zero - Tour Cedo ou Tarde Ao Vivo,Elenco
Gee Rocha,NX Zero - Tour Cedo ou Tarde Ao Vivo,Elenco
Daniel Weksler,NX Zero - Tour Cedo ou Tarde Ao Vivo,Elenco
Caco Grandino,NX Zero - Tour Cedo ou Tarde Ao Vivo,Elenco
Dalton Sala,Capivara - Arte Rupestre no Sul do Piauí,Director
Marjorie Gerardi,Sophia,Elenco
Rafael Santin,Sophia,Elenco
Caio Magalhães,Sophia,Elenco
Glauce Graieb,Sophia,Elenco
Tuna Dwek,Sophia,Elenco
Rafael Santin,Sophia,Director
Henrique Sattin,Sophia,Director
Luiz Paulo Conde,O Arquiteto do Rio,Elenco
Emilio Hucs Gallo,O Arquiteto do Rio,Director
Helena Lustosa,Buddhawoman,Elenco
Helena Lustosa,Buddhawoman,Director
Marley Vera Tupã,Montanha,Elenco
Jaqueline Fernandez,Montanha,Elenco
Augustinho Karaí,Montanha,Elenco
Marciana Para Mirim,Montanha,Elenco
Kasia Mich,Montanha,Director
Débora Saraiva,Montanha,Director
Mariana Soares,O Ano em Que o Frevo Não Foi Pra Rua,Director
Bruno Mazzoco,O Ano em Que o Frevo Não Foi Pra Rua,Director
Bruno Mazzoco,O Ano em Que o Frevo Não Foi Pra Rua,Writer
Bruno Mazzoco,O Ano em Que o Frevo Não Foi Pra Rua,Producer
Mariana Soares,O Ano em Que o Frevo Não Foi Pra Rua,Producer
Mariana Soares,O Ano em Que o Frevo Não Foi Pra Rua,Writer
Junior,A Turma do Maestro Junior,Elenco
Djalminha,A Turma do Maestro Junior,Elenco
Paulo Nunes,A Turma do Maestro Junior,Elenco
Daniel Furiati Sroulevich,A Turma do Maestro Junior,Director
Raphael Vieira,A Turma do Maestro Junior,Director
Calomene Índio do Brasil,Viagem ao Fado Brasileiro,Elenco
Manoel Rodrigues,Viagem ao Fado Brasileiro,Elenco
Palmira Rodrigues,Viagem ao Fado Brasileiro,Elenco
Carolina de Cássia Ribeiro de Abreu,Viagem ao Fado Brasileiro,Director
Jeane dos Santos,Catadoras,Elenco
Suelen dos Santos,Catadoras,Elenco
Francisca Rabelo,Catadoras,Elenco
Aline Sous,Catadoras,Elenco
Dayse Porto,Catadoras,Director
Acioli Cancellier,Justiça em Estado de Exceção,Elenco
Amanda Rodrigues,Justiça em Estado de Exceção,Elenco
Ana Clara Campos,Justiça em Estado de Exceção,Elenco
Andréa Pachá,Justiça em Estado de Exceção,Elenco
Dani Monteiro,Justiça em Estado de Exceção,Elenco
Silvio Tendler,Justiça em Estado de Exceção,Director
Priscilla Brasil,Nas Ruínas do American Dream,Director
Cícera Bezerra,Olhar de Cícera,Elenco
Melina Soulz,Olhar de Cícera,Director
Leo Braga,Anjo Negro,Elenco
Duda Menezes,Anjo Negro,Elenco
Effora Consoli,Anjo Negro,Elenco
Noah Handan,Anjo Negro,Elenco
Marcus Dartagnãn,Anjo Negro,Director
Haroldo Costa,Brasiliana: O Musical Negro que Apresentou o Brasil ao Mundo,Elenco
Inaicyra Falcão,Brasiliana: O Musical Negro que Apresentou o Brasil ao Mundo,Elenco
Watusi,Brasiliana: O Musical Negro que Apresentou o Brasil ao Mundo,Elenco
Marinês Yagnes,Brasiliana: O Musical Negro que Apresentou o Brasil ao Mundo,Elenco
Gino Askanasy,Brasiliana: O Musical Negro que Apresentou o Brasil ao Mundo,Elenco
Joel Zito Araújo,Brasiliana: O Musical Negro que Apresentou o Brasil ao Mundo,Director
Felippe Machado Ferreira,A Bola Mágica de Futebol,Elenco
Gael Morete Ferreira,A Bola Mágica de Futebol,Elenco
Ravi Morete Ferreira,A Bola Mágica de Futebol,Elenco
Felippe Machado Ferreira,A Bola Mágica de Futebol,Director
Roberto Levy,Cine Globo: uma Vida de Cinema,Elenco
Christian Jafas,Cine Globo: uma Vida de Cinema,Director
Carlos Roberto Grün,Cine Globo: uma Vida de Cinema,Director
Cleiton Gambier Rocha,Campo de Santana,Elenco
Peter Lucas,Campo de Santana,Director
Darupü’üna,O Encantar das Folhas,Elenco
Iyá Ewé Angela Gomes,O Encantar das Folhas,Elenco
Humbono Misiò Luiz Fernando,O Encantar das Folhas,Elenco
Babalorixá Sidney d’Oxóssi,O Encantar das Folhas,Elenco
Mam’etu Muiandê,O Encantar das Folhas,Elenco
Pedro Aspahan,O Encantar das Folhas,Director
César Guimarães,O Encantar das Folhas,Director
Michel Misse,Abaixando a Máquina 3 - Crônicas do Jornalismo Policial,Elenco
Ancelmo Gois,Abaixando a Máquina 3 - Crônicas do Jornalismo Policial,Elenco
Pedro Doria,Abaixando a Máquina 3 - Crônicas do Jornalismo Policial,Elenco
Severino Silva,Abaixando a Máquina 3 - Crônicas do Jornalismo Policial,Elenco
Domingos Peixoto,Abaixando a Máquina 3 - Crônicas do Jornalismo Policial,Elenco
Guillermo Planel,Abaixando a Máquina 3 - Crônicas do Jornalismo Policial,Director
Nízia Aparecida de Almeida,A Quebra do Cego,Elenco
Joana Pimenta,A Quebra do Cego,Director
Máyy Koffle,O Som Alcança o Sol,Elenco
Gerasimo Sosa Alache,O Som Alcança o Sol,Elenco
Jose Luiz Yamunaque,O Som Alcança o Sol,Elenco
Lilibell Torrejón Cepedillo,O Som Alcança o Sol,Elenco
Bruna Epiphanio,O Som Alcança o Sol,Director
Maria da Luz Fosenca,A Luta de Nzinga,Elenco
Eduardo Cunha Souza,A Luta de Nzinga,Director
Kamily Wagner,Monster Story,Elenco
Pascal Berten,Monster Story,Elenco
Araci Esteves,Monster Story,Elenco
Décio Worst,Monster Story,Elenco
Germano de Oliveira,Monster Story,Director
Jessica Luz,Monster Story,Producer
Paola Wink,Monster Story,Producer
Valter Machado,O Rio das Almas Perdidas,Elenco
Matia Lja,O Rio das Almas Perdidas,Elenco
Fernanda Moraes,O Rio das Almas Perdidas,Elenco
Aimée Duarte,O Rio das Almas Perdidas,Elenco
Brenno Santos,O Rio das Almas Perdidas,Elenco
Victor Ribeiro,O Rio das Almas Perdidas,Director
Bruna Mascarenhas,"Amor, Doce Confusão",Elenco
Danilo Grangheia,"Amor, Doce Confusão",Elenco
Bella Camero,"Amor, Doce Confusão",Elenco
Samya Pascotto,"Amor, Doce Confusão",Elenco
Georgette Fadel,"Amor, Doce Confusão",Elenco
Toti Loureiro,"Amor, Doce Confusão",Director
Narciso Horácio Doval,"Doval, o Gringo Mais Carioca do Futebol",Elenco
Sergio Rossini,"Doval, o Gringo Mais Carioca do Futebol",Director
Federico Bardini,"Doval, o Gringo Mais Carioca do Futebol",Director
Marco Altberg,"Doval, o Gringo Mais Carioca do Futebol",Producer
Sergio Rossini,"Doval, o Gringo Mais Carioca do Futebol",Writer
Federico Bardini,"Doval, o Gringo Mais Carioca do Futebol",Writer
Georgia Bergamim,"Apesar De,",Elenco
Beatriz Balsini Prates,"Apesar De,",Director
Beatriz Balsini Prates,"Apesar De,",Writer
Beatriz Balsini Prates,"Apesar De,",Producer
Luciana Festi,"Apesar De,",Producer
Rodrigo Sanches,Ulisses,Elenco
Ana Carolina Marinho,Ulisses,Elenco
Lorena Lobato,Ulisses,Elenco
Luana Frez,Ulisses,Elenco
Rebecca Leão,Ulisses,Elenco
Cristiano Burlan,Ulisses,Director
Ana Carolina Marinho,Ulisses,Writer
Cristiano Burlan,Ulisses,Writer
Rodrigo Sanches,Ulisses,Writer
Ramires,"A Quem Interessar Possa, Esta Vida Invertida",Elenco
Dona Mariazinha,"A Quem Interessar Possa, Esta Vida Invertida",Elenco
Fernando Rick,"A Quem Interessar Possa, Esta Vida Invertida",Director
Fernando Rick,"A Quem Interessar Possa, Esta Vida Invertida",Writer
Manu Guedes,"A Quem Interessar Possa, Esta Vida Invertida",Producer
Guilherme Oliveira,"A Quem Interessar Possa, Esta Vida Invertida",Writer
Francisco Eldo Mendes,Uma Pilha de Pratos na Cozinha,Elenco
Luciana Caruso,Uma Pilha de Pratos na Cozinha,Elenco
Alex Gruli,Uma Pilha de Pratos na Cozinha,Elenco
Walter Figueiredo,Uma Pilha de Pratos na Cozinha,Elenco
Francisco Garcia,Uma Pilha de Pratos na Cozinha,Director
Mario Bortolotto,Uma Pilha de Pratos na Cozinha,Writer
Fernando Alves Pinto,Ezequiel & Estevão,Elenco
Dedina Bernardelli,Ezequiel & Estevão,Elenco
Júlia Lund,Ezequiel & Estevão,Elenco
Alcemar Vieira,Ezequiel & Estevão,Elenco
Cláudio Tovar,Ezequiel & Estevão,Elenco
Flavio Graff,Ezequiel & Estevão,Director
Divina Valéria,Unbowed,Elenco
Gilda Nomacce,Unbowed,Elenco
Jéssica Marques,Unbowed,Elenco
Josi Varjão,Unbowed,Elenco
Márcia Limma,Unbowed,Elenco
Antônio Petrin,Unbowed,Elenco
Alana Ayoká,Unbowed,Elenco
Rodrigo Bolzan,Unbowed,Elenco
Tainah Paes,Unbowed,Elenco
Mawusi Tulani,Unbowed,Elenco
Jota Silva,Unbowed,Elenco
Assucena Assucena,Unbowed,Elenco
César Novais,Unbowed,Elenco
Carol Benjamin,Unbowed,Director
Taís Amordivino,Unbowed,Director
Luh Maza,Unbowed,Director
Julia Katharine,Unbowed,Director
Ana do Carmo,Unbowed,Director
Anna Clara Peltier,Unbowed,Writer
Kelliane Wapichana,Eu Sou Neta dos Antigos,Elenco
Cacilda da Silva,Eu Sou Neta dos Antigos,Elenco
Pajé Mariana Tobias,Eu Sou Neta dos Antigos,Elenco
Adriana Miranda,Eu Sou Neta dos Antigos,Director
Heloísa Teixeira,O Nascimento de H. Teixeira,Elenco
Dora Buarque de Hollanda,O Nascimento de H. Teixeira,Elenco
Julia Maradei Buarque de Hollanda,O Nascimento de H. Teixeira,Elenco
Violeta Varejão Buarque de Hollanda,O Nascimento de H. Teixeira,Elenco
João Carlos Horta,O Nascimento de H. Teixeira,Elenco
Roberta Canuto,O Nascimento de H. Teixeira,Director
Noel Rosa,"Noel Rosa, um Espírito Circulante",Elenco
Dori Caymmi,"Noel Rosa, um Espírito Circulante",Elenco
Edu Krieger,"Noel Rosa, um Espírito Circulante",Elenco
Moacyr Luz,"Noel Rosa, um Espírito Circulante",Elenco
Mart'nália,"Noel Rosa, um Espírito Circulante",Elenco
Claudio Jorge,"Noel Rosa, um Espírito Circulante",Elenco
Joana Nin,"Noel Rosa, um Espírito Circulante",Director
Janis Joplin,"Janis, Amores de Carnaval",Elenco
Ricky Ferreira,"Janis, Amores de Carnaval",Elenco
Baby Consuelo,"Janis, Amores de Carnaval",Elenco
Alcione,"Janis, Amores de Carnaval",Elenco
Walter Casagrande Júnior,"Janis, Amores de Carnaval",Elenco
José Paulo Kupfer,"Janis, Amores de Carnaval",Elenco
Ana Isabel Cunha,"Janis, Amores de Carnaval",Director
Paz Encina,Carta a un Viejo Master,Director
Marina Meliande,Carta a un Viejo Master,Producer
Daniel Filho,Armando Costa: “Televisão pra Mim Não é Bico”,Elenco
A.C. Fontoura,Armando Costa: “Televisão pra Mim Não é Bico”,Elenco
Zelito Viana,Armando Costa: “Televisão pra Mim Não é Bico”,Elenco
Jô Soares,Armando Costa: “Televisão pra Mim Não é Bico”,Elenco
Paulo César Peréio,Armando Costa: “Televisão pra Mim Não é Bico”,Elenco
Victor Vasconcellos,Armando Costa: “Televisão pra Mim Não é Bico”,Director
Vinicius de Moraes,Os Afro-Sambas: The Brazil of Baden and Vinicius,Elenco
Baden Powell,Os Afro-Sambas: The Brazil of Baden and Vinicius,Elenco
Nelson Motta,Os Afro-Sambas: The Brazil of Baden and Vinicius,Elenco
Jards Macalé,Os Afro-Sambas: The Brazil of Baden and Vinicius,Elenco
Maria Bethânia,Os Afro-Sambas: The Brazil of Baden and Vinicius,Elenco
Russo Passapusso,Os Afro-Sambas: The Brazil of Baden and Vinicius,Elenco
Hugo Sukman,Os Afro-Sambas: The Brazil of Baden and Vinicius,Elenco
Emílio Domingos,Os Afro-Sambas: The Brazil of Baden and Vinicius,Director
Emílio Domingos,Os Afro-Sambas: The Brazil of Baden and Vinicius,Writer
Diogo Pires Gonçalves,Os Afro-Sambas: The Brazil of Baden and Vinicius,Producer
Renata Leite,Os Afro-Sambas: The Brazil of Baden and Vinicius,Producer
David Kopenawa Yanomami,Kopenawa: Sonhar a Terra-Floresta,Elenco
Ailton Krenak,Kopenawa: Sonhar a Terra-Floresta,Elenco
Gilberto Gil,Kopenawa: Sonhar a Terra-Floresta,Elenco
Claudia Andujar,Kopenawa: Sonhar a Terra-Floresta,Elenco
José Celso Martinez Corrêa,Kopenawa: Sonhar a Terra-Floresta,Elenco
Marco Altberg,Kopenawa: Sonhar a Terra-Floresta,Director
Tainá De Luccas,Kopenawa: Sonhar a Terra-Floresta,Director
Kelly Rosário,Paradeiros,Elenco
Rita Piffer,Paradeiros,Director
Ana Flavia Cavalcanti,Akin's Desert,Elenco
Reynier Morales,Akin's Desert,Elenco
Guga Patriota,Akin's Desert,Elenco
Patricia Galleto,Akin's Desert,Elenco
Welket Bungué,Akin's Desert,Elenco
Bernard Lessa,Akin's Desert,Director
Karine Teles,Trouble in Paradise – The Myth of Motherhood,Elenco
Luciana Froes,Trouble in Paradise – The Myth of Motherhood,Elenco
Élisabeth Badinter,Trouble in Paradise – The Myth of Motherhood,Elenco
Patricia Froes,Trouble in Paradise – The Myth of Motherhood,Director
Patricia Froes,Trouble in Paradise – The Myth of Motherhood,Writer
Tatiana Bacal,Trouble in Paradise – The Myth of Motherhood,Writer
Livia Arbex,Trouble in Paradise – The Myth of Motherhood,Writer
Ana Abreu,Trouble in Paradise – The Myth of Motherhood,Writer
Vânia Catani,Trouble in Paradise – The Myth of Motherhood,Producer
Katerine,Quando Vira a Esquina,Elenco
Belatrix,Quando Vira a Esquina,Elenco
Ingrid,Quando Vira a Esquina,Elenco
Chris Alcazar,Quando Vira a Esquina,Director
Carlos Dafé,"Alma Negra, do Quilombo ao Baile",Elenco
Tony Tornado,"Alma Negra, do Quilombo ao Baile",Elenco
Zezé Motta,"Alma Negra, do Quilombo ao Baile",Elenco
Edna Gonçalves,"Alma Negra, do Quilombo ao Baile",Elenco
Dom Filó,"Alma Negra, do Quilombo ao Baile",Elenco
Flávio Frederico,"Alma Negra, do Quilombo ao Baile",Director
Brunu Kunk,Downtown Fiction,Elenco
Fernando Catatau,Downtown Fiction,Elenco
Pedro Diógenes,Downtown Fiction,Director
Fernando Grostein Andrade,Flavors and Borders,Director
Claudia Calabi,Flavors and Borders,Director
Agustina Gonzalez Cirulnik,Dalia and the Red Book,Elenco
Gustavo Barrientos,Dalia and the Red Book,Elenco
Mariana Correa,Dalia and the Red Book,Elenco
Andrés Burecovics,Dalia and the Red Book,Elenco
David Bisbano,Dalia and the Red Book,Writer
David Bisbano,Dalia and the Red Book,Director
Marjorie Estiano,A Mother's Embrace,Elenco
Chandelly Braz,A Mother's Embrace,Elenco
Javier Drolas,A Mother's Embrace,Elenco
Reynaldo Machado,A Mother's Embrace,Elenco
Val Perré,A Mother's Embrace,Elenco
Angela Rabello,A Mother's Embrace,Elenco
Helena Varvaki,A Mother's Embrace,Elenco
Rafael Canedo,A Mother's Embrace,Elenco
Maria Volpe,A Mother's Embrace,Elenco
Mel Nunes,A Mother's Embrace,Elenco
Thelmo Fernandes,A Mother's Embrace,Elenco
João Lucas Romero,A Mother's Embrace,Elenco
Ricardo Ventura,A Mother's Embrace,Elenco
Rodrigo de Arruda,A Mother's Embrace,Elenco
Lourisinha Fernandes,A Mother's Embrace,Elenco
Chao Chen,A Mother's Embrace,Elenco
Lian Tai,A Mother's Embrace,Elenco
Aiyon Chung,A Mother's Embrace,Elenco
Paulo Ribeiro,A Mother's Embrace,Elenco
Cristian Ponce,A Mother's Embrace,Writer
André Pereira,A Mother's Embrace,Producer
André Pereira,A Mother's Embrace,Writer
Cristian Ponce,A Mother's Embrace,Director
Gabriela Capello,A Mother's Embrace,Writer
Mariana Muniz,A Mother's Embrace,Producer
Augusto Moura,Te Reencontrar,Elenco
Maria Eduarda Cornélio,Te Reencontrar,Elenco
Tiago Andries,Te Reencontrar,Elenco
Igor Salluste,Te Reencontrar,Elenco
Carlos Constantino,Te Reencontrar,Director
Carlos Constantino,Te Reencontrar,Writer
Maria Eduarda Cornélio,Te Reencontrar,Writer
Igor Salluste,Te Reencontrar,Writer
Tiago Andries,Te Reencontrar,Writer
Augusto Moura,Te Reencontrar,Writer
Di Peroni,Sinfonia de Metal,Elenco
Natali Lara,Sinfonia de Metal,Elenco
Jojo Forbeck,Sinfonia de Metal,Director
Gabriel Reis,Sinfonia de Metal,Writer
Rafael Farhat,Sinfonia de Metal,Writer
Carlos Henrique Fernandes,Sinfonia de Metal,Writer
Lu Trevisan,Dandara,Director
Bárbara Colen,O Silêncio das Ostras,Elenco
Lavinia Castelari,O Silêncio das Ostras,Elenco
Marcos Pimentel,O Silêncio das Ostras,Director
Dhéris Lima,See You Later,Elenco
Jonathan Natalizio,See You Later,Director
Jonathan Natalizio,See You Later,Producer
João Pedro Oliveira,His Body,Elenco
Paulo Guidelly,His Body,Elenco
Dandara Lorena,His Body,Elenco
yuri costa,His Body,Director
yuri costa,His Body,Writer
Juliana Bittencourt,His Body,Producer
Mercedes Morán,A Procura de Martina,Elenco
Carla Ribas,A Procura de Martina,Elenco
Luciana Paes,A Procura de Martina,Elenco
Fernando Eiras,A Procura de Martina,Elenco
Gabriela Amaral Almeida,A Procura de Martina,Writer
Márcia Faria,A Procura de Martina,Director
Márcia Faria,A Procura de Martina,Writer
Rodrigo Letier,A Procura de Martina,Producer
Márcia Faria,A Procura de Martina,Producer
Murilo Grossi,Mambembe,Elenco
Dandara Guerra,Mambembe,Elenco
Fabio Meira,Mambembe,Director
Fabio Meira,Mambembe,Writer
Susana Barriga,Mambembe,Writer
Marjorie Estiano,Fuse,Elenco
Alexandre Nero,Fuse,Elenco
Emílio de Mello,Fuse,Elenco
Hermila Guedes,Fuse,Elenco
Thiago Voltolini,Fuse,Elenco
Cauê Campos,Fuse,Elenco
Guilherme Cabral,Fuse,Elenco
Júlia Svacinna,Fuse,Elenco
Rebeca Diniz,Fuse,Director
Pedro Waddington,Fuse,Director
Sérgio Goldenberg,Fuse,Writer
George Moura,Fuse,Writer
Andrucha Waddington,Fuse,Producer
Leonardo M. Barros,Fuse,Producer
Selton Mello,Bury Your Dead,Elenco
Marjorie Estiano,Bury Your Dead,Elenco
Danilo Grangheia,Bury Your Dead,Elenco
Betty Faria,Bury Your Dead,Elenco
Maria Manoella,Bury Your Dead,Elenco
Caetano Gotardo,Bury Your Dead,Elenco
Ricardo Gelli,Bury Your Dead,Elenco
Gilda Nomacce,Bury Your Dead,Elenco
Carlos Francisco,Bury Your Dead,Elenco
Vittoria Seixas,Bury Your Dead,Elenco
Chao Chen,Bury Your Dead,Elenco
Majeca Angelucci,Bury Your Dead,Elenco
Pedro Colombelli,Bury Your Dead,Elenco
Marco Dutra,Bury Your Dead,Director
Lourenço Sant'Anna,Bury Your Dead,Producer
Alan Terpins,Bury Your Dead,Producer
Rodrigo Teixeira,Bury Your Dead,Producer
Ligia Braga,"Movimento Hip-Hop: Londrina, 2024",Elenco
Damião R. da Silva,"Movimento Hip-Hop: Londrina, 2024",Elenco
Sofia Savinec,"Movimento Hip-Hop: Londrina, 2024",Elenco
Nicoly Ferreira,"Movimento Hip-Hop: Londrina, 2024",Elenco
Iago Brandão,"Movimento Hip-Hop: Londrina, 2024",Elenco
Gustavo Felipe Rodrigues,"Movimento Hip-Hop: Londrina, 2024",Elenco
Erik Alves,"Movimento Hip-Hop: Londrina, 2024",Elenco
Marina Maria,"Movimento Hip-Hop: Londrina, 2024",Elenco
Vivian Marcucci,"Movimento Hip-Hop: Londrina, 2024",Elenco
Dayo Cordeiro Delmiro,"Movimento Hip-Hop: Londrina, 2024",Elenco
Vivian Rosa da Silva,"Movimento Hip-Hop: Londrina, 2024",Elenco
Thai Guedes,"Movimento Hip-Hop: Londrina, 2024",Elenco
Matheus Benazzi,"Movimento Hip-Hop: Londrina, 2024",Elenco
Anna Rubia Galvão,"Movimento Hip-Hop: Londrina, 2024",Elenco
Alan Junior,"Movimento Hip-Hop: Londrina, 2024",Elenco
Gabriel Borges,"Movimento Hip-Hop: Londrina, 2024",Elenco
Nathan Monteiro,"Movimento Hip-Hop: Londrina, 2024",Elenco
Maria Olímpia Venezian,"Movimento Hip-Hop: Londrina, 2024",Elenco
Guilherme Mohylski,"Movimento Hip-Hop: Londrina, 2024",Elenco
Kassyn Oliveira,"Movimento Hip-Hop: Londrina, 2024",Elenco
Gabriel Ferrari,"Movimento Hip-Hop: Londrina, 2024",Elenco
Eliabe José da Silva,"Movimento Hip-Hop: Londrina, 2024",Elenco
Rebeca Galdino,"Movimento Hip-Hop: Londrina, 2024",Elenco
Maria Clara Gomes,"Movimento Hip-Hop: Londrina, 2024",Elenco
Amanda Cordeiro,"Movimento Hip-Hop: Londrina, 2024",Elenco
Victor Hugo de Freitas,"Movimento Hip-Hop: Londrina, 2024",Elenco
Victória Furtado,"Movimento Hip-Hop: Londrina, 2024",Director
Maria Alice D. de Oliveira,"Movimento Hip-Hop: Londrina, 2024",Director
Mariana Bortoti,"Movimento Hip-Hop: Londrina, 2024",Producer
Nani Naan,"Movimento Hip-Hop: Londrina, 2024",Writer
Italo Zaccaron,Máquinas de lazer,Director
Nick Farewell,A Encomenda,Elenco
Nick Farewell,A Encomenda,Director
Brenno Lucena,Sertão de Sangue,Elenco
Eduardo Lima,Sertão de Sangue,Elenco
Davi Gabriel,Sertão de Sangue,Elenco
Lara Emilia,Sertão de Sangue,Elenco
Daniel do Gaesvem,Sertão de Sangue,Elenco
Victor Farias,Sertão de Sangue,Elenco
Brenno Lucena,Sertão de Sangue,Director
Igor Mendonça,Sertão de Sangue,Director
Fábio Squadri,Incursion,Elenco
Benjamin Winter,Incursion,Elenco
Dante Favalli,Incursion,Director
Benjamin Winter,Incursion,Director
Benjamin Winter,Incursion,Writer
Léa Garcia,Bela LX-404,Elenco
Thiago Justino,Bela LX-404,Elenco
Henrique Bulhões,Bela LX-404,Elenco
RAIZA NOAH,Bela LX-404,Elenco
Ian Braga,Bela LX-404,Elenco
Luiza Botelho Almeida,Bela LX-404,Director
Luiza Botelho Almeida,Bela LX-404,Producer
FERNANDA LOUBACH,Bela LX-404,Producer
Milena Manfredini,Stella do Patrocínio e a Gênese da Poesia,Director
Julia Moraes,Procura-se uma Rosa,Director
Barbara Sturm,A Cabana,Director
Rodolpho De Barros,A Arte de Morrer ou Marta Diptero Braquícero,Director
Jorge Amado,3 Obás de Xangô,Elenco
Dorival Caymmi,3 Obás de Xangô,Elenco
Hector Carybé,3 Obás de Xangô,Elenco
Mãe Stella de Oxóssi,3 Obás de Xangô,Elenco
Gilberto Gil,3 Obás de Xangô,Elenco
Muniz Sodré,3 Obás de Xangô,Elenco
Gildeci Leite,3 Obás de Xangô,Elenco
Balbino Daniel de Paula (Pai Balbino),3 Obás de Xangô,Elenco
Lázaro Ramos,3 Obás de Xangô,Elenco
Goli Almerinda de Sales Guerreiro,3 Obás de Xangô,Elenco
Danilo Caymmi,3 Obás de Xangô,Elenco
Dori Caymmi,3 Obás de Xangô,Elenco
Itamar Vieira Jr.,3 Obás de Xangô,Elenco
João Jorge,3 Obás de Xangô,Elenco
Paloma Amado,3 Obás de Xangô,Elenco
Solange Bernabó,3 Obás de Xangô,Elenco
Maria Lúcia de Santana Neves,3 Obás de Xangô,Elenco
Tiganá Santana,3 Obás de Xangô,Elenco
Ayrson Heráclito,3 Obás de Xangô,Elenco
Sérgio Machado,3 Obás de Xangô,Director
Diogo Dahl,3 Obás de Xangô,Producer
Chico Faganello,Gente Verdadeira – Ka’apor,Director
João Amorim,Thiago & Ísis e os Biomas do Brasil,Director
Mateus Solano,Eu Sou Um Pastor Alemão,Elenco
Enrique Díaz,Eu Sou Um Pastor Alemão,Elenco
Alice Braga,Eu Sou Um Pastor Alemão,Elenco
Bianca Comparato,Eu Sou Um Pastor Alemão,Elenco
Ângelo Antônio,Eu Sou Um Pastor Alemão,Elenco
Angelo Defanti,Eu Sou Um Pastor Alemão,Elenco
Angelo Defanti,Eu Sou Um Pastor Alemão,Director
Bárbara Defanti,Eu Sou Um Pastor Alemão,Producer
Angelo Defanti,Eu Sou Um Pastor Alemão,Writer
Angelo Defanti,Eu Sou Um Pastor Alemão,Producer
Marina Lomi,Spiral,Director
Marina Lomi,Spiral,Writer
Marina Lomi,Spiral,Producer
Ana Parreiras,They Threw Cesar Away,Elenco
Ana Parreiras,They Threw Cesar Away,Elenco
Ana Figueira,They Threw Cesar Away,Elenco
Beatriz Filizola,They Threw Cesar Away,Elenco
Biana Costa,They Threw Cesar Away,Elenco
Eduarda Garcia,They Threw Cesar Away,Elenco
Estevão Balado,They Threw Cesar Away,Elenco
Estevão Balado,They Threw Cesar Away,Elenco
Felipe Chueri,They Threw Cesar Away,Elenco
Luana Mikaelle,They Threw Cesar Away,Elenco
João Capella,They Threw Cesar Away,Elenco
João Capella,They Threw Cesar Away,Elenco
Alice Vasconcelos Kupac Vianna,They Threw Cesar Away,Writer
Alice Vasconcelos Kupac Vianna,They Threw Cesar Away,Director
Ana Figueira,They Threw Cesar Away,Producer
Alice Loyola,Sunny Side,Director
Denise Bueno,Sunny Side,Director
Enzo Gabriel Oliveira,Sunny Side,Director
Isadora Oberg,Sunny Side,Director
Alice Loyola,Sunny Side,Writer
Denise Bueno,Sunny Side,Writer
Enzo Gabriel Oliveira,Sunny Side,Writer
Isadora Oberg,Sunny Side,Writer
Alice Loyola,Sunny Side,Producer
Denise Bueno,Sunny Side,Producer
Enzo Gabriel Oliveira,Sunny Side,Producer
Isadora Oberg,Sunny Side,Producer
Maria Eduarda nky,O Diamante,Elenco
Thales Rodrigues,O Diamante,Elenco
Henrique Esplendor,O Diamante,Elenco
Thales Rodrigues,O Diamante,Writer
Thales Rodrigues,O Diamante,Director
Sara R. Cardoso,O Diamante,Producer
Henrique Esplendor,O Diamante,Producer
Patricia Selonk,Asa Real,Elenco
Ruy Guerra,Asa Real,Elenco
Vanessa Cunha,Asa Real,Elenco
Diogo Oliveira,Asa Real,Director
Diogo Oliveira,Asa Real,Writer
Diogo Oliveira,Asa Real,Producer
Vanessa Cunha,Asa Real,Producer
Felipe Quadra,Asa Real,Producer
Bruno Ramos,Asa Real,Producer
Leonel Brizola,"Brizola, Anotações para uma História",Elenco
Miro Teixeira,"Brizola, Anotações para uma História",Elenco
Nino Batista,"Brizola, Anotações para uma História",Elenco
Trajano Ribeiro,"Brizola, Anotações para uma História",Elenco
Lia Faria,"Brizola, Anotações para uma História",Elenco
Martha Alencar,"Brizola, Anotações para uma História",Elenco
Silvio Tendler,"Brizola, Anotações para uma História",Director
Clau Barros,Not Tomorrow Yet,Elenco
Bárbara Vitória,Not Tomorrow Yet,Elenco
Mayara Santos,Not Tomorrow Yet,Elenco
Mário Victor,Not Tomorrow Yet,Elenco
Cláudia Conceição,Not Tomorrow Yet,Elenco
Guta Menelau,Not Tomorrow Yet,Elenco
Laís Vieira,Not Tomorrow Yet,Elenco
Milena Times,Not Tomorrow Yet,Director
Felipe Santana,Sombras de Magia na Luz da Memória,Director
Melissa Estivalet,Paralaxes,Elenco
Maria Clara Miranda,Paralaxes,Elenco
Antonio Corcini,Paralaxes,Elenco
Júlia Stefanello,Paralaxes,Elenco
Ana Behenck,Paralaxes,Elenco
Fernando Barberena,Paralaxes,Producer
Ana Behenck,Paralaxes,Producer
Fernando Barberena,Paralaxes,Director
Julio Quinan,A Melody of Awakening,Director
Juliana Koetz,Memórias Despejadas (ou A Enchente Levou Tudo e Encontraram a Luta),Director
Sara Nawy,Mansos,Elenco
Camila Pinho,Mansos,Elenco
Elisana Bueno,Mansos,Elenco
Ana Flávia Damasceno,Mansos,Elenco
Mariah França,Mansos,Elenco
Jucelina Ferreira,Mansos,Elenco
Jota Rodrigues,Mansos,Elenco
Juliana Segóvia,Mansos,Director
Juliana Segóvia,Mansos,Writer
Marília Ramos,"Sem Corpo, Sem Crime",Elenco
Bruna Seli,"Sem Corpo, Sem Crime",Elenco
Camila Santana,"Sem Corpo, Sem Crime",Elenco
Gabriel Souza,"Sem Corpo, Sem Crime",Elenco
Brisa Santana,"Sem Corpo, Sem Crime",Elenco
David Costa,"Sem Corpo, Sem Crime",Director
Brisa Santana,"Sem Corpo, Sem Crime",Producer
Juan Vilar,Sick of Moving Images,Director
Juan Vilar,Sick of Moving Images,Writer
Marina Pinheiro,Aquilo que não importa,Elenco
Danton Muniz,Aquilo que não importa,Elenco
Vito Besouro,Aquilo que não importa,Director
Nick Duarte,Maldita Creatura,Elenco
D.O.M,Maldita Creatura,Elenco
Maria Paixão,Maldita Creatura,Elenco
Daniel Carvalho,Maldita Creatura,Director
João Pedro Panini,Maldita Creatura,Producer
Albert William,Clemylson - O Menino de Ouro,Elenco
Gabriel Moreno Jr.,Clemylson - O Menino de Ouro,Elenco
Silas Assunção,Clemylson - O Menino de Ouro,Elenco
José Carlos Fernandes,Clemylson - O Menino de Ouro,Elenco
Esther Cotrim,Clemylson - O Menino de Ouro,Elenco
Rafael Soares,Clemylson - O Menino de Ouro,Elenco
Davi Ricardo Trindade,Clemylson - O Menino de Ouro,Elenco
Darlan Vinicius Trindade,Clemylson - O Menino de Ouro,Elenco
Isabele Menezes,Clemylson - O Menino de Ouro,Elenco
Caio Góes,Clemylson - O Menino de Ouro,Elenco
Silas Assunção,Clemylson - O Menino de Ouro,Director
Gabriel Moreno Jr.,Clemylson - O Menino de Ouro,Producer
Esther Cotrim,Clemylson - O Menino de Ouro,Producer
Davi Ricardo Trindade,Clemylson - O Menino de Ouro,Producer
Darlan Vinicius Trindade,Clemylson - O Menino de Ouro,Producer
José Carlos Fernandes,Clemylson - O Menino de Ouro,Producer
Silas Assunção,Clemylson - O Menino de Ouro,Producer
Caio Góes,Clemylson - O Menino de Ouro,Producer
Rafael Soares,Clemylson - O Menino de Ouro,Producer
Albert William,Clemylson - O Menino de Ouro,Producer
Ana Francisca Oliveira,Espelhos do Passado,Elenco
Viviane Evelyn,Espelhos do Passado,Elenco
Yuri Adrian Gouveia,Espelhos do Passado,Elenco
Yuri Adrian Gouveia,Espelhos do Passado,Director
Pedro Oliveira Reis,Espelhos do Passado,Writer
Adriel Alves,fico feliz enquanto dure,Elenco
Stephany Lewandowski,fico feliz enquanto dure,Elenco
Daniel Carvalho,fico feliz enquanto dure,Director
Daniel Carvalho,fico feliz enquanto dure,Writer
Raul Menezes,A Receita Secreta,Elenco
Josiane Menezes,A Receita Secreta,Elenco
Josiane Menezes,A Receita Secreta,Elenco
Jeysla Romão,A Receita Secreta,Elenco
Raul Menezes,A Receita Secreta,Writer
Jeysla Romão,A Receita Secreta,Writer
Raul Menezes,A Receita Secreta,Director
Chico Faganello,Gente Verdadeira – Pataxó,Director
Jama Wapichana,Gente Verdadeira – Marcha das Mulheres Indígenas,Director
Almir Guilhermino,A Natureza,Elenco
Emiliano Bicalho Favacho,A Natureza,Elenco
Rodrigo Ribeyro,A Natureza,Director
Rodrigo Ribeyro,A Natureza,Producer
Letícia Pinheiro,Silent Alarm,Elenco
Henrique Bulhões,Silent Alarm,Elenco
Marília Magalhães,Silent Alarm,Elenco
Pedro Marquez,Silent Alarm,Elenco
Rodrigo Barizon,Silent Alarm,Elenco
Duda Ribas,Silent Alarm,Elenco
Ricardo Favilla,Silent Alarm,Director
Ricardo Favilla,Silent Alarm,Writer
Marcia Zanelatto,Silent Alarm,Writer
Luciana Boal Marinho,Silent Alarm,Producer
Alberto Graça,Silent Alarm,Producer
Dráuzio Varella,Plurais,Elenco
Thelma Assis,Plurais,Elenco
Rita von Hunty,Plurais,Elenco
Mia Couto,Plurais,Elenco
João Barone,Plurais,Elenco
Berna Reale,Plurais,Elenco
Patricia Travassos,Plurais,Director
Gabriel Fúa,Plurais,Producer
Maria Eugênia Castilho,Plurais,Producer
Ivo Müller,Necklace,Elenco
Fernando Grostein Andrade,Necklace,Elenco
Fernando Siqueira,Necklace,Elenco
Fernando Grostein Andrade,Necklace,Director
Fernando Siqueira,Necklace,Director
Lázaro Ramos,Necklace,Producer
Taís Araújo,Necklace,Producer
Fernando Grostein Andrade,Necklace,Producer
Fernando Siqueira,Necklace,Producer
Julia Stockler,Serra das Almas,Elenco
Mari Oliveira,Serra das Almas,Elenco
Ravel Andrade,Serra das Almas,Elenco
David Santos,Serra das Almas,Elenco
Vertin Moura,Serra das Almas,Elenco
Jorge Neto,Serra das Almas,Elenco
Pally Siqueira,Serra das Almas,Elenco
Lírio Ferreira,Serra das Almas,Director
ALCIR LACERDA FILHO,Serra das Almas,Producer
Adriel Alves,INT. QUARTO - DIA,Elenco
Mariana dos Anjos,INT. QUARTO - DIA,Elenco
Luan Mello,INT. QUARTO - DIA,Elenco
Julia Barbara,INT. QUARTO - DIA,Elenco
Felipe F. Rosso,INT. QUARTO - DIA,Elenco
Daniel Carvalho,INT. QUARTO - DIA,Elenco
Leticia Capanema,INT. QUARTO - DIA,Elenco
Lucas Arruda,INT. QUARTO - DIA,Elenco
Lucas Arruda,INT. QUARTO - DIA,Director
Lucas Arruda,INT. QUARTO - DIA,Writer
Luan Mello,INT. QUARTO - DIA,Producer
Igor Albuquerque,"América Latina, séc. XXII",Elenco
Igor Albuquerque,"América Latina, séc. XXII",Director
Igor Albuquerque,"América Latina, séc. XXII",Writer
Elmo Férrer,Sombras,Elenco
Juliana Albuquerque,Sombras,Elenco
Paulo Sousa,Sombras,Elenco
Leandro Rodrigues,Sombras,Elenco
PH Mendes,Sombras,Elenco
Hannah Oliveira,Sombras,Elenco
Ana Rozita Pessoa,Sombras,Elenco
Lillian Alencar,Sombras,Elenco
Helena Rodrigues,Sombras,Elenco
Samuel Rabêlo,Sombras,Director
Cristian Vieira,Sombras,Writer
Gabriel Albuquerque,Sombras,Producer
Flora Camolese,Pequenos Traficantes Brancos,Elenco
Paulo Mendes,Pequenos Traficantes Brancos,Elenco
Gabriel Terra,Pequenos Traficantes Brancos,Elenco
José Bial,Pequenos Traficantes Brancos,Director
Fernanda Sabino,Pequenos Traficantes Brancos,Producer
Enock Carvalho,Burning Inside,Director
Matheus Farias,Burning Inside,Director
Marcélia Cartaxo,Lispectorante,Elenco
Pedro Wagner,Lispectorante,Elenco
Grace Passô,Lispectorante,Elenco
Tavinho Teixeira,Lispectorante,Elenco
Karina Buhr,Lispectorante,Elenco
Clara Pinheiro,Lispectorante,Elenco
Gheuza,Lispectorante,Elenco
Brenda Lígia,Lispectorante,Elenco
Fatima Aguiar,Lispectorante,Elenco
Nivaldo Nascimento,Lispectorante,Elenco
Samuel Vieira,Lispectorante,Elenco
Renata Pinheiro,Lispectorante,Director
Renata Pinheiro,Lispectorante,Writer
Sérgio Oliveira,Lispectorante,Writer
Sérgio Oliveira,Lispectorante,Producer
Ruan Carlos,Moisés,Elenco
Diego Ratton,Moisés,Elenco
Eduardo Gouvea,Moisés,Elenco
Abiud José,Moisés,Elenco
Juliana Soli,Moisés,Elenco
Felipe Carneiro,Moisés,Director
Caio Omena,Some Time Ago,Director
Caio Omena,Some Time Ago,Writer
Caio Omena,Some Time Ago,Producer
Sophia Rosa,Perfekta - Uma Aventura da Escola de Gênios,Elenco
Enzo Ignácio,Perfekta - Uma Aventura da Escola de Gênios,Elenco
Murilo Gricolo,Perfekta - Uma Aventura da Escola de Gênios,Elenco
Daniel Dantas,Perfekta - Uma Aventura da Escola de Gênios,Elenco
Rômulo Estrela,Perfekta - Uma Aventura da Escola de Gênios,Elenco
Roberto Birindelli,Perfekta - Uma Aventura da Escola de Gênios,Elenco
Ana Carolina Leite,Perfekta - Uma Aventura da Escola de Gênios,Elenco
David França Mendes,Perfekta - Uma Aventura da Escola de Gênios,Writer
João Daniel Tikhomiroff,Perfekta - Uma Aventura da Escola de Gênios,Director
Ângela Fabri,Perfekta - Uma Aventura da Escola de Gênios,Writer
Gabriella Saraivah,Tudo Por um Pop Star 2,Elenco
Bela Fernandes,Tudo Por um Pop Star 2,Elenco
Laura Castro,Tudo Por um Pop Star 2,Elenco
Lucas Burgatti,Tudo Por um Pop Star 2,Elenco
Maitê Padilha,Tudo Por um Pop Star 2,Elenco
Bárbara Maia,Tudo Por um Pop Star 2,Elenco
Ana Bárbara Malaquias,Tudo Por um Pop Star 2,Elenco
João Manoel,Tudo Por um Pop Star 2,Elenco
Karoliny Mariano,Tudo Por um Pop Star 2,Elenco
Clarissa Müller,Tudo Por um Pop Star 2,Elenco
Ester Dias,Tudo Por um Pop Star 2,Elenco
Ângela Paz,Tudo Por um Pop Star 2,Elenco
Renata Castro Barbosa,Tudo Por um Pop Star 2,Elenco
Caio Manhente,Tudo Por um Pop Star 2,Elenco
Thalita Rebouças,Tudo Por um Pop Star 2,Elenco
Hugo Gloss,Tudo Por um Pop Star 2,Elenco
Giovanna Lancellotti,Tudo Por um Pop Star 2,Elenco
Pietra Quintela,Tudo Por um Pop Star 2,Elenco
Lara Moura,Tudo Por um Pop Star 2,Elenco
Thales Miranda,Tudo Por um Pop Star 2,Elenco
Ivson Rainero,Tudo Por um Pop Star 2,Elenco
Celso Jardim,Tudo Por um Pop Star 2,Elenco
Anderson Cunha,Tudo Por um Pop Star 2,Elenco
Enzo Campeão,Tudo Por um Pop Star 2,Elenco
Juliana Guimarães,Tudo Por um Pop Star 2,Elenco
Marco Antonio de Carvalho,Tudo Por um Pop Star 2,Director
Rodrigo Montenegro,Tudo Por um Pop Star 2,Producer
Mara Lobão,Tudo Por um Pop Star 2,Producer
Rodrigo de Odé,Malês,Elenco
Rocco Pitanga,Malês,Elenco
Antônio Pitanga,Malês,Elenco
Samira Carvalho,Malês,Elenco
Patricia Pillar,Malês,Elenco
Camila Pitanga,Malês,Elenco
Wilson Rabelo,Malês,Elenco
Thiago Justino,Malês,Elenco
Bukassa Kabengele,Malês,Elenco
Edvana Carvalho,Malês,Elenco
Heraldo de Deus,Malês,Elenco
Erom Cordeiro,Malês,Elenco
Antônio Pitanga,Malês,Director
Flávio R. Tambellini,Malês,Producer
Karine Teles,A Vilã das Nove,Elenco
Alice Wegmann,A Vilã das Nove,Elenco
Antônio Pitanga,A Vilã das Nove,Elenco
Camila Márdila,A Vilã das Nove,Elenco
Negro Leo,A Vilã das Nove,Elenco
Murilo Sampaio,A Vilã das Nove,Elenco
Valentina Bandeira,A Vilã das Nove,Elenco
Felipe Rocha,A Vilã das Nove,Elenco
Catarina de Carvalho,A Vilã das Nove,Elenco
Stella Rabello,A Vilã das Nove,Elenco
Angela Rabello,A Vilã das Nove,Elenco
Otto Jr.,A Vilã das Nove,Elenco
Laura Pessoa,A Vilã das Nove,Elenco
Rodrigo Garcia,A Vilã das Nove,Elenco
Teo Poppovick,A Vilã das Nove,Director
Gabriela Capello,A Vilã das Nove,Writer
André Pereira,A Vilã das Nove,Writer
Andrea Leopoldino,Tarantula,Elenco
Max Saraiva,Tarantula,Elenco
Natália Coutinho,Tarantula,Elenco
Warner Borges,Tarantula,Elenco
Lucas Martinez,Tarantula,Elenco
Herbert Almeida,Tarantula,Elenco
Nando Medeiros,Tarantula,Elenco
Herbert Santos,Tarantula,Director
Herbert Santos,Tarantula,Producer
Augusto Sales,Tarantula,Writer
Herbert Santos,Tarantula,Writer
Diego Lima,Tarantula,Writer
Carla Cristina,Os Encontros,Elenco
Ericles Henrique,Os Encontros,Elenco
Stephane Brasil,Os Encontros,Elenco
Luizo Bastos,Os Encontros,Elenco
Thomas Areas,Os Encontros,Elenco
Tobias J. Batista,Os Encontros,Director
Tobias J. Batista,Os Encontros,Writer
Pedro H. M. Marques,Dulce,Director
Paul Bessa,Dulce,Director
Caio Omena,poSitionS,Director
Caio Omena,poSitionS,Writer
Caio Omena,poSitionS,Producer
Isis Mello,Mergulho no Escuro,Director
Anna Costa e Silva,Mergulho no Escuro,Director
Pedro H. P. Guimarães,Paradise,Elenco
Azor Guimarães Filho,Paradise,Elenco
Maria dos Milagres Rodrigues de Paula,Paradise,Elenco
Filipe Rodrigues,Paradise,Elenco
Ailton Guimarães,Paradise,Elenco
Pedro H. P. Guimarães,Paradise,Director
Azor Guimarães Filho,Paradise,Producer
Pedro H. P. Guimarães,Paradise,Producer
Lucas Nascimento,Open Veins,Elenco
Alexandre Amador,Open Veins,Elenco
Flaviane Damasceno,Open Veins,Elenco
Isabel Figueira,Open Veins,Elenco
Tomás Braune,Open Veins,Elenco
Gabriel Henrique Guedes,Open Veins,Elenco
Will Domingos,Open Veins,Director
João Victor Borges,Open Veins,Director
João Victor Borges,Open Veins,Producer
Will Domingos,Open Veins,Producer
Lucas Andrade,Open Veins,Producer
Pedro Cardoso,Open Veins,Producer
Carlos Rosa,Hotel Trindade,Elenco
Juliana Seabra,Hotel Trindade,Elenco
Priscilla Vierros,Hotel Trindade,Elenco
BR Gabs,Hotel Trindade,Elenco
Wander Moliani,Hotel Trindade,Elenco
Monique Ramos,Hotel Trindade,Elenco
Tarcísio Reis,Hotel Trindade,Elenco
Rosa Guimarães,Hotel Trindade,Elenco
Daniella Peneluppi,Hotel Trindade,Elenco
Kika Medina,Hotel Trindade,Elenco
Tamara Louise,Hotel Trindade,Elenco
Cristiano Rodrigues,Hotel Trindade,Elenco
Rodolfo Mariano da Silva,Hotel Trindade,Elenco
Lula Magalhães,Hotel Trindade,Director
Danilo Morales,Hotel Trindade,Producer
Lula Magalhães,Hotel Trindade,Writer
Eder Rigolon,Clipes da resenha #2,Elenco
Gabriel Cintra,Clipes da resenha #2,Elenco
Lucas Dawa,Clipes da resenha #2,Elenco
Liz Vidon,Clipes da resenha #2,Elenco
Rafael Haddad,Clipes da resenha #2,Elenco
Fred Braulio,Clipes da resenha #2,Elenco
Raphael Soares,Clipes da resenha #2,Elenco
Lucas Augusto,Clipes da resenha #2,Elenco
Henrique Cria,Clipes da resenha #2,Elenco
Pedro Saadi,Clipes da resenha #2,Elenco
Gabriel Haddad,Clipes da resenha #2,Elenco
Eder Rigolon,Clipes da resenha #2,Director
Diego Muniz,The Killer Cat,Elenco
Debora Santos,The Killer Cat,Elenco
Rodrigo Oliveira,The Killer Cat,Elenco
João Pedro,The Killer Cat,Elenco
Sarah Vitória,The Killer Cat,Elenco
Marcela Fraga,The Killer Cat,Elenco
Rafaela Neves,The Killer Cat,Elenco
Babuínos,The Killer Cat,Elenco
Porcos,The Killer Cat,Elenco
Mingau Santos,The Killer Cat,Elenco
Belugas,The Killer Cat,Elenco
Debora Santos,The Killer Cat,Director
Rodrigo Oliver,The Killer Cat,Director
Samuel Yago,Crianças esquisitas fazendo coisas aleatórias,Elenco
Lucas Märkeys,Crianças esquisitas fazendo coisas aleatórias,Elenco
Luadson Reis,Crianças esquisitas fazendo coisas aleatórias,Elenco
Ricky Dantas,Crianças esquisitas fazendo coisas aleatórias,Elenco
Samuel de Assis,Crianças esquisitas fazendo coisas aleatórias,Elenco
Carlos Daniel,Crianças esquisitas fazendo coisas aleatórias,Elenco
Samuel Yago,Crianças esquisitas fazendo coisas aleatórias,Director
Samuel Yago,Crianças esquisitas fazendo coisas aleatórias,Writer
Cristian De Ciancio,Antigas Brincadeiras,Elenco
Pupá,Pupá,Elenco
Osani,Pupá,Director
Osani,Pupá,Writer
Osani,Pupá,Producer
Maria Brito,Pupá,Producer
Daphine Xavier,Lapse,Director
Lidio Ramalho,Lapse,Director
Henrique Nuzzi,Histórias Estranhas 2,Director
Rodrigo Aragão,Histórias Estranhas 2,Director
José Pedro Lopes,Histórias Estranhas 2,Director
Salles Fernandes,Histórias Estranhas 2,Director
Ricardo Ghiorzi,Histórias Estranhas 2,Director
Filipe Ferreira,Histórias Estranhas 2,Director
Luana Frez,Petrificada,Elenco
Osmar Pereira,Petrificada,Elenco
Juliana Albuquerque,Petrificada,Elenco
Iuri Bermudes,Petrificada,Writer
Juliana Albuquerque,Petrificada,Producer
Renata Weinberger,Petrificada,Director
Iuri Bermudes,Petrificada,Director
Giovanna Grigio,The Park Maniac,Elenco
Silvero Pereira,The Park Maniac,Elenco
Bruno Garcia,The Park Maniac,Elenco
Christian Malheiros,The Park Maniac,Elenco
Xamã,The Park Maniac,Elenco
Bruna Mascarenhas,The Park Maniac,Elenco
Mel Lisboa,The Park Maniac,Elenco
Augusto Madeira,The Park Maniac,Elenco
Marco Pigossi,The Park Maniac,Elenco
Gustavo Bispo,The Park Maniac,Elenco
Nicolas Lee,The Park Maniac,Elenco
Matheus Rozendo,The Park Maniac,Elenco
Shaolin,The Park Maniac,Elenco
Alana Oliveira,The Park Maniac,Elenco
Alexandre Ogata,The Park Maniac,Elenco
Gui Giannetto,The Park Maniac,Elenco
Ricardo Baptista,The Park Maniac,Elenco
Zeca Malembah,The Park Maniac,Elenco
Léo Garcez,The Park Maniac,Elenco
Diego Avelino,The Park Maniac,Elenco
Silmara Deon,The Park Maniac,Elenco
Mayara Bertolini,The Park Maniac,Elenco
Francisco Gaspar,The Park Maniac,Elenco
André Luiz,The Park Maniac,Elenco
Isaac Medeiros,The Park Maniac,Elenco
Arianne Botelho,The Park Maniac,Elenco
Ingrid Gaigher,The Park Maniac,Elenco
Gustavo Braunstein,The Park Maniac,Elenco
Vicka Matos,The Park Maniac,Elenco
Dandara Queiroz,The Park Maniac,Elenco
Felipe Riquelme,The Park Maniac,Elenco
Daniel Ortega,The Park Maniac,Elenco
Gilberto Barros,The Park Maniac,Elenco
Patricia Pimenta,The Park Maniac,Elenco
Giovanna Ferrari,The Park Maniac,Elenco
Marcel Octavio,The Park Maniac,Elenco
Nani de Oliveira,The Park Maniac,Elenco
Pedro Abhull,The Park Maniac,Elenco
Vivian Moraes,The Park Maniac,Elenco
César Pezzuoli,The Park Maniac,Elenco
Thaís Cabral,The Park Maniac,Elenco
Massayuki Yamamoto,The Park Maniac,Elenco
Silvia Malanzuk,The Park Maniac,Elenco
Adriano Merlini,The Park Maniac,Elenco
Olivia Lopes,The Park Maniac,Elenco
Nathália Falcão,The Park Maniac,Elenco
Mariana Amâncio,The Park Maniac,Elenco
Talita Younan,The Park Maniac,Elenco
Bruna Carvalho,The Park Maniac,Elenco
Marco Antonio Barreto,The Park Maniac,Elenco
Edna Lima,The Park Maniac,Elenco
Marcelo Lapuente,The Park Maniac,Elenco
Rick Marques,The Park Maniac,Elenco
Raquel Alvarenga,The Park Maniac,Elenco
Marcelo Braga,The Park Maniac,Producer
L.G. Bayão,The Park Maniac,Writer
Maurício Eça,The Park Maniac,Director
Miguel Seabra Lopes,Sulfur,Director
Karen Akerman,Sulfur,Director
Victoria Pozzan,The Cicada Code,Elenco
Mateus Honori,The Cicada Code,Elenco
Amenhotep Rodrigues,The Cicada Code,Elenco
Bruno Albuquerque,The Cicada Code,Director
Bruno Albuquerque,The Cicada Code,Writer
Ana Costa Barros,The Cicada Code,Producer
Clara Marchi,Além da Máscara,Elenco
João Vitor Grisi,Além da Máscara,Elenco
Milena Miranda,Além da Máscara,Elenco
Daniel Dantas,Além da Máscara,Elenco
Tainá Alencar,Além da Máscara,Elenco
Yanne Ramos,Além da Máscara,Director
Eduardo Travassos,Além da Máscara,Director
João Vitor Grisi,Além da Máscara,Director
Milena Miranda,Além da Máscara,Writer
Tainá Alencar,Além da Máscara,Writer
Marina Rosa,Além da Máscara,Director
Lua Rachel,Deságue,Director
Liliane Mutti,Magdalene in Paris,Director
Luccas Zanattah,Frenesi,Elenco
José Adrian,Frenesi,Elenco
José Adrian,Frenesi,Elenco
Rian Sizino,Frenesi,Director
Rian Sizino,Frenesi,Writer
Victor Marp,The Sleep Trilogy,Elenco
Eduardo Setra Zanoni,The Sleep Trilogy,Elenco
Wesley Trindade,The Sleep Trilogy,Elenco
Victor Marp,The Sleep Trilogy,Director
Victor Marp,The Sleep Trilogy,Writer
Beatriz Dumont,ANACAF,Elenco
Duda Rocha,ANACAF,Elenco
Sarah Domingos,ANACAF,Elenco
Yana,ANACAF,Elenco
Késsia Leal,ANACAF,Elenco
Yonara Valentim,ANACAF,Elenco
Arthur Cezar,ANACAF,Elenco
Antônio Ruiz,ANACAF,Elenco
J. Júnio,ANACAF,Elenco
Misael Monteiro,ANACAF,Elenco
Vinneh Mac,ANACAF,Elenco
Sarah Domingos,ANACAF,Producer
Beatriz Dumont,ANACAF,Producer
Yana,ANACAF,Director
Beatriz Dumont,ANACAF,Writer
Igor Gabriel,Nossos Sonhos pela Janela,Elenco
Eyke Batista,Nossos Sonhos pela Janela,Elenco
Manuela Siqueira,Nossos Sonhos pela Janela,Elenco
Felipe Leite,Nossos Sonhos pela Janela,Elenco
João Pedro Ferreira,Nossos Sonhos pela Janela,Elenco
João Pedro Nascimento,Nossos Sonhos pela Janela,Elenco
Wenni Justo,Nossos Sonhos pela Janela,Elenco
Kaique Alves,Nossos Sonhos pela Janela,Elenco
Italo Evangelista,Nossos Sonhos pela Janela,Elenco
Italo Evangelista,Nossos Sonhos pela Janela,Director
Luan Mello,Nossos Sonhos pela Janela,Producer
Ph Ribas,"FRANZ ZWARTJES : ""DO BIZARRO AO ERÓTICO""",Director
Marina Sartoreli,"FRANZ ZWARTJES : ""DO BIZARRO AO ERÓTICO""",Director
Giordanno Bottezini,"FRANZ ZWARTJES : ""DO BIZARRO AO ERÓTICO""",Director
Rodrigo Lopes de Barros,Ricardo Aleixo: Afro-Atlantic,Director
Júlio Hey,Radical Love: The Life and Legacy of Satish Kumar,Director
Matilde Ribeiro,LULLABY.E,Elenco
Lars Voigt,LULLABY.E,Elenco
Jason Berminghan,LULLABY.E,Elenco
Lua Voigt,LULLABY.E,Director
Lua Voigt,LULLABY.E,Writer
Mariana Cucchiarelli,LULLABY.E,Producer
Fernanda Montenegro,Tributo: Fernanda Montenegro,Elenco
Fernanda Torres,Tributo: Fernanda Montenegro,Elenco
Matheus Malafaia,Tributo: Fernanda Montenegro,Director
Isadora Wilkinson,Tributo: Fernanda Montenegro,Writer
Lalo Homrich,Tributo: Fernanda Montenegro,Writer
Caio Omena,"Hail, Palestine",Director
Caio Omena,"Hail, Palestine",Writer
Caio Omena,"Hail, Palestine",Producer
Aura do Nascimento,Salomé,Elenco
Fellipy Sizernando,Salomé,Elenco
Renata Carvalho,Salomé,Elenco
Zuba Neves,Salomé,Elenco
Clara Maria Matos,Salomé,Elenco
Danny Barbosa,Salomé,Elenco
Everaldo Pontes,Salomé,Elenco
Geyson Luiz,Salomé,Elenco
Dora Amorim,Salomé,Producer
Thaís Vidal,Salomé,Producer
André Antônio,Salomé,Director
André Antônio,Salomé,Writer
Julia Machado,Salomé,Producer
Pedro Vinícius,Business as Usual,Director
Henri Castelli,Operação Borboleta,Elenco
Paola Rodrigues,Operação Borboleta,Elenco
Fabio Campo,Operação Borboleta,Elenco
Alexandre Borges,Operação Borboleta,Elenco
Thati Manzan,Operação Borboleta,Elenco
Beto Quirino,Operação Borboleta,Elenco
Fernando Teixeira,Operação Borboleta,Elenco
Oscar Magrini,Operação Borboleta,Elenco
Silvio Toledo,Operação Borboleta,Director
Pedro Luz,Operação Borboleta,Writer
Grasiele Ribeiro Ristow,A Morte da Mãe Natureza,Director
Grasiele Ribeiro Ristow,A Morte da Mãe Natureza,Writer
Anderson Bispo,DE FRENTE COM RINGO KID,Elenco
Anderson Bispo,DE FRENTE COM RINGO KID,Elenco
Nathalia Rangel,DE FRENTE COM RINGO KID,Elenco
Pedro Borges,DE FRENTE COM RINGO KID,Elenco
Nathalia Rangel,DE FRENTE COM RINGO KID,Director
Nathalia Rangel,DE FRENTE COM RINGO KID,Writer
Kananda Migueira,Kananda Migueira And Friends,Elenco
Anna Oceana,Kananda Migueira And Friends,Elenco
Menine,Kananda Migueira And Friends,Elenco
Souze,Kananda Migueira And Friends,Elenco
John,Kananda Migueira And Friends,Elenco
Peh,Kananda Migueira And Friends,Elenco
Natan,Kananda Migueira And Friends,Elenco
TZ,Kananda Migueira And Friends,Elenco
Menine,Kananda Migueira And Friends,Director
Menine,Kananda Migueira And Friends,Writer
Michel Coeli,Symphony of Survival,Director
Sahidur Rahaman,Happy,Elenco
Lilian Klebow,Happy,Elenco
Robert Ritter,Happy,Elenco
Gisela Salcher,Happy,Elenco
Sandeep Kumar,Happy,Director
Sandeep Kumaar,Happy,Writer
Gabriele Gruber,Happy,Producer
Mandeep Kumar,Happy,Producer
Marie Paquim,Odradek,Elenco
Pedro Henrique Moutinho,Odradek,Elenco
Oscar Magrini,Odradek,Elenco
Cinthya Hussey,Odradek,Elenco
Natalia Gonsales,Odradek,Elenco
Guilherme de Almeida Prado,Odradek,Director
Guilherme de Almeida Prado,Odradek,Writer
Guilherme de Almeida Prado,Odradek,Producer
Francisco Ramalho Jr.,Odradek,Producer
Ludmila Curi,Marias,Director
Ludmila Curi,Marias,Writer
Mel Lisboa,Trying,Elenco
Augusto Madeira,Trying,Elenco
Lucas Oranmian,Trying,Elenco
Jamile Cazumbá,Trying,Elenco
Guilherme Gomes,Trying,Director
Julia Conatti,Trying,Director
Pedro Medrado,Vengeance Is Mine,Elenco
Getulio Tamid,Vengeance Is Mine,Elenco
Obdulio Ortega,Vengeance Is Mine,Elenco
Carlos Alberthy,Vengeance Is Mine,Elenco
Weslei Mata,Vengeance Is Mine,Elenco
Weslei Mata,Vengeance Is Mine,Director
Fabrício Bittar,O fenômeno eSports,Director
Lisandro di Prospero,Meias-Verdades,Elenco
Victor Silveira,Meias-Verdades,Elenco
Tiago Shiamkur,Meias-Verdades,Director
Tiago Shiamkur,Meias-Verdades,Writer
Júlia Okano,Meias-Verdades,Producer
Luis Ferreira Rocha,Exú Tranca Rua e Seus Caminhos,Director
Pavão,Vivo o Jone,Director
Victoria Santana,Correio Elegante,Director
Matheus Maciel Machado,LIZY,Elenco
Giih Costa,LIZY,Elenco
Tarcísio Emanuel,LIZY,Elenco
Gab Ferreira,LIZY,Elenco
Thainara pereira,LIZY,Elenco
Maksuel Matheus,LIZY,Director
Guilherme Viana,LIZY,Producer
Thainara Pereira,LIZY,Producer
Maksuel Matheus,LIZY,Writer
Cátia Lima,O Elefante Na Sala,Elenco
Clara Folletto,O Elefante Na Sala,Elenco
Analua Lazzaris,O Elefante Na Sala,Elenco
Meri Petty,O Elefante Na Sala,Elenco
Ycaro Schmidt,O Elefante Na Sala,Director
Nicoli Yasmin Machado,O Elefante Na Sala,Writer
Ycaro Schmidt,O Elefante Na Sala,Writer
Mônica Moura,A Festa,Director
Caio Omena,Testing Notes,Director
Caio Omena,Testing Notes,Writer
Caio Omena,Testing Notes,Producer
Lívia F. de Moraes,Por Um Último Sorriso,Elenco
Arthur Prestes,Por Um Último Sorriso,Elenco
Vitoria Camili dos Santos,Por Um Último Sorriso,Elenco
Felipe da Rocha,Por Um Último Sorriso,Elenco
Maykon Junkes,Por Um Último Sorriso,Elenco
Camilly Guimarães,Por Um Último Sorriso,Elenco
Izabella de Oliveira,Por Um Último Sorriso,Elenco
Gustavo Kuehne,Por Um Último Sorriso,Elenco
Siegrid  Jung Bartel,Por Um Último Sorriso,Elenco
Rayssa Travalha,Por Um Último Sorriso,Director
Vicente Hugo Pereira,Suco de José,Elenco
Francisco Gaspar,Suco de José,Elenco
Carlos Meceni,Suco de José,Elenco
Bráulio Ferraz,Suco de José,Elenco
Celso Melez,Suco de José,Elenco
Anderson Modesto,Suco de José,Elenco
Pedro Nunes,Suco de José,Director
Pedro Nunes,Suco de José,Writer
Jonas Delfim Gallucci,Suco de José,Producer
Rodrigo Saturnino,Suco de José,Producer
Carlos Alexandre,NEGOBOY,Elenco
Jean Souza,NEGOBOY,Elenco
Angelo Henrique,NEGOBOY,Elenco
Natanael S. Oliveira,NEGOBOY,Elenco
Cristian Menezes,NEGOBOY,Elenco
Cristian Menezes,NEGOBOY,Director
Cristian Menezes,NEGOBOY,Writer
Roberto Rios,Herói,Elenco
Jéssica Visa,Herói,Elenco
Duane Felice,Herói,Director
Ícaro Iserhard,Herói,Director
Maria Lucia Pimentel,Ousar Viver! Histórias da Maria,Elenco
Silvio Tendler,Ousar Viver! Histórias da Maria,Elenco
Silvio Tendler,Ousar Viver! Histórias da Maria,Director
Vitor Solemar Pereira,Ousar Viver! Histórias da Maria,Producer
Celso Marques,Construindo a Quarta Parede,Elenco
Denize Marques,Construindo a Quarta Parede,Elenco
Rose Marques,Construindo a Quarta Parede,Elenco
Samoel Marques,Construindo a Quarta Parede,Elenco
Bruno Augusto,Construindo a Quarta Parede,Director
Bruno Augusto,Construindo a Quarta Parede,Writer
Thiago Loreto Giba,MotoCorre!,Elenco
Derek Echeverria,MotoCorre!,Elenco
Gisele,MotoCorre!,Elenco
Léo,MotoCorre!,Elenco
Guilherme,MotoCorre!,Elenco
Nicolas,MotoCorre!,Elenco
Filipe Paradinha,MotoCorre!,Writer
Derek Echeverria,MotoCorre!,Writer
Filipe Paradinha,MotoCorre!,Director
Davi Oliveira,MotoCorre!,Director
Francis Borges Correia,MotoCorre!,Director
Filipe Paradinha,MotoCorre!,Producer
Derek Echeverria,MotoCorre!,Producer
Antonio Costa,My mom cooks the best soup,Elenco
Cleo Cavalcanti,My mom cooks the best soup,Elenco
Plínio Lopes,My mom cooks the best soup,Director
Plínio Lopes,My mom cooks the best soup,Writer
Anelissa Furtado,My mom cooks the best soup,Producer
Icá Iouri,"Semana que vem, te prometo Palmares",Elenco
Mayara Baptista,"Semana que vem, te prometo Palmares",Elenco
Icá Iouri,"Semana que vem, te prometo Palmares",Director
Breno Delgado,Raízes,Director
Myra Gomes,EBÓ DE XÙXÚ,Elenco
Myra Gomes,EBÓ DE XÙXÚ,Director
Myra Gomes,EBÓ DE XÙXÚ,Producer
Gustavo Ribeiro,Moving Up,Director
Lucas Arruda,Moving Up,Producer
Gustavo Ribeiro,Moving Up,Writer
Matias Mariani,Moving Up,Producer
Elisa Bracher,Moving Up,Producer
Beatriz Bracher,Moving Up,Producer
Nicole Tomassini,The Deaths of Hera,Elenco
Renata Cáceres,The Deaths of Hera,Elenco
Pepa Quadrini,The Deaths of Hera,Elenco
Felipe Lourenço,The Deaths of Hera,Elenco
Karen Centurion,The Deaths of Hera,Elenco
Jessé Marques da Silva,The Deaths of Hera,Elenco
João Pedro Deboni,The Deaths of Hera,Elenco
Isabelle Silva,The Deaths of Hera,Elenco
Ramiro Giroldo,The Deaths of Hera,Director
Ramiro Giroldo,The Deaths of Hera,Producer
Esdras Nass Dürks,The Deaths of Hera,Producer
Pedro Miyoshi,The Deaths of Hera,Producer
Fabio Liam Erelim,Despertar da Consciência,Director
Caroline Vilani,Biografias Íntimas,Writer
Renata Sette,Biografias Íntimas,Director
Caio Omena,Can’t See The Sky,Director
Caio Omena,Can’t See The Sky,Writer
Caio Omena,Can’t See The Sky,Producer
Teca Pereira,A Redenção de Cam,Elenco
Fred Zeffirelli,A Redenção de Cam,Elenco
Amina Chanka,A Redenção de Cam,Elenco
Iferrdo,A Redenção de Cam,Director
Maria Alcina,Sem Vergonha,Elenco
Ewä,Sem Vergonha,Elenco
Ayo Faria,Sem Vergonha,Elenco
Bayard Tonelli,Sem Vergonha,Elenco
João Vitor Linhares,Sem Vergonha,Elenco
Leticia Guimarães,Sem Vergonha,Elenco
Marcelle Morgan,Sem Vergonha,Elenco
Marco Chavarri,Sem Vergonha,Elenco
Renata Bronze,Sem Vergonha,Elenco
Sidnei Oliveira,Sem Vergonha,Elenco
Antonio Adolfo,Sem Vergonha,Elenco
Ciro Barcelos,Sem Vergonha,Elenco
Edy Star,Sem Vergonha,Elenco
Ney Matogrosso,Sem Vergonha,Elenco
Rovilson Pascoal,Sem Vergonha,Elenco
Rafael Saar,Sem Vergonha,Director
Rafael Saar,Sem Vergonha,Producer
Fabrício Basílio,Sem Vergonha,Producer
Castelluni,Cherry on Top,Elenco
Gabriela Slompo,Cherry on Top,Elenco
Manu Macedo,Cherry on Top,Elenco
Ana Beatriz Venga,Cherry on Top,Elenco
Julia Mrtins,Cherry on Top,Elenco
Roberta Lisa,Cherry on Top,Elenco
Milena Pintari,Cherry on Top,Elenco
Sofia Borghi,Cherry on Top,Elenco
Gabi Santos,Cherry on Top,Elenco
Mariana Zahan,Cherry on Top,Elenco
Leo Suzuki,Cherry on Top,Elenco
Erico Birds,Cherry on Top,Elenco
Tais Resende,Cherry on Top,Elenco
Laura Reis,Cherry on Top,Director
Laura Reis,Cherry on Top,Writer
Ray Gasparini,Cherry on Top,Producer
Emmanuel Gomes,Cherry on Top,Producer
Soraia Costa,Drops From Hell,Elenco
Lis Luciddi,Drops From Hell,Elenco
Thaís Botelho,Drops From Hell,Elenco
Catarina Dias,Drops From Hell,Elenco
Augusto Amorim,Drops From Hell,Elenco
Juliana Seabra,Drops From Hell,Elenco
Petter Baiestorf,Drops From Hell,Elenco
Daniella Peneluppi,Drops From Hell,Elenco
Layane Veruske,Drops From Hell,Elenco
Guilherme Gaioso,Drops From Hell,Elenco
Rosa Guimarães,Drops From Hell,Elenco
Lucilene Dias,Drops From Hell,Elenco
André Ravasco,Drops From Hell,Elenco
Carla Candiotto,Drops From Hell,Elenco
Cida Baptista,Drops From Hell,Elenco
Juliana Lourenção,Drops From Hell,Elenco
Juliana Yurk,Drops From Hell,Elenco
Caroline Roehrig,Drops From Hell,Elenco
Mel Duarte,Drops From Hell,Elenco
Coffin Souza,Drops From Hell,Elenco
Mariana Pellin,Drops From Hell,Elenco
Júlia Barth,Drops From Hell,Elenco
Marina Tobias,Drops From Hell,Elenco
Caroline Calsone,Drops From Hell,Elenco
Gabriela Moreno,Drops From Hell,Elenco
Camila Ferrazzano,Drops From Hell,Elenco
Kika Medina,Drops From Hell,Elenco
Marant Polodoro,Drops From Hell,Elenco
Danilo Morales,Drops From Hell,Director
Karen Furbino,Drops From Hell,Director
Lula Magalhães,Drops From Hell,Director
Larissa Anzoategui,Drops From Hell,Director
Rubens Mello,Drops From Hell,Director
Danilo Morales,Drops From Hell,Writer
Ales de Lara,Drops From Hell,Director
Cláudia Borba,Drops From Hell,Director
Michelle Rodrigues,Drops From Hell,Director
Yann Franco,Stoned,Elenco
Gabriel Pinheiro,Stoned,Elenco
Cadu Godinho,Stoned,Elenco
Leticia Buriti,Stoned,Elenco
Arthur Monteiro,Stoned,Elenco
Anna Caroline Chaves,Stoned,Elenco
Veneno Gu,Stoned,Elenco
Yann Franco,Stoned,Director
Gabriel Pinheiro,Stoned,Writer
Kelvin Andrade,Stoned,Producer
Laiany AG,Stoned,Producer
Conrado Nilo,I.R.M.A. - Invasão Russa na Mata Atlântica,Elenco
Célia Maracajá,I.R.M.A. - Invasão Russa na Mata Atlântica,Elenco
Henrique Gusmão,I.R.M.A. - Invasão Russa na Mata Atlântica,Elenco
Valquiria Oliveira,I.R.M.A. - Invasão Russa na Mata Atlântica,Elenco
Aléssio Abdon,I.R.M.A. - Invasão Russa na Mata Atlântica,Elenco
Marcus Fritsch,I.R.M.A. - Invasão Russa na Mata Atlântica,Elenco
Jefferson Schroeder,I.R.M.A. - Invasão Russa na Mata Atlântica,Elenco
Bruce Gomlevsky,I.R.M.A. - Invasão Russa na Mata Atlântica,Elenco
Carlos Tonelli,I.R.M.A. - Invasão Russa na Mata Atlântica,Elenco
Igor Federici,I.R.M.A. - Invasão Russa na Mata Atlântica,Elenco
Miwa Yanagizawa,I.R.M.A. - Invasão Russa na Mata Atlântica,Elenco
Mariana Rosa,I.R.M.A. - Invasão Russa na Mata Atlântica,Elenco
Raisa Richter,I.R.M.A. - Invasão Russa na Mata Atlântica,Elenco
Aercio Bloris,I.R.M.A. - Invasão Russa na Mata Atlântica,Elenco
Rogério Klein,I.R.M.A. - Invasão Russa na Mata Atlântica,Elenco
Amanda Brambilla,I.R.M.A. - Invasão Russa na Mata Atlântica,Elenco
Ana Clara Hibner,I.R.M.A. - Invasão Russa na Mata Atlântica,Elenco
Branca Temer,I.R.M.A. - Invasão Russa na Mata Atlântica,Elenco
Bruna Felix,I.R.M.A. - Invasão Russa na Mata Atlântica,Elenco
Evelin Reginaldo,I.R.M.A. - Invasão Russa na Mata Atlântica,Elenco
Ana Andrade,I.R.M.A. - Invasão Russa na Mata Atlântica,Elenco
Michael Sodré,I.R.M.A. - Invasão Russa na Mata Atlântica,Elenco
Raíza Rameh,I.R.M.A. - Invasão Russa na Mata Atlântica,Elenco
Jonyjarp Pontes,I.R.M.A. - Invasão Russa na Mata Atlântica,Elenco
Carol Exaltação,I.R.M.A. - Invasão Russa na Mata Atlântica,Elenco
Leonardo da Selva,I.R.M.A. - Invasão Russa na Mata Atlântica,Elenco
Israel Eyer,I.R.M.A. - Invasão Russa na Mata Atlântica,Elenco
Maria Marinho,I.R.M.A. - Invasão Russa na Mata Atlântica,Elenco
Layra Guimarães,I.R.M.A. - Invasão Russa na Mata Atlântica,Elenco
Tássia Leite,I.R.M.A. - Invasão Russa na Mata Atlântica,Elenco
Celina Sodré,I.R.M.A. - Invasão Russa na Mata Atlântica,Director
Clara Choveaux,I.R.M.A. - Invasão Russa na Mata Atlântica,Director
Celina Sodré,I.R.M.A. - Invasão Russa na Mata Atlântica,Writer
Henrique Gusmão,I.R.M.A. - Invasão Russa na Mata Atlântica,Writer
Vinicius Ceconello dos Santos,Slaying - Parte 1: Period,Elenco
Mariana Orlandi Kuckertt,Slaying - Parte 1: Period,Elenco
Vitória Palma Wiethaus,Slaying - Parte 1: Period,Elenco
Artur da Costa,Slaying - Parte 1: Period,Elenco
Vinicius Ceconello dos Santos,Slaying - Parte 1: Period,Director
Artur da Costa,Slaying - Parte 1: Period,Director
Gustavo Ribeiro,São Paulo: Occupied City,Director
Caio Rodrigo,Marés,Director
Caio Rodrigo,Marés,Writer
Sinara Teles,Suçuarana,Elenco
Carlos Francisco,Suçuarana,Elenco
Tony Stark,Suçuarana,Elenco
Hélio Ricardo,Suçuarana,Elenco
Andréia Quaresma,Suçuarana,Elenco
Elba Rocha,Suçuarana,Elenco
Rafael Botero,Suçuarana,Elenco
Docy Moreira,Suçuarana,Elenco
Kelly Criffer,Suçuarana,Elenco
Amora Ferreira Giorni,Suçuarana,Elenco
Lenine Martins,Suçuarana,Elenco
Clarissa Campolina,Suçuarana,Director
Sérgio Borges,Suçuarana,Director
Luana Melgaço,Suçuarana,Producer
Clarissa Campolina,Suçuarana,Writer
Rodrigo Oliveira,Suçuarana,Writer
André Ravasco,Um Drink Para Imortalidade,Elenco
Soraia Costa,Um Drink Para Imortalidade,Elenco
Caroline Calsone,Um Drink Para Imortalidade,Elenco
Bonny Ribeiro,Um Drink Para Imortalidade,Elenco
Daniella Peneluppi,Um Drink Para Imortalidade,Elenco
Juliana Seabra,Um Drink Para Imortalidade,Elenco
Josy Savino,Um Drink Para Imortalidade,Elenco
Gabriela Moreno,Um Drink Para Imortalidade,Elenco
Camila Ferrazzano,Um Drink Para Imortalidade,Elenco
Rosa Guimarães,Um Drink Para Imortalidade,Elenco
Guilherme Gaioso,Um Drink Para Imortalidade,Elenco
Ewerton Melo,Um Drink Para Imortalidade,Elenco
Danilo Morales,Um Drink Para Imortalidade,Director
Danilo Morales,Um Drink Para Imortalidade,Producer
Danilo Morales,Um Drink Para Imortalidade,Writer
Denilza Aparecida,Um Drink Para Imortalidade,Producer
Albino Ventura,Um Drink Para Imortalidade,Producer
Marcilucy Andrade,A Cor do Cinema,Elenco
Lais Fonseca,A Cor do Cinema,Elenco
Yan Muniz,A Cor do Cinema,Elenco
Vanessa Noronha,A Cor do Cinema,Elenco
Mica Lopes,A Cor do Cinema,Director
Vio Anchieta,A Cor do Cinema,Director
Mica Lopes,A Cor do Cinema,Producer
Mica Lopes,A Cor do Cinema,Writer
José Luiz Teixeira,O Futuro da Memória: 60 anos do Instituto Histórico Geográfico de Nova Iguaçu,Elenco
Randon Mamede Fatah,O Futuro da Memória: 60 anos do Instituto Histórico Geográfico de Nova Iguaçu,Elenco
Allofs Daniel Batista,O Futuro da Memória: 60 anos do Instituto Histórico Geográfico de Nova Iguaçu,Director
Allofs Daniel Batista,Baixada Bow Arqueria: uma história do tiro com arco em Nova Iguaçu,Elenco
Éthel Ribeiro,Baixada Bow Arqueria: uma história do tiro com arco em Nova Iguaçu,Elenco
Rubens Wajsman,Baixada Bow Arqueria: uma história do tiro com arco em Nova Iguaçu,Elenco
Maria Madalena Batista,Baixada Bow Arqueria: uma história do tiro com arco em Nova Iguaçu,Elenco
Allofs Daniel Batista,Baixada Bow Arqueria: uma história do tiro com arco em Nova Iguaçu,Director
Guilherme Sugano,Echoes of Guilt,Elenco
Ana Carolina de Angeli,Echoes of Guilt,Elenco
Lucas Longhi,Echoes of Guilt,Director
Guilherme Sugano,Echoes of Guilt,Producer
Zéz,Echoes of Guilt,Writer
Lucca Vendramel,Tecnoeste,Director
Lucca Vendramel,Tecnoeste,Writer
João Joviniano BC,Tecnoeste,Producer
David Corrêa,What Once Was,Elenco
Manuela Stein,What Once Was,Elenco
Bernardo Cury,What Once Was,Elenco
Valentina Miranda,What Once Was,Elenco
Valentina Orsi,What Once Was,Elenco
Matheus Fleig,What Once Was,Elenco
Helena Guerra,What Once Was,Elenco
Manuela Stein,What Once Was,Director
Pedro Dorfmann,What Once Was,Director
Manuela Stein,What Once Was,Writer
David Corrêa,What Once Was,Writer
Marcus Turíbio,what remais of image in me,Director
Marcus Turíbio,what remais of image in me,Writer
Giovanna Massinelli,Fronteiras Invisíveis,Director
Giovanna Massinelli,Fronteiras Invisíveis,Writer
Giovanna Massinelli,Fronteiras Invisíveis,Producer
Kaique Campos,Fronteiras Invisíveis,Producer
Kaique Campos,Fronteiras Invisíveis,Writer
Noah Lico,Fronteiras Invisíveis,Writer
Noah Lico,Fronteiras Invisíveis,Producer
Daniel Skrip,Irmãos de Sangue,Elenco
Jorge Júlio,Irmãos de Sangue,Elenco
Bonny Ribeiro,Irmãos de Sangue,Elenco
Rosa Guimarães,Irmãos de Sangue,Elenco
Priscilla Vierros,Irmãos de Sangue,Elenco
Guilherme Gaioso,Irmãos de Sangue,Elenco
Layane Veruske,Irmãos de Sangue,Elenco
Tarcísio Reis,Irmãos de Sangue,Elenco
Diana Reis,Irmãos de Sangue,Elenco
Danilo Morales,Irmãos de Sangue,Elenco
José Alves,Irmãos de Sangue,Elenco
Vinicius Nascimento,Irmãos de Sangue,Elenco
Wander Moliani,Irmãos de Sangue,Elenco
Renato Dutra,Irmãos de Sangue,Elenco
Vincent Van Vegas,Irmãos de Sangue,Elenco
Leila Abrantes,Irmãos de Sangue,Elenco
Trycia Mello,Irmãos de Sangue,Elenco
Ricardo Takeshi,Irmãos de Sangue,Elenco
Michele Galatti,Irmãos de Sangue,Elenco
Gabriela Gomes,Irmãos de Sangue,Elenco
Andreía Reis,Irmãos de Sangue,Elenco
Danilo Morales,Irmãos de Sangue,Director
José Alves,Irmãos de Sangue,Director
Danilo Morales,Irmãos de Sangue,Writer
Denilza Aparecida,Irmãos de Sangue,Producer
Guilherme Gaioso,Irmãos de Sangue,Producer
Rosa Guimarães,Irmãos de Sangue,Producer
Danilo Moraes,Irmãos de Sangue,Producer
Suelen Souza,Irmãos de Sangue,Producer
Maria Angélica Marques,Irmãos de Sangue,Producer
Robson Natalino,Irmãos de Sangue,Producer
Ken Loach,Os Maus Patriotas,Elenco
Vitor Fraga,Os Maus Patriotas,Elenco
Jeremy Corbyn,Os Maus Patriotas,Elenco
Laura Alvarez,Os Maus Patriotas,Elenco
Victor Fraga,Os Maus Patriotas,Director
Victor Fraga,Os Maus Patriotas,Writer
Lírio Ferreira,The Last Rock Band,Director
Anna Butler,The Last Rock Band,Producer
Chica Mendonça,The Last Rock Band,Producer
Emiliano Ruschel,Segredos,Elenco
Daniele Suzuki,Segredos,Elenco
Emiliano Ruschel,Segredos,Director
Patrik Thomas,Boalândia,Director
Mathias Reitz Zausinger,Boalândia,Director
Othon Bastos,O Voo do Anjo,Elenco
Emílio Orciollo Netto,O Voo do Anjo,Elenco
Gustavo Duque,O Voo do Anjo,Elenco
Cida Mendes,O Voo do Anjo,Elenco
Alberto Araújo,O Voo do Anjo,Director
Júlio Levy,Dad's Rotting Corpse,Elenco
Raquel Maia,Dad's Rotting Corpse,Elenco
Breno Coura,Dad's Rotting Corpse,Elenco
Luis Felipe Fuks,Dad's Rotting Corpse,Director
Pedro Rosa Rodrigues,Dad's Rotting Corpse,Producer
Luis Felipe Fuks,Dad's Rotting Corpse,Writer
Evelyn Castro,Caindo na Real,Elenco
Belo,Caindo na Real,Elenco
Victor Lamoglia,Caindo na Real,Elenco
Maria Clara Gueiros,Caindo na Real,Elenco
Cissa Guimarães,Caindo na Real,Elenco
Maurício Manfrini,Caindo na Real,Elenco
Caito Mainier,Caindo na Real,Elenco
Cláudia Alencar,Caindo na Real,Elenco
Paula Frascari,Caindo na Real,Elenco
Flávia Garrafa,Caindo na Real,Elenco
Ronaldo Reis,Caindo na Real,Elenco
João Vitor Mello,Caindo na Real,Elenco
Adriana Bellonga,Caindo na Real,Elenco
Elisa Pinheiro,Caindo na Real,Elenco
Silvio Matos,Caindo na Real,Elenco
Carlos Moreno,Caindo na Real,Elenco
Camillo Borges,Caindo na Real,Elenco
Bia Crespo,Caindo na Real,Writer
André Pellenz,Caindo na Real,Director
Charlie Droves,Caindo na Real,Writer
Beatriz Nascimento,Bia & Tiago,Elenco
João Pedro Rodrigues,Bia & Tiago,Elenco
Maxine Schmaltz,Bia & Tiago,Elenco
Marcello D'Lucas,Bia & Tiago,Director
Juliana Seabra,Suprema,Elenco
Larissa Harmônica,Suprema,Elenco
Layane Veruske,Suprema,Elenco
Romulo Scarinni,Suprema,Elenco
Bianca Kimie Une,Suprema,Elenco
Bonny Ribeiro,Suprema,Elenco
BR Gabs,Suprema,Elenco
Carlos Rosa,Suprema,Elenco
Suelen Souza,Suprema,Elenco
Daniella Peneluppi,Suprema,Elenco
Débora Madara,Suprema,Elenco
Rodrigo Gallo,Suprema,Elenco
Fernanda Leal,Suprema,Elenco
Guilherme Gaioso,Suprema,Elenco
José Alves,Suprema,Elenco
Priscilla Vierros,Suprema,Elenco
Rosa Guimarães,Suprema,Elenco
Simone Sobreda,Suprema,Elenco
Wander Moliani,Suprema,Elenco
Josy Savino,Suprema,Elenco
Leila Abrantes,Suprema,Elenco
Rachid Severino,Suprema,Elenco
Soraya Aguillera,Suprema,Elenco
Ewerton Melo,Suprema,Elenco
Gabriela Gomes,Suprema,Elenco
Danilo Morales,Suprema,Director
Lula Magalhães,Suprema,Director
Vincent Van Vegas,Suprema,Director
Danilo Morales,Suprema,Writer
Suelen Souza,Suprema,Producer
Andreía Reis,Suprema,Producer
"Darmin, O Grilhão",PEDRA DO AMOR,Elenco
Victória Kallyne,PEDRA DO AMOR,Elenco
João Vitor Santos,PEDRA DO AMOR,Elenco
Samuel D'Almeida,PEDRA DO AMOR,Director
Robério Santos,O Conselheiro,Elenco
Robério Santos,O Conselheiro,Director
Karen Vieira de Aguiar,Egresso,Elenco
Railin Gonçalves,Egresso,Elenco
Camily Dotto Bilhan,Egresso,Elenco
Luis Kauã,Egresso,Elenco
João Carlos de Ávila,Egresso,Elenco
Lia Souza,Egresso,Director
Lia Souza,Egresso,Producer
Lia Souza,Egresso,Writer
Suliane Cardoso,Egresso,Writer
Taiane Bringhenti,Egresso,Writer
Samuel Bellini,Resgate da Pulsão da Vida ou: A Aristotélica Viagem de Paranoia do Palhaço Pituco,Elenco
Aline Gomes,Resgate da Pulsão da Vida ou: A Aristotélica Viagem de Paranoia do Palhaço Pituco,Elenco
Samuel Bellini,Resgate da Pulsão da Vida ou: A Aristotélica Viagem de Paranoia do Palhaço Pituco,Director
Samuel Bellini,Resgate da Pulsão da Vida ou: A Aristotélica Viagem de Paranoia do Palhaço Pituco,Writer
Nana Fromti,Nanaween,Elenco
Pandie de Oliveira,Nanaween,Elenco
Niko,Nanaween,Elenco
BunnyLumel,Nanaween,Elenco
Ale,Nanaween,Elenco
GUTO,Nanaween,Elenco
RafA,Nanaween,Elenco
Nana Fromti,Nanaween,Director
Pandie de Oliveira,Nanaween,Director
GUTO,Nanaween,Producer
Nana Fromti,Nanaween,Writer
Pandie de Oliveira,Nanaween,Writer
Vinicius Ceconello dos Santos,Slaying - Parte 2: Vapo,Elenco
Mariana Orlandi Kuckertt,Slaying - Parte 2: Vapo,Elenco
Vitória Palma Wiethaus,Slaying - Parte 2: Vapo,Elenco
Artur da Costa,Slaying - Parte 2: Vapo,Elenco
Vinicius Ceconello dos Santos,Slaying - Parte 2: Vapo,Director
Artur da Costa,Slaying - Parte 2: Vapo,Director
Renata de Almeida,Viva o Cinema! Uma História da Mostra de São Paulo,Elenco
Marina Person,Viva o Cinema! Uma História da Mostra de São Paulo,Elenco
Gustavo Rosa de Moura,Viva o Cinema! Uma História da Mostra de São Paulo,Elenco
André Bomfim,Viva o Cinema! Uma História da Mostra de São Paulo,Elenco
Larissa Kurata,Viva o Cinema! Uma História da Mostra de São Paulo,Elenco
Serginho Groisman,Viva o Cinema! Uma História da Mostra de São Paulo,Elenco
Daniela Thomas,Viva o Cinema! Uma História da Mostra de São Paulo,Elenco
Jonas Chadarevian,Viva o Cinema! Uma História da Mostra de São Paulo,Elenco
Bárbara Paz,Viva o Cinema! Uma História da Mostra de São Paulo,Elenco
Adhemar Oliveira,Viva o Cinema! Uma História da Mostra de São Paulo,Elenco
Elie Politi,Viva o Cinema! Uma História da Mostra de São Paulo,Elenco
Emerson Dylan,Viva o Cinema! Uma História da Mostra de São Paulo,Elenco
Lina Chamie,Viva o Cinema! Uma História da Mostra de São Paulo,Elenco
Leticia Dias de Moura,Viva o Cinema! Uma História da Mostra de São Paulo,Elenco
Eugênia Gorini Esmeraldo,Viva o Cinema! Uma História da Mostra de São Paulo,Elenco
Cláudio Silva,Viva o Cinema! Uma História da Mostra de São Paulo,Elenco
Humberto Neiva,Viva o Cinema! Uma História da Mostra de São Paulo,Elenco
Jean-Claude Bernadet,Viva o Cinema! Uma História da Mostra de São Paulo,Elenco
Márcio José de Moraes,Viva o Cinema! Uma História da Mostra de São Paulo,Elenco
Maria Angela de Jesus,Viva o Cinema! Uma História da Mostra de São Paulo,Elenco
Maurício Kinoshita,Viva o Cinema! Uma História da Mostra de São Paulo,Elenco
Patrícia Durães,Viva o Cinema! Uma História da Mostra de São Paulo,Elenco
Julia Leite,Viva o Cinema! Uma História da Mostra de São Paulo,Elenco
Sabrina Macedo,Viva o Cinema! Uma História da Mostra de São Paulo,Elenco
Marina Person,Viva o Cinema! Uma História da Mostra de São Paulo,Director
Gustavo Rosa de Moura,Viva o Cinema! Uma História da Mostra de São Paulo,Director
Gustavo Rosa de Moura,Viva o Cinema! Uma História da Mostra de São Paulo,Producer
Camila Freitas,Aparição,Director
Pietro Fabiano,É normal lembrar?,Elenco
Aquiles Lima,É normal lembrar?,Elenco
Pedro Henrique,É normal lembrar?,Elenco
Mateus Martins,É normal lembrar?,Elenco
Yasmin,É normal lembrar?,Elenco
Rhaylla,É normal lembrar?,Elenco
Hugo,É normal lembrar?,Elenco
Pietro Fabiano,É normal lembrar?,Director
Pruner Neto,Aloha Malandro,Elenco
Renet Lyon,Aloha Malandro,Elenco
Giovanna Negrelli,Aloha Malandro,Elenco
Fernanda Souto,Aloha Malandro,Elenco
Brenda Sodré,Aloha Malandro,Elenco
Evandro Scorsin,Aloha Malandro,Director
Evandro Scorsin,Aloha Malandro,Writer
Elton Louis,Outros Abrigos,Elenco
Adriano Bim,Outros Abrigos,Elenco
Felipe Maculan,Outros Abrigos,Elenco
Moisés Fernandes,Outros Abrigos,Elenco
Leandro Henrique,Outros Abrigos,Elenco
Vitor Bini,Outros Abrigos,Elenco
Thiago Cardoso,Outros Abrigos,Director
William de Oliveira,Outros Abrigos,Producer
Daiane Martins,Outros Abrigos,Producer
Thiago Cardoso,Outros Abrigos,Producer
Hélio Goldsztejn,Aqueles Dias,Director
Beto Marquez,Aqueles Dias,Director
Matheus Luiz,Visita Maldita,Elenco
João Rangel,Visita Maldita,Elenco
Jorge Ricardo,Visita Maldita,Elenco
Alicia de França,Visita Maldita,Elenco
João Almeida,Visita Maldita,Writer
Beatriz Souza,Visita Maldita,Producer
João Almeida,Visita Maldita,Director
Tatjana Vereza,Sob o Lençol,Elenco
Stacy Oliveira,Sob o Lençol,Elenco
Júnior Soares,Sob o Lençol,Elenco
Bia Rangel,Sob o Lençol,Elenco
Daniel Gonçalves Pereira,Sob o Lençol,Director
João Victor Santos,Sob o Lençol,Producer
Daniel Gonçalves Pereira,Sob o Lençol,Writer
Maycon Douglas,Espiões de Marte,Elenco
Gabrielle Favile,Espiões de Marte,Elenco
Ph Ribas,Espiões de Marte,Elenco
Zéz,Espiões de Marte,Elenco
Bernardo Ladaniski,Espiões de Marte,Elenco
Caio Eduardo,Espiões de Marte,Elenco
Zéz,Espiões de Marte,Director
Zéz,Espiões de Marte,Writer
Daniel Felipe,Espiões de Marte,Producer
Sarah Maria dos Santos,Os comedores de batata,Elenco
Manoella Carolina Rego,Os comedores de batata,Elenco
Dê Déco Malena,Os comedores de batata,Elenco
Robson Benta,Os comedores de batata,Elenco
Fabiano Souza,Os comedores de batata,Elenco
João França,Os comedores de batata,Elenco
José Wiemes,Os comedores de batata,Director
Scheila Alexsandra,Os comedores de batata,Producer
Gianluca Euzebio,Disrupted,Elenco
Gianluca Euzebio,Disrupted,Director
Gianluca Euzebio,Disrupted,Writer
Teti Ametista,Siso,Elenco
João Pedro Bays Ferreira,Siso,Producer
Bartholomeu Ceccim,Siso,Director
Henrique Linhales Rangel,Como Eu Queria Poder Te Encontrar,Director
Thereza Schwamback,Como Eu Queria Poder Te Encontrar,Producer
Thiago Neves,Not Enough for the Love Inside,Elenco
Wallace Nogueira,Not Enough for the Love Inside,Director
Marcelo Matos de Oliveira,Not Enough for the Love Inside,Director
Marcelo Matos de Oliveira,Not Enough for the Love Inside,Writer
Eduardo da Costa Chagas,"Curitiba, Lar de Vampiros",Elenco
Gabriella Santos de Andrade,"Curitiba, Lar de Vampiros",Elenco
Daniel Felipe,"Curitiba, Lar de Vampiros",Director
Daniel Felipe,"Curitiba, Lar de Vampiros",Writer
Aline Barreto,"Curitiba, Lar de Vampiros",Producer
Gustavo Brito,Illusory Reality,Director
Miguel Muller,Meu Próprio Pecado,Elenco
Alicia Trevisan,Meu Próprio Pecado,Elenco
Joana Gubert,Meu Próprio Pecado,Elenco
Gabriel Mello,Meu Próprio Pecado,Director
Lincoln Minarim,Naquela Estação,Elenco
David Nery,Naquela Estação,Elenco
Léo Morais,Naquela Estação,Director
Jane Santa Cruz,Ataques Psicotrônicos,Elenco
Ednei Alessandro,Ataques Psicotrônicos,Elenco
Calebe Lopes,Ataques Psicotrônicos,Director
Calebe Lopes,Ataques Psicotrônicos,Writer
Klaus Hastenreiter,Ataques Psicotrônicos,Producer
Larissa Meyer,Entre Mãos,Elenco
Maria Junqueiro,Entre Mãos,Elenco
Gabriela Zapater,Entre Mãos,Director
Igor De Paula,Espantalho: O Medo Vai Te Encontrar,Elenco
Samara Bonfim,Espantalho: O Medo Vai Te Encontrar,Elenco
Eduardo Petenassi,Espantalho: O Medo Vai Te Encontrar,Director
FRANCIS MOZENA,Universo Mágico: GEMMA,Elenco
BENNY LUIZ GIORDANO,Universo Mágico: GEMMA,Elenco
LUCAS THOMAS SWEART,Universo Mágico: GEMMA,Elenco
PEDRO PAULO GIORDANO,Universo Mágico: GEMMA,Elenco
AGATHA PIRILO,Universo Mágico: GEMMA,Elenco
LÍVIA,Universo Mágico: GEMMA,Elenco
Lyx!,Universo Mágico: GEMMA,Director
Estefane Fontineli,Isso não é um Slasher,Elenco
Rhenan Rodrigues,Isso não é um Slasher,Elenco
Vitor Girão,Isso não é um Slasher,Elenco
Jeniffer Luz,Isso não é um Slasher,Elenco
Lucas Duarte,Isso não é um Slasher,Elenco
Luiz Rocz,Isso não é um Slasher,Elenco
Anastácio Gomes,Isso não é um Slasher,Elenco
Gabriel Silveira,Isso não é um Slasher,Elenco
Victoria Maddox,Isso não é um Slasher,Director
Victoria Maddox,Isso não é um Slasher,Writer
Rodrigo Polizeli,Isso não é um Slasher,Producer
Matt,Terça feira 12,Elenco
Kenny,Terça feira 12,Elenco
Isa,Terça feira 12,Elenco
Lucas Estrela,Terça feira 12,Elenco
Cerezo,Terça feira 12,Elenco
Merliah,Terça feira 12,Elenco
Evangeline,Terça feira 12,Elenco
Geh,Terça feira 12,Elenco
Abby,Terça feira 12,Elenco
Abby,Terça feira 12,Elenco
Ratalipe,Terça feira 12,Director
Amanda Azevedo,Reflexos,Elenco
Amanda Gazzo,Reflexos,Elenco
Erica Franco,Reflexos,Elenco
Beatriz Magalhães,Reflexos,Elenco
Bianca Magalhães,Reflexos,Elenco
Luiz Fontes,Reflexos,Elenco
Ju Cassini,Reflexos,Elenco
Daniel Pires,Reflexos,Elenco
Ju Cassini,Reflexos,Director
Ju Cassini,Reflexos,Writer
Eli Roth,Reflexos,Writer
Luiz Fontes,Reflexos,Director
André Luis,Reflexos,Director
Guilherme Lopes,Reflexos,Director
Isabelle de Moura,O Mistério de Ravencroft,Elenco
Jonas Eduardo,O Mistério de Ravencroft,Elenco
Pedro Henrique,O Mistério de Ravencroft,Director
Albert William,O Mistério de Ravencroft,Director
Yuri Chagas,O Mistério de Ravencroft,Writer
X Tudão,BOSQUE,Elenco
Bruno Maciel,BOSQUE,Elenco
Luis Gustavo,BOSQUE,Elenco
Ma'Sol,BOSQUE,Elenco
Bruna Santos,BOSQUE,Elenco
Ricardo Pichuru,BOSQUE,Elenco
Gabriel Rodrigues,BOSQUE,Elenco
Bruno Maciel,BOSQUE,Director
Bruno Maciel,BOSQUE,Producer
Serginho Clemente,Mustang em O Halloween,Elenco
Clecio Reis,Mustang em O Halloween,Elenco
Oscar Pescuma,Mustang em O Halloween,Elenco
Pedro Spina,Mustang em O Halloween,Elenco
Pedro Spina,Mustang em O Halloween,Director
Luana Spina,Mustang em O Halloween,Producer
Karol Spina,Mustang em O Halloween,Producer
Fernanda Hofmann,Douro: O Curta,Elenco
Danilo Pacifico,Douro: O Curta,Elenco
Dani Ang,Douro: O Curta,Elenco
Meirilinda,Douro: O Curta,Elenco
Amanda Mendes,Douro: O Curta,Elenco
Júlia Mendes,Douro: O Curta,Elenco
Diogo Alves Athayde,Douro: O Curta,Director
Mateus Santos,Douro: O Curta,Director
Diogo Alves Athayde,Douro: O Curta,Writer
Vinicius Ceconello dos Santos,[20/10/24] - Gravação Encontrada,Elenco
Mariana Orlandi Kuckertt,[20/10/24] - Gravação Encontrada,Elenco
Vitória Palma Wiethaus,[20/10/24] - Gravação Encontrada,Elenco
Artur da Costa,[20/10/24] - Gravação Encontrada,Elenco
Vinicius Ceconello dos Santos,[20/10/24] - Gravação Encontrada,Director
Cao Guimarães,Tokkotai Paquetá,Director
Marina Meliande,Tokkotai Paquetá,Producer
Maria de Paula,Isso é um adeus?,Elenco
Gabriel Inácio,Isso é um adeus?,Elenco
Sidi Leite,Isso é um adeus?,Elenco
Helena Maria,Isso é um adeus?,Director
Helena Maria,Isso é um adeus?,Writer
Eduprea,Isso é um adeus?,Producer
Camilo Cavalcante,The Bare Faced Clown,Director
Brenda Sodré,Interlude,Elenco
Tiago Lipka,Interlude,Director
Rafael Waltrick,Interlude,Producer
Yasmin Tomas,Em Pânico 2,Elenco
Aryela Souza,Em Pânico 2,Elenco
Pedro Lucas,Em Pânico 2,Elenco
Wanne Kêmilly,Em Pânico 2,Elenco
Lee Thawan,Em Pânico 2,Elenco
Gabriel Medeiros,Em Pânico 2,Elenco
Giovanna Sanchez,Em Pânico 2,Elenco
Júlia Roque,Em Pânico 2,Elenco
Mikhael Candido,Em Pânico 2,Elenco
Guilherme Medeiros,Em Pânico 2,Elenco
Luiz Júnior,Em Pânico 2,Elenco
Freddie Araújo,Em Pânico 2,Elenco
Sabrina Sandy,Em Pânico 2,Elenco
Freddie Araújo,Em Pânico 2,Elenco
Freddie Araújo,Em Pânico 2,Writer
Jordan Hugo,Em Pânico 2,Producer
Freddie Araújo,Em Pânico 2,Director
Pedro Lucas,Em Pânico 2,Producer
Aryela Souza,Em Pânico 2,Producer
Freddie Araújo,Em Pânico 2,Producer
Maria Narici,"Afinal, o que importa?",Elenco
Larissa Narici,"Afinal, o que importa?",Elenco
Aldo Narici,"Afinal, o que importa?",Elenco
Rita Melo,"Afinal, o que importa?",Elenco
Sinhá Melo,"Afinal, o que importa?",Elenco
Raquel Nunes,"Afinal, o que importa?",Director
Maria Clara Gouveia,Dom Casmurro,Elenco
Henrique Neves,Dom Casmurro,Elenco
Lara Arelhano,Dom Casmurro,Elenco
João Pedro Reis,Dom Casmurro,Elenco
Luísa Lario,Dom Casmurro,Elenco
Rafael Marchione,Dom Casmurro,Elenco
Sofia Montaldi,Dom Casmurro,Elenco
Alice Godoy,Dom Casmurro,Elenco
Gabriela de Lima,Dom Casmurro,Elenco
Sofia Cardoso,Dom Casmurro,Elenco
Fernanda Almeida,Dom Casmurro,Elenco
Clara Carvalho,Dom Casmurro,Elenco
Marlene França,Dom Casmurro,Director
Beatriz Negrão,The Tell-Tale Heart,Elenco
Karina Almeida,The Tell-Tale Heart,Elenco
Júnior Pinto,The Tell-Tale Heart,Elenco
Levi Barra,The Tell-Tale Heart,Elenco
Victor H. Castro,The Tell-Tale Heart,Director
Victor H. Castro,The Tell-Tale Heart,Writer
Inácio Oliveira,Chrysalis,Elenco
Harles Oliveira,Chrysalis,Elenco
Bela Negrão,Chrysalis,Elenco
Dheyvhyth Guylhermeth,Chrysalis,Elenco
Matheus Chucre,Chrysalis,Elenco
Vitor Cito Reis,Chrysalis,Elenco
Beatriz Negrão,Chrysalis,Director
Roger Roberto,Chrysalis,Producer
Pietrø Martins,Wolfman,Elenco
Tainá Lobato,Wolfman,Director
Denise Luz,"Nós, pretas, pleiteamos a palavra",Director
F. Capozzoli,The Return of the Blair Bitch,Director
Jácomito,The Return of the Blair Bitch,Director
Iyadirê Zidanes,Sonho em Ruínas,Elenco
Maria Rita do Nascimento,Sonho em Ruínas,Elenco
Priscila Nascimento,Sonho em Ruínas,Director
Priscila Nascimento,Sonho em Ruínas,Writer
Beatriz Negrão,Thank You For The Preference,Elenco
Cecília dos Anjos,Thank You For The Preference,Director
Arthur Oliveira,House of Ashes,Elenco
Rita Miyazaki,House of Ashes,Elenco
Kalel Pessôa,House of Ashes,Director
Kalel Pessôa,House of Ashes,Producer
Lygia Barbosa da Silva,Untenable Pantanal,Director
Pedro Saad,Untenable Pantanal,Producer
Wellington Costa,Furry at Heart,Elenco
Ruca do Carmo,Furry at Heart,Elenco
Nina da Silveira,Furry at Heart,Elenco
Nini da Silveira,Furry at Heart,Elenco
Luc da Silveira,Furry at Heart,Director
Luc da Silveira,Furry at Heart,Writer
Nina da Silveira,Furry at Heart,Producer
Luc da Silveira,Furry at Heart,Producer
Cristal Aquática,Anguish,Elenco
Outonno Selva,Anguish,Director
Vie Baruque,Anguish,Director
Isabela Fernandes,Anguish,Producer
Luiz Lapin,Kelly,Elenco
Luiz Lapin,Kelly,Writer
Luiz Lapin,Kelly,Director
Yadziah Silva,"Não Quero Saber de Sangue, Só Quero Saber de Pitú",Elenco
Valéria Tamires,"Não Quero Saber de Sangue, Só Quero Saber de Pitú",Elenco
Erick Figueredo,"Não Quero Saber de Sangue, Só Quero Saber de Pitú",Elenco
Júlia Rayane,"Não Quero Saber de Sangue, Só Quero Saber de Pitú",Elenco
Reginaldo Sá,"Não Quero Saber de Sangue, Só Quero Saber de Pitú",Elenco
Yadziah Silva,"Não Quero Saber de Sangue, Só Quero Saber de Pitú",Director
Yadziah Silva,"Não Quero Saber de Sangue, Só Quero Saber de Pitú",Writer
Yadziah Silva,"Não Quero Saber de Sangue, Só Quero Saber de Pitú",Producer
Letícia Delgado,Estou Aqui,Elenco
Karola Lobo,Estou Aqui,Director
Ernesto Boccara,Boccara: The Fantastic World of a Visionary Artist,Elenco
Diana Boccara,Boccara: The Fantastic World of a Visionary Artist,Elenco
Diana Boccara,Boccara: The Fantastic World of a Visionary Artist,Director
Diana Boccara,Boccara: The Fantastic World of a Visionary Artist,Writer
Jorge Timm,The Three Stooges and Thousands of Killers,Elenco
Onesia Liotto,The Three Stooges and Thousands of Killers,Elenco
Nadi Palombit,The Three Stooges and Thousands of Killers,Elenco
Marcelo Severo,The Three Stooges and Thousands of Killers,Elenco
Marcos Braun,The Three Stooges and Thousands of Killers,Elenco
Petter Baiestorf,The Three Stooges and Thousands of Killers,Elenco
Petter Baiestorf,The Three Stooges and Thousands of Killers,Director
Petter Baiestorf,The Three Stooges and Thousands of Killers,Writer
Petter Baiestorf,The Three Stooges and Thousands of Killers,Producer
Índigo Braga,Nocturnal Animals,Elenco
Azizi Cypriano,Nocturnal Animals,Elenco
Índigo Braga,Nocturnal Animals,Director
Paulo Abrão,Nocturnal Animals,Director
Marina Meliande,Nocturnal Animals,Producer
Rodrigo Sampaio,"Aarão Reis, Solução do Turco",Producer
Nicholas Correa,"Aarão Reis, Solução do Turco",Producer
Nicholas Correa,"Aarão Reis, Solução do Turco",Director
Renan Eduardo,"Aarão Reis, Solução do Turco",Producer
Luís Kifer,Nem Tudo são Máscaras,Elenco
Sofi Del Rio,Nem Tudo são Máscaras,Elenco
Acelmar Marchezi,Nem Tudo são Máscaras,Elenco
Alice Salvo,Nem Tudo são Máscaras,Elenco
Mariana Cozzo,Nem Tudo são Máscaras,Elenco
Lucca de Oliveira,Nem Tudo são Máscaras,Elenco
Luigi de Marco,Nem Tudo são Máscaras,Elenco
Dalila Craveira,Nem Tudo são Máscaras,Elenco
Cecília Coelho,Nem Tudo são Máscaras,Elenco
Poliana Ricco,Nem Tudo são Máscaras,Elenco
Jelly Padilha,Nem Tudo são Máscaras,Elenco
Lua Marchezi,Nem Tudo são Máscaras,Director
Brendha Mendes,Nem Tudo são Máscaras,Director
Lua Marchezi,Nem Tudo são Máscaras,Writer
Brendha Mendes,Nem Tudo são Máscaras,Writer
Ana Karolina,The Room,Elenco
Guilherme Ubaldo,The Room,Elenco
Nicolas Artur,The Room,Elenco
Geovana Alves,The Room,Elenco
Lucas Barbosa,The Room,Writer
Lucas Barbosa,The Room,Director
Didier D'Abreu,Pink Dolphin,Director
Ana Tolezani,Works and Nights,Elenco
João Pedro Ferreri,Works and Nights,Elenco
Helena Bachur,Works and Nights,Elenco
Luiz Afonso Morêda,Works and Nights,Director
Matheus Restiffe,Works and Nights,Producer
Cauê Dias Baptista,Works and Nights,Producer
João Eduardo Gama,Works and Nights,Producer
Luiz Afonso Morêda,Works and Nights,Writer
Catarina Melo,Video Deus,Elenco
Caju,Video Deus,Elenco
Camillo Lima,Video Deus,Elenco
Cecília Melo,Video Deus,Elenco
Clara Camarano,Video Deus,Elenco
Diego de Léon,Video Deus,Elenco
Tiago Kuppens,Video Deus,Elenco
Daniel Oliveira,Video Deus,Elenco
Xiquito Maciel,Video Deus,Elenco
Paulo Duro,Video Deus,Elenco
Gabriel Albuquerque,Video Deus,Elenco
Pedro Avellar,Video Deus,Elenco
Pedro Ribeiro,Video Deus,Elenco
Febo Febe,Video Deus,Director
Thiago Ramos,Video Deus,Producer
Lara Bereta,Artificial (Emotional) Intelligence,Elenco
Pedro Amorim,Artificial (Emotional) Intelligence,Elenco
Thiago Moreira,Artificial (Emotional) Intelligence,Elenco
Pedro Amorim,Artificial (Emotional) Intelligence,Director
Pedro Amorim,Artificial (Emotional) Intelligence,Writer
Tiago D'Angelo,Artificial (Emotional) Intelligence,Writer
Mariana Lima,Artificial (Emotional) Intelligence,Producer
Roger Bravo,Hammurabi,Elenco
Ruan Bertuce,Hammurabi,Elenco
Guilherme Conceição,Hammurabi,Elenco
Benjamin Medeiros,Hammurabi,Elenco
Diego Robertto,Hammurabi,Elenco
Eduardo Gonçalves Marques Silva,Hammurabi,Elenco
Michel Pereira,Hammurabi,Elenco
Felipe Polônio,Hammurabi,Elenco
Maísa Urbano,Hammurabi,Elenco
Lucas Valesi,Hammurabi,Elenco
Eliasaf Filho,Hammurabi,Elenco
Marcela Georgini,Hammurabi,Elenco
João Campos,Hammurabi,Elenco
Bryan Marquini,Hammurabi,Director
Bryan Marquini,Hammurabi,Writer
Carol Caetano,Hammurabi,Producer
Nathan Gabriel,meu nome é saracael tenho 14 anos (teria se tivesse viva),Elenco
Aléxia Rocha Quina,meu nome é saracael tenho 14 anos (teria se tivesse viva),Elenco
Mônica Moroz,meu nome é saracael tenho 14 anos (teria se tivesse viva),Director
João Emanuel Gomes,meu nome é saracael tenho 14 anos (teria se tivesse viva),Director
Ícaro Luiz,meu nome é saracael tenho 14 anos (teria se tivesse viva),Producer
Luiz Honorio,Abrigo,Director
Marcelo Albuquerque,Retratos do Meu Cinema,Elenco
Maria Laura Van Boekel Cheola,Retratos do Meu Cinema,Elenco
Monica Schubert,Retratos do Meu Cinema,Elenco
Márcio Albuquerque,Retratos do Meu Cinema,Elenco
Guilherme Albuquerque,Retratos do Meu Cinema,Elenco
Francisco Albuquerque,Retratos do Meu Cinema,Elenco
João Lucas Albuquerque,Retratos do Meu Cinema,Elenco
Alci Portes de Albuquerque,Retratos do Meu Cinema,Elenco
Malu Rubim,Retratos do Meu Cinema,Elenco
Jhean Pablo Macedo Monteiro,Retratos do Meu Cinema,Elenco
Julia Loyola Moreira,Retratos do Meu Cinema,Elenco
Pietra Antonelli,Retratos do Meu Cinema,Elenco
Andreson Carvalho,Retratos do Meu Cinema,Elenco
Alexandre Schubert,Retratos do Meu Cinema,Elenco
Juliana Guagliani,Retratos do Meu Cinema,Elenco
Sebastiana Campello,Retratos do Meu Cinema,Elenco
Alexandre Schubert,Retratos do Meu Cinema,Director
Gustavo Ramos Ribeiro,Remnant Frames: Tony and the Future Paralysis,Elenco
Daniel Rubinger,Remnant Frames: Tony and the Future Paralysis,Elenco
Caio Correa,Remnant Frames: Tony and the Future Paralysis,Elenco
Arthur Matsubara,Remnant Frames: Tony and the Future Paralysis,Elenco
Felipe Vitorino,Remnant Frames: Tony and the Future Paralysis,Elenco
Pedro Bento Diniz Costa,Remnant Frames: Tony and the Future Paralysis,Elenco
Maria Clara de Aguiar,Remnant Frames: Tony and the Future Paralysis,Elenco
Daniel Rubinger,Remnant Frames: Tony and the Future Paralysis,Director
Gustavo Ramos Ribeiro,Remnant Frames: Tony and the Future Paralysis,Director
Daniel Rubinger,Remnant Frames: Tony and the Future Paralysis,Writer
Gustavo Ramos Ribeiro,Remnant Frames: Tony and the Future Paralysis,Writer
Julia Schwarzer,Romã,Elenco
Vanusa Vicelli,Romã,Elenco
Ana Paula Claro,Romã,Elenco
Neusa Claro,Romã,Elenco
Cristiane de Conto,Romã,Elenco
Yasmin Costa,Romã,Elenco
Lucia Costa,Romã,Elenco
Fabia Badotti,Romã,Elenco
Isabele Batista,Romã,Elenco
Carolina Senff,Romã,Director
Julia Schwarzer,Romã,Director
Julia Schwarzer,Romã,Writer
Luísa Grande Garcia,Romã,Producer
Maria Luísa Caetano Claro,Romã,Producer
Will Souza,"Brega Funk, Ritmo e Sobrevivência",Director
Will Souza,"Brega Funk, Ritmo e Sobrevivência",Writer
Laís Ribeiro,Primavera Só Floreia em Terra Fértil,Director
Laís Ribeiro,Primavera Só Floreia em Terra Fértil,Writer
Robson Dias,Favela Turística,Director
Robson Dias,Favela Turística,Writer
Lucas Zaffari,Not Tonight,Elenco
Marcela Cipriani,Not Tonight,Elenco
Miguel Alves,Not Tonight,Elenco
Leo Sbabo Guerra,Not Tonight,Director
Marcela Cipriani,Not Tonight,Producer
Bernardo Casara,Not Tonight,Producer
Leo Sbabo Guerra,Not Tonight,Producer
Célia Melo,I’m Here,Elenco
Quilomba Zu,I’m Here,Elenco
Anum Preta,I’m Here,Elenco
Geisla Blanco,I’m Here,Elenco
Ana Valéria de Souza,I’m Here,Elenco
Vênus de Morais,I’m Here,Elenco
Breno Oliveira,I’m Here,Elenco
Robson Medeiros,I’m Here,Elenco
Bruna Morais,I’m Here,Elenco
Paulo Demétrio,I’m Here,Elenco
Maria de Lia,I’m Here,Elenco
Alex Ivanovich,I’m Here,Elenco
Marcia Lohss,I’m Here,Elenco
André Santos,I’m Here,Producer
Babi Baracho,I’m Here,Producer
André Santos,I’m Here,Writer
André Santos,I’m Here,Director
Hugo Capelato,The Mark of Water,Elenco
Giulia Pamina,The Mark of Water,Elenco
Rafaella Coelho,The Mark of Water,Elenco
Yalis,The Mark of Water,Elenco
Max Pessoa Jr.,The Mark of Water,Director
Hugo Capelato,The Mark of Water,Director
Hugo Capelato,The Mark of Water,Writer
Hugo Capelato,The Mark of Water,Producer
Max Pessoa Jr.,The Mark of Water,Producer
CaButia,The Mark of Water,Producer
Daniele Louzada,Desvio,Elenco
Hellen Hoffmann,Desvio,Elenco
Matteo Mazzon,Desvio,Elenco
Vivis Andrade,Desvio,Elenco
Lorene Nascimento,Desvio,Writer
Juliana Lunardelli,Desvio,Producer
Bianca Saba,Desvio,Director
Valentina M. Pedroso,Desvio,Producer
Raquel Lopes de Almeida,Desvio,Director
Melanie Luz,Desvio,Producer
Maria Eduarda de Araújo Prado,Desvio,Producer
Isabel Cristina Olivar Dupunt,Os Espinhos de Uma Rosa,Elenco
Mariana Todesco Belloc,Os Espinhos de Uma Rosa,Elenco
Cecília Scholze Behs,Os Espinhos de Uma Rosa,Elenco
Gabriela Lorenzoni Ribeiro Mendes,Os Espinhos de Uma Rosa,Elenco
Gabriela Lorenzoni Ribeiro Mendes,Os Espinhos de Uma Rosa,Director
Gabriela Lorenzoni Ribeiro Mendes,Os Espinhos de Uma Rosa,Writer
Rafda Batista,Caminhando Sozinho,Elenco
Wesley Silva,Caminhando Sozinho,Elenco
Bilbo M.,Caminhando Sozinho,Elenco
Evie Domingues,Caminhando Sozinho,Elenco
Mattheus Guimarães,Caminhando Sozinho,Elenco
Leonardo dos Passos,Caminhando Sozinho,Elenco
Rafda Batista,Caminhando Sozinho,Director
Rafda Batista,Caminhando Sozinho,Writer
Wesley Silva,Caminhando Sozinho,Producer
Rafda Batista,Caminhando Sozinho,Producer
Karen Tyler,Gennaro,Elenco
Miguel Furtado,Gennaro,Elenco
Pedro Costa,Gennaro,Elenco
Ana Mclean,Gennaro,Elenco
Luiza Furtado,Gennaro,Director
Luiza Furtado,Gennaro,Writer
Bruna Britto,Gennaro,Producer
Guilherme Eyng,Andromeda,Elenco
Helena Maier,Andromeda,Elenco
Victor Hugo Assunção,Andromeda,Elenco
Amanda Vizentainer,Andromeda,Elenco
Guilherme Eyng,Andromeda,Writer
Douglas Jansen,Andromeda,Writer
Elizandra Furtado,Andromeda,Director
Vini Portella,O Corvo,Elenco
Pedro Dantas,O Corvo,Elenco
Gabriel Eskenazi,O Corvo,Director
Gabriel Eskenazi,O Corvo,Writer
João Côrtes,Running to Seattle,Elenco
Maíra Sá Ribeiro,Running to Seattle,Elenco
Ivan Mendes,Running to Seattle,Elenco
Pedro Dias Lemos,Running to Seattle,Elenco
Leonardo Raphael,Running to Seattle,Writer
Ana Araujo,Running to Seattle,Writer
Ana Araujo,Running to Seattle,Producer
Gabriel Saraiva,Running to Seattle,Director
Gabriel Saraiva,Running to Seattle,Producer
Ariane Marins,A Febre,Elenco
Bruno Feitosa,A Febre,Elenco
Julia Assis,A Febre,Elenco
Lara Liverani,A Febre,Elenco
Daniel Xexéo,A Febre,Elenco
Daniel Xexéo,A Febre,Director
Daniel Xexéo,A Febre,Writer
Daniel Xexéo,A Febre,Producer
Jeffter Nicolas,A metamorfose,Elenco
Dhan Solano,A metamorfose,Elenco
Luiza Amaral,A metamorfose,Elenco
Davi Lauriano,A metamorfose,Elenco
Daniel Carneiro,A metamorfose,Elenco
Welton Menezes,A metamorfose,Director
Cristiano Micussi,A metamorfose,Director
Eduardo Görck,Inflamável,Elenco
Letícia Coralina,Inflamável,Elenco
Gaivota Naves,Inflamável,Elenco
Marcelo Nenevê,Inflamável,Elenco
Abaetê Queiroz,Inflamável,Elenco
Gabriel Pogó,Inflamável,Elenco
Sandra Bernardes,Inflamável,Elenco
Rafael Ribeiro Gontjo,Inflamável,Director
Rafael Ribeiro Gontjo,Inflamável,Producer
Marisa Mendonça,Inflamável,Producer
Sandro Vilanova,Inflamável,Producer
Luca Salri,Estranhas Luzes,Elenco
Cícero Teixeira Lopes,Estranhas Luzes,Elenco
Arthur Soares,Estranhas Luzes,Elenco
Nathan  Ximenes,Estranhas Luzes,Elenco
Nathan  Ximenes,Estranhas Luzes,Director
Luna Bonfim,Estranhas Luzes,Producer
Nathan  Ximenes,Estranhas Luzes,Producer
Isabella Brookes,Desencontro,Elenco
Raphael Bela,Desencontro,Elenco
Julia Ayalla,Desencontro,Director
Julia Ayalla,Desencontro,Writer
Leo Lage,Desencontro,Producer
Oli de Borba,O Massacre da Serra de Fita,Elenco
Noguchi Quinderé,O Massacre da Serra de Fita,Elenco
Dani Montan,O Massacre da Serra de Fita,Elenco
Amanda Rocha,O Massacre da Serra de Fita,Elenco
Erick Araújo,O Massacre da Serra de Fita,Elenco
Arthur Macedo,O Massacre da Serra de Fita,Elenco
Alexandre Castro,O Massacre da Serra de Fita,Elenco
Leonardo Pacheco,O Massacre da Serra de Fita,Elenco
Arthur Macedo,O Massacre da Serra de Fita,Director
Leonardo,Vidas Cruzadas,Director
Gusthavo Monteiro,Vidas Cruzadas,Director
Hebert Castro,Vidas Cruzadas,Director
Leonardo,Vidas Cruzadas,Writer
Gusthavo Monteiro,Vidas Cruzadas,Writer
Samuel Brandão Lopes,A Vida Continua,Elenco
Thiago Roberto,A Vida Continua,Elenco
Samuel Brandão Lopes,A Vida Continua,Director
Samuel Brandão Lopes,Solis,Elenco
Gustavo Oliveira,Solis,Elenco
Samuel Brandão Lopes,Solis,Director
Ingrid Pedroza,Frida Kahlo,Elenco
Leno Lopes,Frida Kahlo,Elenco
Leandro Lyma,Frida Kahlo,Elenco
Kássia de Paula,Frida Kahlo,Elenco
Nia Mesmo,Frida Kahlo,Director
Bernardo Tâmara,Frida Kahlo,Director
Ingrid Pedroza,Frida Kahlo,Writer
Lucca Fraga,Império de Papel,Elenco
Bruno Consulin,Império de Papel,Elenco
Pietro Muniz,Império de Papel,Elenco
Eduardo Leite,Império de Papel,Elenco
Diego Acosta,Império de Papel,Elenco
Sérgio Lima,Império de Papel,Elenco
Gustavo Montiel,Império de Papel,Elenco
Matthys Franklin,Império de Papel,Elenco
Anthony Kassouf,Império de Papel,Elenco
Danika Franklin,Império de Papel,Producer
Gustavo Montiel,Império de Papel,Producer
Matthys Franklin,Império de Papel,Producer
Eletiva de Cinema ECC,Império de Papel,Director
Bruno Consulin,Império de Papel,Writer
Pietro Muniz,Império de Papel,Writer
Márcio Trigo,Flores & Espinho,Director
Tiago Mattos,Three Missing Treasures,Elenco
Caio Embirussu,Three Missing Treasures,Elenco
Juan José,Three Missing Treasures,Elenco
João Lucas Sales,Three Missing Treasures,Elenco
Livia Rifane,Three Missing Treasures,Elenco
Pablo Ferreira,Three Missing Treasures,Director
Renato Góes,O Homem de Ouro,Elenco
Pedro Lamin,O Homem de Ouro,Elenco
Pierre Baitelli,O Homem de Ouro,Elenco
Peter Brandão,O Homem de Ouro,Elenco
Arthur Santileone,O Homem de Ouro,Elenco
Luisa Arraes,O Homem de Ouro,Elenco
Glamour Garcia,O Homem de Ouro,Elenco
Yuri Marçal,O Homem de Ouro,Elenco
Saulo Arcoverde,O Homem de Ouro,Elenco
Paulo Verlings,O Homem de Ouro,Elenco
Natasha Jascalevich,O Homem de Ouro,Elenco
Mauro Lima,O Homem de Ouro,Director
Mike Ale,Julia,Director
Mike Ale,Julia,Writer
Pedro de paoli,The hidden splendor,Elenco
Ana Carolina Lopes,The hidden splendor,Elenco
Maria Eduarda de Oliveira,The hidden splendor,Elenco
Isabella Monteiro,The hidden splendor,Elenco
Maria Clara Andrade,The hidden splendor,Elenco
João Felipe de Oliveira,The hidden splendor,Elenco
Julia França,The hidden splendor,Elenco
Manuella Lages,The hidden splendor,Elenco
Manuella Gabrich,The hidden splendor,Elenco
Gabriella Carmo,The hidden splendor,Elenco
Carolina Leal,The hidden splendor,Elenco
Otto Pacheco,The hidden splendor,Elenco
Pedro Lopes,The hidden splendor,Elenco
Juan Matajira,The hidden splendor,Elenco
Paulo Sergio Gualtieri,Criança Perdida,Elenco
Dan Zanna,Criança Perdida,Elenco
Nina Comitre,Criança Perdida,Elenco
Maiara Soldera,Criança Perdida,Elenco
Vini Roque,Criança Perdida,Elenco
Gean Conjê,Criança Perdida,Director
Gean Conjê,Criança Perdida,Writer
Gean Conjê,Criança Perdida,Producer
Cine Paraódice,Criança Perdida,Producer
Claudio de Albuquerque,O Guinchar Dos Porcos,Elenco
Daniel Pavini,O Guinchar Dos Porcos,Elenco
Giovanni Joaquim,O Guinchar Dos Porcos,Elenco
Gean Conjê,O Guinchar Dos Porcos,Director
Gean Conjê,O Guinchar Dos Porcos,Writer
Hellen Honorato,O Guinchar Dos Porcos,Producer
Cine Paraódice,O Guinchar Dos Porcos,Producer
Gabriel Godinho,Batismo Médico: Uma Análise Profunda dos Trotes Universitários,Elenco
Rodrigo Volpini,Batismo Médico: Uma Análise Profunda dos Trotes Universitários,Elenco
João Pedro Ruy,Batismo Médico: Uma Análise Profunda dos Trotes Universitários,Elenco
Tayná Silva,Batismo Médico: Uma Análise Profunda dos Trotes Universitários,Elenco
João Pedro Ruy,Batismo Médico: Uma Análise Profunda dos Trotes Universitários,Director
João Pedro Ruy,Batismo Médico: Uma Análise Profunda dos Trotes Universitários,Writer
Toquinho,Toquinho: Encontros e um Violão,Elenco
Ornella Vanoni,Toquinho: Encontros e um Violão,Elenco
Pedro Bial,Toquinho: Encontros e um Violão,Elenco
Ivan Lins,Toquinho: Encontros e um Violão,Elenco
Roberto Rivellino,Toquinho: Encontros e um Violão,Elenco
Jane Duboc,Toquinho: Encontros e um Violão,Elenco
Erica Bernardini,Toquinho: Encontros e um Violão,Director
Maria Clara Vergueiro,O avô na sala de estar: a prosa leve de Antonio Candido,Elenco
Antonio Candido,O avô na sala de estar: a prosa leve de Antonio Candido,Elenco
Marcelo Machado,O avô na sala de estar: a prosa leve de Antonio Candido,Director
Fabiana Werneck Barcinski,O avô na sala de estar: a prosa leve de Antonio Candido,Director
Adriano Topera,Topera,Elenco
Rodrigo Gadelha,Topera,Director
Rodrigo Gadelha,Topera,Writer
André Moura Lopes,Visitando Luisa,Director
Charlotte Cruz,Raízes do Mangue,Director
Tibico Brasil,A Mulher Barco,Director
Kieza Fran,Slam Sobral,Director
Andrea Santana,Convite,Elenco
Wil Gama,Convite,Elenco
Maria Lúcia Brancotomé,Convite,Elenco
Jennifer Souza,Convite,Writer
Sabrina Pedrosa,Convite,Producer
Beatriz Araujo,Convite,Director
José Roberto Sales,Seca Verde,Director
Iziane Mascarenhas,Cante Lá que Eu Conto Cá,Director
Joe Pimentel,Antônio Bandeira - O Poeta das Cores,Director
Gabriel Faleiros,O Amor é um Diabo,Elenco
Icaro,O Amor é um Diabo,Elenco
Ingrid Strauhs,O Amor é um Diabo,Elenco
Mariana Pallú,O Amor é um Diabo,Elenco
Mariana Passos,O Amor é um Diabo,Elenco
Michelle Felski,O Amor é um Diabo,Elenco
Renan Antunes,O Amor é um Diabo,Elenco
Roberto de Brito,O Amor é um Diabo,Elenco
Rosangela Barbosa,O Amor é um Diabo,Elenco
Tales Queiroz,O Amor é um Diabo,Elenco
Yuri Medeiros,O Amor é um Diabo,Elenco
Júlia Bell,O Amor é um Diabo,Elenco
Maria Finger,O Amor é um Diabo,Elenco
PRC AKA,O Amor é um Diabo,Elenco
Rafael Pedretti,O Amor é um Diabo,Director
Rafael Pedretti,O Amor é um Diabo,Writer
Danillo Lima,Para Onde Vai Você?,Elenco
Angélica Paulino,Para Onde Vai Você?,Elenco
Renata Santos,Para Onde Vai Você?,Elenco
Lux Tenorio,Para Onde Vai Você?,Elenco
Izabela Malagola,Para Onde Vai Você?,Producer
Robson Perez,Para Onde Vai Você?,Producer
Bruno Machado,Para Onde Vai Você?,Director
Luna Riguete,Para Onde Vai Você?,Writer
Lucas Limeira,Ponte Metálica,Elenco
Brunu Kunk,Ponte Metálica,Elenco
Bianca Ellen,Ponte Metálica,Elenco
Felipe Bruno,Ponte Metálica,Director
Wes Maria,Ponte Metálica,Director
Souma,Ponte Metálica,Producer
Wes Maria,Ponte Metálica,Producer
Assis Vieira,Center Um: 50 Anos,Elenco
Guto Benevides,Center Um: 50 Anos,Elenco
Beatriz Diógenes,Center Um: 50 Anos,Elenco
José Hissa,Center Um: 50 Anos,Elenco
José Flávio Nogueira,Center Um: 50 Anos,Director
Jonathan Machado,Center Um: 50 Anos,Producer
Giovanni Citelli,Cinemas de Verdade,Elenco
Henrique Josué Kozlowski,Cinemas de Verdade,Elenco
Angélica Spinola,Cinemas de Verdade,Elenco
Neuza Alves da Silva,Cinemas de Verdade,Elenco
Arthur de Carvalho Jr.,Cinemas de Verdade,Elenco
Dário de Paula,Cinemas de Verdade,Elenco
Fábio Salgado,Cinemas de Verdade,Elenco
Lincoln Botelho,Cinemas de Verdade,Elenco
Ricardo Ballarini,Cinemas de Verdade,Elenco
Pedro Augusto Teixeira,Cinemas de Verdade,Director
Pedro Augusto Teixeira,Cinemas de Verdade,Writer
Stella Ribeiro,Cinemas de Verdade,Producer
Anitta,Anitta: Live at Rock The Mountain,Elenco
Guilherme Godoy,Enigmas no Rolê,Elenco
Maria Rita,Enigmas no Rolê,Elenco
Raul Enzo,Enigmas no Rolê,Elenco
Ulisver Silva,Enigmas no Rolê,Director
Ulisver Silva,Enigmas no Rolê,Writer
Ana Caetano,COR,Elenco
Vitória Falcão,COR,Elenco
Mari Jacintho,COR,Elenco
Leomaristi,COR,Elenco
Jeff Pinas,COR,Elenco
Bessa,COR,Elenco
Diego Souza,COR,Elenco
Jeferson Malachias,COR,Elenco
Felipe Fonseca,COR,Director
Felipe Simas,COR,Producer
Isadora Silveira,COR,Producer
Matheus Abreu,Um Lobo entre os Cisnes,Elenco
Darío Grandinetti,Um Lobo entre os Cisnes,Elenco
Margarida Vila-Nova,Um Lobo entre os Cisnes,Elenco
Augusto Madeira,Um Lobo entre os Cisnes,Elenco
Elvira Helena,Um Lobo entre os Cisnes,Elenco
Helena Varvaki,Um Lobo entre os Cisnes,Director
Marcos Schechtman,Um Lobo entre os Cisnes,Director
Camila Agustini,Um Lobo entre os Cisnes,Writer
Roberto Berliner,Um Lobo entre os Cisnes,Producer
Leo Ribeiro,Um Lobo entre os Cisnes,Producer
Pietra  Campos,Reporting on Cinema,Elenco
Júlia Manzatto,Reporting on Cinema,Elenco
Nicole Amato,Reporting on Cinema,Elenco
Ana Laura Morelatto,Reporting on Cinema,Elenco
Rodolfo Luiz Vieira,Reporting on Cinema,Elenco
Rodolfo Luiz Vieira,Reporting on Cinema,Writer
Rodolfo Luiz Vieira,Reporting on Cinema,Director
Rodolfo Luiz Vieira,Reporting on Cinema,Producer
Gabriela Scherer,The Drop of Water: A Journey from Erosion to Decay,Elenco
Victória Menezes,The Drop of Water: A Journey from Erosion to Decay,Elenco
"Gabriel ""Guel"" Varalla",The Drop of Water: A Journey from Erosion to Decay,Elenco
Felipe Backendorf,The Drop of Water: A Journey from Erosion to Decay,Elenco
Paolo Colosso,The Drop of Water: A Journey from Erosion to Decay,Elenco
Maria Alice Neves,The Drop of Water: A Journey from Erosion to Decay,Elenco
Hélio Rodak,The Drop of Water: A Journey from Erosion to Decay,Elenco
Irineu Manoel de Souza,The Drop of Water: A Journey from Erosion to Decay,Elenco
Fábio Luiz Lopes da Silva,The Drop of Water: A Journey from Erosion to Decay,Elenco
Ariadne Correa,The Drop of Water: A Journey from Erosion to Decay,Elenco
Beatriz Ribeiro,The Drop of Water: A Journey from Erosion to Decay,Elenco
Gabriela Gonçalves Martins,The Drop of Water: A Journey from Erosion to Decay,Elenco
Isa Spaniol,The Drop of Water: A Journey from Erosion to Decay,Elenco
Júlia Guastaferro,The Drop of Water: A Journey from Erosion to Decay,Elenco
Vinicius Machado,The Drop of Water: A Journey from Erosion to Decay,Elenco
Vitória Petris Tambosi,The Drop of Water: A Journey from Erosion to Decay,Elenco
Isa Spaniol,The Drop of Water: A Journey from Erosion to Decay,Director
Vinicius Machado,The Drop of Water: A Journey from Erosion to Decay,Director
Ariadne Correa,The Drop of Water: A Journey from Erosion to Decay,Producer
Gabriela Scherer,The Drop of Water: A Journey from Erosion to Decay,Producer
Vinicius Machado,The Drop of Water: A Journey from Erosion to Decay,Producer
Ariadne Correa,The Drop of Water: A Journey from Erosion to Decay,Writer
Maisa Freitas,The Drop of Water: A Journey from Erosion to Decay,Writer
Vitória Petris Tambosi,The Drop of Water: A Journey from Erosion to Decay,Writer
Padre Marlon Múcio,Milagre Vivo,Elenco
Mãe Carminha,Milagre Vivo,Elenco
Helen Dias,Milagre Vivo,Elenco
Henriquinho,Milagre Vivo,Elenco
Giselle Diazz,Milagre Vivo,Elenco
Gustavo Leite,Milagre Vivo,Director
Gustavo Andrade,Milagre Vivo,Writer
Julia Sondermann,Milagre Vivo,Director
Julia Sondermann,Milagre Vivo,Writer
Júlia Pimentel,Blonde Apparition,Elenco
Luiza Frateles,Blonde Apparition,Elenco
Maria de Fátima,Blonde Apparition,Elenco
Maria Gabrielly,Blonde Apparition,Elenco
Beatriz Torres,Blonde Apparition,Elenco
Liz Araújo,Blonde Apparition,Director
Carlos Henrique,Blonde Apparition,Writer
Enzo,Os Porcos de Magé,Elenco
Julia,Os Porcos de Magé,Elenco
Juliana,Os Porcos de Magé,Elenco
Amigues,Os Porcos de Magé,Elenco
Evandro,Os Porcos de Magé,Elenco
Julia,Os Porcos de Magé,Director
Juliana,Os Porcos de Magé,Writer
Felipe,Os Porcos de Magé,Producer
Érico Junqueira,Baú de Cartuns: Humor em Tempos de Cólera,Elenco
Cesar Teixeira,Baú de Cartuns: Humor em Tempos de Cólera,Elenco
José Ribamar Cordeiro Filho,Baú de Cartuns: Humor em Tempos de Cólera,Elenco
Joaquim Cruz Neto,Baú de Cartuns: Humor em Tempos de Cólera,Elenco
Iramir Araújo,Baú de Cartuns: Humor em Tempos de Cólera,Director
Iramir Araújo,Baú de Cartuns: Humor em Tempos de Cólera,Writer
Rosa Ewerton Jara,Baú de Cartuns: Humor em Tempos de Cólera,Producer
Giselle Nicácio,Baú de Cartuns: Humor em Tempos de Cólera,Producer
Ithalo Gustavo,Somente Cálice,Elenco
Alef Cauã,Somente Cálice,Elenco
Sergio Davy,Somente Cálice,Elenco
Eduardo Felix,Somente Cálice,Director
Eduardo Felix,Somente Cálice,Writer
Gurcius Gewdner,Capivaras na Noite,Elenco
Salomé,Capivaras na Noite,Elenco
Zimmer,Capivaras na Noite,Elenco
Petter Baiestorf,Capivaras na Noite,Elenco
Petter Baiestorf,Capivaras na Noite,Director
Petter Baiestorf,Capivaras na Noite,Writer
Petter Baiestorf,Capivaras na Noite,Producer
Evandro Manchini,Reindeer Queer,Elenco
Evandro Manchini,Reindeer Queer,Director
Lucas Justiniano,Salmo 23,Director
Jose Menezes,Salmo 23,Director
Lucas Hamdan,"""High Fidelity""",Elenco
Lívia Sandim,"""High Fidelity""",Director
Lívia Sandim,"""High Fidelity""",Producer
Matheus Meira,PiraTV,Elenco
Lorrayne Ellen,PiraTV,Elenco
João Pedro Admiral,PiraTV,Elenco
Dwight Moody,PiraTV,Elenco
Henrique Tinti,PiraTV,Elenco
Clara Azevedo,PiraTV,Elenco
Carmen Poiani,PiraTV,Elenco
Brunno Bimbati,PiraTV,Elenco
Isabella Coletto,PiraTV,Elenco
Nathália Reck,PiraTV,Elenco
Gabriel Barbosa,PiraTV,Elenco
Gabriela Diofer,PiraTV,Elenco
Gabriel Barbosa,PiraTV,Director
Matheus Meira,PiraTV,Writer
Julia Wakabara,PiraTV,Writer
Gabriela Diofer,PiraTV,Writer
Clara Azevedo,PiraTV,Writer
Matheus Gama,PiraTV,Writer
Isabella Coletto,PiraTV,Writer
Carmen Poiani,PiraTV,Producer
Nathália Reck,PiraTV,Producer
Wallie Ruy,A Dita Filha de Claudia Wonder,Director
Mahmoud Darwich,Os Mortos Resistirão Para Sempre,Elenco
Noam Chomsky,Os Mortos Resistirão Para Sempre,Elenco
Carlos Adriano,Os Mortos Resistirão Para Sempre,Director
Ramalho,(des)inclusão. - vida de escritório -,Elenco
Emanuelle Alves,(des)inclusão. - vida de escritório -,Elenco
Paula Loures,(des)inclusão. - vida de escritório -,Elenco
Rafael Mundim,(des)inclusão. - vida de escritório -,Elenco
Gabriel Palhares,(des)inclusão. - vida de escritório -,Elenco
Gabriela Santos,(des)inclusão. - vida de escritório -,Elenco
Rafael Mundim,(des)inclusão. - vida de escritório -,Director
Cássia Freitas,(des)inclusão. - vida de escritório -,Director
Publiciotários,(des)inclusão. - vida de escritório -,Writer
Tay O'Hanna,Northwest Wind – Who Is Born A Thunderstorm Do Not Fear Strong Winds,Elenco
Juliana do Espírito Santo,Northwest Wind – Who Is Born A Thunderstorm Do Not Fear Strong Winds,Elenco
Preta Rara,Northwest Wind – Who Is Born A Thunderstorm Do Not Fear Strong Winds,Elenco
Cibele Appes,Northwest Wind – Who Is Born A Thunderstorm Do Not Fear Strong Winds,Director
Luigi Calduch,Truth or Desire?,Elenco
Caio Fliper,Truth or Desire?,Elenco
Eduardo Albino,Truth or Desire?,Director
Mauro Carvalho,Truth or Desire?,Director
Eduardo Albino,Truth or Desire?,Writer
Mauro Carvalho,Truth or Desire?,Writer
Eduardo Albino,Truth or Desire?,Producer
Mauro Carvalho,Truth or Desire?,Producer
Roberto Menezes,100 Controle,Director
Pupá,memória trêsporquatro,Elenco
Osani,memória trêsporquatro,Director
Osani,memória trêsporquatro,Writer
Beto Aragão,Todas As Memórias Que Você Fez Para Mim,Elenco
Gilberto Nascimento,Todas As Memórias Que Você Fez Para Mim,Elenco
Pedro Fillipe,Todas As Memórias Que Você Fez Para Mim,Director
Clara Paixão,"Brazyl, uma Ópera Tragicrônica",Elenco
Clóvys Tôrres,"Brazyl, uma Ópera Tragicrônica",Elenco
Lucas Valadares,"Brazyl, uma Ópera Tragicrônica",Elenco
Rosana Judkowitch,"Brazyl, uma Ópera Tragicrônica",Elenco
Vanessa Carvalho,"Brazyl, uma Ópera Tragicrônica",Elenco
Wagner Vaz,"Brazyl, uma Ópera Tragicrônica",Elenco
José Walter Lima,"Brazyl, uma Ópera Tragicrônica",Director
José Walter Lima,"Brazyl, uma Ópera Tragicrônica",Writer
Júlio Góes,"Brazyl, uma Ópera Tragicrônica",Writer
Denise Fraga,Dreaming of Lions,Elenco
João Nunes Monteiro,Dreaming of Lions,Elenco
Joana Ribeiro,Dreaming of Lions,Elenco
Sandra Faleiro,Dreaming of Lions,Elenco
Alexander Tuji Nam,Dreaming of Lions,Elenco
Victoria Guerra,Dreaming of Lions,Elenco
António Durães,Dreaming of Lions,Elenco
Roberto Bomtempo,Dreaming of Lions,Elenco
Dinarte de Freitas,Dreaming of Lions,Elenco
Rita Revez,Dreaming of Lions,Elenco
Paolo Marinou-Blanco,Dreaming of Lions,Director
Justin Amorim,Dreaming of Lions,Producer
Paolo Marinou-Blanco,Dreaming of Lions,Writer
Paolo Marinou-Blanco,Dreaming of Lions,Producer
Douglas Machado,A carta de Esperança Garcia,Director
Douglas Machado,A carta de Esperança Garcia,Writer
Clara Dias,No dia em que viramos quatro,Elenco
Gilda Santos Dias,No dia em que viramos quatro,Elenco
Gilsea Aparecida Dias,No dia em que viramos quatro,Elenco
Gilsilene de Fátima Dias Ribeiro,No dia em que viramos quatro,Elenco
Clara Dias,No dia em que viramos quatro,Director
Thiago Ramos,No dia em que viramos quatro,Producer
Paulo Lessa,Sala Escura,Elenco
Allan Souza Lima,Sala Escura,Elenco
Tainá Medina,Sala Escura,Elenco
Raissa Chaddad,Sala Escura,Elenco
Osvaldo Mil,Sala Escura,Elenco
Luiza Valdetaro,Sala Escura,Elenco
Danilo de Moura,Sala Escura,Elenco
Sofia Malta,Sala Escura,Elenco
João Vitor Silva,Sala Escura,Elenco
Priscila Buiar,Sala Escura,Elenco
Caio Fontes,Sala Escura,Elenco
Paulo Fontenelle,Sala Escura,Director
Mike Shinoda,Linkin Park: From Zero World Tour (Live in São Paulo),Elenco
Emily Armstrong,Linkin Park: From Zero World Tour (Live in São Paulo),Elenco
Dave Farrell,Linkin Park: From Zero World Tour (Live in São Paulo),Elenco
Joe Hahn,Linkin Park: From Zero World Tour (Live in São Paulo),Elenco
Colin Brittain,Linkin Park: From Zero World Tour (Live in São Paulo),Elenco
Alex Feder,Linkin Park: From Zero World Tour (Live in São Paulo),Elenco
Meire A'Costa Monte,Turminha Paraíso: Especial de Natal,Elenco
Vinícius Lopes,Turminha Paraíso: Especial de Natal,Director
Yas Souza,Martha e Haroldo: Ensaio Sobre Viver,Elenco
Matheus A,Martha e Haroldo: Ensaio Sobre Viver,Elenco
Henrique Sommer,Martha e Haroldo: Ensaio Sobre Viver,Elenco
Yas Souza,Martha e Haroldo: Ensaio Sobre Viver,Director
Yas Souza,Martha e Haroldo: Ensaio Sobre Viver,Writer
Henrique Sommer,Martha e Haroldo: Ensaio Sobre Viver,Writer
Yas Souza,Martha e Haroldo: Ensaio Sobre Viver,Producer
Carolina Sá,The Water Eyed Boy,Director
Lírio Ferreira,The Water Eyed Boy,Director
Claudia Neubern,Missing Rio Doce,Director
Ana Rieper,Paradise,Director
Raphael Viana,I don’t know if i'll have to say everything again,Elenco
Ângela Rebello,I don’t know if i'll have to say everything again,Elenco
Matheus Dias,I don’t know if i'll have to say everything again,Elenco
Mariana Cabral,I don’t know if i'll have to say everything again,Elenco
André Mello,I don’t know if i'll have to say everything again,Elenco
Daniel Ruhm,I don’t know if i'll have to say everything again,Elenco
Thassilo Weber,I don’t know if i'll have to say everything again,Director
Vitória Fallavena,I don’t know if i'll have to say everything again,Director
Thales Egidio,Ecos Do Destino,Elenco
Carolina Albuquerque,Ecos Do Destino,Elenco
Edson Santibanes,Ecos Do Destino,Elenco
Nadine Gerloff,Ecos Do Destino,Elenco
Alice Garcia,Ecos Do Destino,Elenco
Anderson Moura,Ecos Do Destino,Elenco
Roberta Patricio,Ecos Do Destino,Elenco
Mariana Rodrigues,Ecos Do Destino,Director
Aguida Aguiar,Esta Noite Minha Alma Partirá,Elenco
Andarilho Cha,Esta Noite Minha Alma Partirá,Elenco
Júlio César Perrud,Esta Noite Minha Alma Partirá,Elenco
Nicole Cordery,Esta Noite Minha Alma Partirá,Elenco
Jeff Celophane,Esta Noite Minha Alma Partirá,Elenco
Taty Godoi,Esta Noite Minha Alma Partirá,Elenco
Igor Vasco,Esta Noite Minha Alma Partirá,Writer
Crystian Barbado,Esta Noite Minha Alma Partirá,Writer
Igor Vasco,Esta Noite Minha Alma Partirá,Director
Rafda Batista,churrasco,Elenco
Warley Lopes,churrasco,Elenco
Iago Emanuel,churrasco,Elenco
Kevin Sopa,churrasco,Elenco
Wesley Silva,churrasco,Elenco
Icaro Conti,churrasco,Elenco
Isabelle Louise,churrasco,Elenco
Rafda Batista,churrasco,Director
Isabelle Louise,churrasco,Producer
Rafda Batista,churrasco,Writer
Aura do Nascimento,Apoptose,Elenco
Aura do Nascimento,Apoptose,Director
Aura do Nascimento,Apoptose,Writer
Aura do Nascimento,Apoptose,Producer
Tiago Lima,Apoptose,Director
Tiago Lima,Apoptose,Writer
Vikki Brusco,Merda!,Elenco
Ricardo Mancini,Merda!,Elenco
Lucas Damasceno,Merda!,Elenco
Luiz Henrique,Merda!,Director
Marcos Oliveira,Lobos e Cordeiros,Elenco
Jorge Júlio,Lobos e Cordeiros,Elenco
Bella Oliveira,Lobos e Cordeiros,Elenco
Wander Moliani,Lobos e Cordeiros,Elenco
Bonny Ribeiro,Lobos e Cordeiros,Elenco
Daniel Skrip,Lobos e Cordeiros,Elenco
Michele Galatti,Lobos e Cordeiros,Elenco
Rosa Guimarães,Lobos e Cordeiros,Elenco
Tarcísio Reis,Lobos e Cordeiros,Elenco
Gabriela Bernardes,Lobos e Cordeiros,Elenco
Ricardo Salem,Lobos e Cordeiros,Elenco
Cibele Tomaz,Lobos e Cordeiros,Elenco
Jorge Peronelli,Lobos e Cordeiros,Elenco
Daniel Skrip,Lobos e Cordeiros,Director
Bella Oliveira,Lobos e Cordeiros,Producer
Denilza Aparecida,Lobos e Cordeiros,Producer
Lucilene Dias,Lobos e Cordeiros,Producer
Tito Rafael,Lobos e Cordeiros,Writer
Larissa Arantes,Lobos e Cordeiros,Producer
Isabella Lulio,Memento Mori,Elenco
Fabio Servullo,Memento Mori,Director
Fabio Servullo,Memento Mori,Writer
Fabio Servullo,Memento Mori,Producer
Ander Beça,The Shapeshifters,Director
Pedro Goifman,Would Cross the Whole City in a Bicycle Just to See You Dance,Elenco
Ian Paz Ama,Would Cross the Whole City in a Bicycle Just to See You Dance,Elenco
Mauricio Abbade,Would Cross the Whole City in a Bicycle Just to See You Dance,Elenco
Isabella Gil,Would Cross the Whole City in a Bicycle Just to See You Dance,Elenco
Alice Chiappetta,Would Cross the Whole City in a Bicycle Just to See You Dance,Producer
Mauricio Abbade,Would Cross the Whole City in a Bicycle Just to See You Dance,Director
Caio Macedo,Streets of Glória,Elenco
Alejandro Claveaux,Streets of Glória,Elenco
Diva Menner,Streets of Glória,Elenco
Jade Sassará,Streets of Glória,Elenco
Alan Ribeiro,Streets of Glória,Elenco
Sandro Aliprandini,Streets of Glória,Elenco
Lucas Drummond,Streets of Glória,Elenco
Vinicius Teixeira,Streets of Glória,Elenco
Caio Scot,Streets of Glória,Elenco
Edmilson Barros,Streets of Glória,Elenco
Daniel Rangel,Streets of Glória,Elenco
Ernesto Piccolo,Streets of Glória,Elenco
Leonardo Netto,Streets of Glória,Elenco
Rafael d'Avila,Streets of Glória,Elenco
Robson Torinni,Streets of Glória,Elenco
Felipe Sholl,Streets of Glória,Director
Felipe Sholl,Streets of Glória,Writer
Marcos Oliveira,Espectro,Elenco
Lis Luciddi,Espectro,Elenco
Ciro Sales,Espectro,Elenco
Rosa Guimarães,Espectro,Elenco
Danilo Morales,Espectro,Director
Robson Strobel,Espectro,Producer
Danilo Morales,Espectro,Writer
Daniel Skrip,Espectro,Producer
Lidiane Manicardi,Espectro,Producer
Divina Valéria,Cavalo Marinho,Elenco
Tuca Andrada,Cavalo Marinho,Elenco
Soia Lira,Cavalo Marinho,Elenco
Leo Tabosa,Cavalo Marinho,Director
Leo Tabosa,Cavalo Marinho,Writer
Bárbara Cariry,Cavalo Marinho,Producer
Jorge Sardo Júnior,Cavalo Marinho,Producer
Rodolfo Luiz Vieira,Sea,Elenco
Rodolfo Luiz Vieira,Sea,Director
Rodolfo Luiz Vieira,Sea,Writer
Rodolfo Luiz Vieira,Sea,Producer
Maria Lígia Facci Paranhos,The Mom,Elenco
Guilherme Alves Lagares,The Mom,Elenco
Karine Santana Raymundo,The Mom,Elenco
Julia de Jesus Vieira,The Mom,Elenco
Isabelle Barrozo Alcaraz,The Mom,Elenco
Yasmim Bomfim Dias,The Mom,Elenco
Ana Clara da Silva,The Mom,Elenco
Lanna Peixoto Lima,The Mom,Elenco
Mariana Bazante Barcelos,The Mom,Elenco
Maryana de Castro Silva,The Mom,Elenco
Lanna Peixoto Lima,The Mom,Director
Ana Clara da Silva,The Mom,Director
Lanna Peixoto Lima,The Mom,Writer
Ana Clara da Silva,The Mom,Writer
Vinicius Teixeira,The Best Friend,Elenco
Gabriel Fuentes,The Best Friend,Elenco
Leo Bahia,The Best Friend,Elenco
Claudia Ohana,The Best Friend,Elenco
Gretchen,The Best Friend,Elenco
Denis Lacerda,The Best Friend,Elenco
Souma,The Best Friend,Elenco
Muriel Cruz,The Best Friend,Elenco
Rodrigo Ferrera,The Best Friend,Elenco
Solange Teixeira,The Best Friend,Elenco
Diego Montez,The Best Friend,Elenco
Mateus Carrieri,The Best Friend,Elenco
Walmick de Holanda,The Best Friend,Elenco
Patricia Dawson,The Best Friend,Elenco
Adna Oliveira,The Best Friend,Elenco
David Santos,The Best Friend,Elenco
Allan Deberton,The Best Friend,Director
Allan Deberton,The Best Friend,Producer
Marcelo Pinheiro,The Best Friend,Producer
Jonas Fortuni,Há Monstros Aqui,Elenco
Erison Noronha,Há Monstros Aqui,Elenco
Otávio de Oliveira,Há Monstros Aqui,Elenco
Lvke Mendez,Há Monstros Aqui,Elenco
Mayne Fox,Há Monstros Aqui,Elenco
Fernando Fiuza,Há Monstros Aqui,Director
Otávio de Oliveira,Há Monstros Aqui,Producer
Fernando Fiuza,Há Monstros Aqui,Writer
Rafaella Cereja,McKnight,Elenco
Lucas Almeida,McKnight,Elenco
Matheus Gessinger,McKnight,Elenco
Miguel Ávila,McKnight,Elenco
Lorenzo Donada,McKnight,Elenco
Pedro Ribas,McKnight,Elenco
Pedro Ribas,McKnight,Writer
Pedro Ribas,McKnight,Director
Nêgo Bispo,Confluences,Elenco
Dácia Ibiapina,Confluences,Director
Dácia Ibiapina,Confluences,Writer
Dácia Ibiapina,Confluences,Producer
Cauã Pereira,VOCÊ É O PRÓXIMO,Elenco
Luana de Melo,VOCÊ É O PRÓXIMO,Elenco
Laís Victoria,VOCÊ É O PRÓXIMO,Elenco
Kauan França,VOCÊ É O PRÓXIMO,Elenco
Laís Victoria,VOCÊ É O PRÓXIMO,Elenco
Gabryelle Louise,VOCÊ É O PRÓXIMO,Writer
Kauan França,VOCÊ É O PRÓXIMO,Director
Thamires Lemos,VOCÊ É O PRÓXIMO,Director
Pedro Datini,Festa de Arromba,Elenco
Mlaura Barbosa,Festa de Arromba,Director
Mlaura Barbosa,Festa de Arromba,Writer
Kyra Gomes,Festa de Arromba,Producer
Mirelle Freitas,Ninguém Pode te Culpar,Elenco
Rayssa Torres,Ninguém Pode te Culpar,Elenco
Lucas Sá,Ninguém Pode te Culpar,Elenco
Joice Scavone,Ninguém Pode te Culpar,Elenco
Luiza Eloy,Ninguém Pode te Culpar,Elenco
Izaaaki,Ninguém Pode te Culpar,Elenco
Valmir Facundo Neto,Ninguém Pode te Culpar,Director
Valmir Facundo Neto,Ninguém Pode te Culpar,Writer
Tuka Porto,Skate: A arte da resistência,Elenco
Estefânia Lima,Skate: A arte da resistência,Elenco
Diego Machado,Skate: A arte da resistência,Elenco
Juan Filipe Farias,Skate: A arte da resistência,Elenco
Amábily Lopes,Skate: A arte da resistência,Director
Bell Zuppo,De Volta à Morte,Elenco
Soli,De Volta à Morte,Director
Isabella Sobral,De Volta à Morte,Director
Marina Rozzato,De Volta à Morte,Director
Soli,De Volta à Morte,Producer
Petter Baiestorf,Recuso-me à Sobriedade,Director
Petter Baiestorf,Recuso-me à Sobriedade,Writer
Petter Baiestorf,Recuso-me à Sobriedade,Producer
LP Arruda,Fogo de Conselho,Director
Victor Barauna,Até Eu Te Encontrar,Elenco
Larissa Cruz,Até Eu Te Encontrar,Elenco
Bruno Macedo,Até Eu Te Encontrar,Elenco
Sergio Lessa,Até Eu Te Encontrar,Elenco
Levi Kenji,Até Eu Te Encontrar,Elenco
Henrique costa,Até Eu Te Encontrar,Elenco
Henry Barboza,Até Eu Te Encontrar,Elenco
João Vitor Barrella,Até Eu Te Encontrar,Director
João Buosi,Até Eu Te Encontrar,Director
João Vitor Barrella,Até Eu Te Encontrar,Producer
Bruno Vioto,Até Eu Te Encontrar,Writer
Daniel Paludetto,A Armadilha,Elenco
Leonardo Mayer,A Armadilha,Elenco
Sérgio Bonilha Jr.,A Armadilha,Elenco
Vitor Moura Zanchetta,A Armadilha,Elenco
Joseney Rigon,A Armadilha,Elenco
Briccoli,A Armadilha,Elenco
João Luiz Schincariol Quagliato,A Armadilha,Director
João Luiz Schincariol Quagliato,A Armadilha,Writer
Hélio Zolini,Bar Relicário,Elenco
Adyr Assumpção,Bar Relicário,Elenco
Fabio Carvalho,Bar Relicário,Director
Sabrina Passos,Fortaleza de Vampiros,Elenco
Davi Chaves,Fortaleza de Vampiros,Elenco
Lucas Abreu,Fortaleza de Vampiros,Elenco
Leandro Frota,Fortaleza de Vampiros,Elenco
Pedro Lucas Rebouças,Fortaleza de Vampiros,Elenco
Sabrina Passos,Fortaleza de Vampiros,Director
Sabrina Passos,Fortaleza de Vampiros,Writer
Guilherme Azim,Fortaleza de Vampiros,Producer
Horácio Almeida,Ponto-Cruz,Elenco
Kézia Cailane,Ponto-Cruz,Elenco
Felício da Silva,Ponto-Cruz,Elenco
Douglas da Silva Nobre,Ponto-Cruz,Writer
Douglas da Silva Nobre,Ponto-Cruz,Director
Iara Forte,Ponto-Cruz,Producer
Sophia Souza,Zoya,Elenco
Tatiane Breve,Zoya,Elenco
Maria Helena,Zoya,Elenco
Larissa Dardania,Zoya,Director
Larissa Dardania,Zoya,Producer
Romulo Aires,O Moletom,Director
Evan Teixeira,Quebramar,Elenco
Edglê Lima,Quebramar,Elenco
Di Ferreira,Quebramar,Elenco
Beto Menêis,Quebramar,Elenco
Iago Xavier,Quebramar,Elenco
Bárbara Pontes,Quebramar,Elenco
Carol Honor,Quebramar,Director
Lucas Ranyere,Quebramar,Director
Lucas Ranyere,Quebramar,Writer
Bárbara Pontes,Quebramar,Producer
Bruno Henrique,A Glória Por Eles,Elenco
Diego Ribas,A Glória Por Eles,Elenco
Pablo Mari,A Glória Por Eles,Elenco
Diego Alves,A Glória Por Eles,Elenco
Rafinha,A Glória Por Eles,Elenco
Rodrigo Caio,A Glória Por Eles,Elenco
Fer Goal,Olhar Amarelo,Elenco
Isadora Dourado,Olhar Amarelo,Elenco
Gabriel Kunst,Olhar Amarelo,Elenco
Allana Cristini Bolsoni,Olhar Amarelo,Elenco
Julia Goal,Olhar Amarelo,Director
Lucas Alvarez,Olhar Amarelo,Producer
Julia Goal,Olhar Amarelo,Writer
Alana Pongan dos Santos,Apartamento Vazio,Elenco
Bruno Medeiros,Apartamento Vazio,Director
Marta Aurélia,Do Lado de Dentro,Elenco
Júlio Maciel,Do Lado de Dentro,Elenco
Isabel Azevedo,Do Lado de Dentro,Elenco
Well Rein,Do Lado de Dentro,Elenco
Eurico Mayer,Do Lado de Dentro,Elenco
Ellana Paoula,Do Lado de Dentro,Elenco
Marina Hilbert,Do Lado de Dentro,Director
Marina Hilbert,Do Lado de Dentro,Writer
João Paulo Magalhães,Do Lado de Dentro,Producer
Anna Raboud,Ministra do Lixo,Elenco
Harcan Costa,Ministra do Lixo,Director
Caio Cavechini,Kubrusly: Mistério Sempre Há de Pintar por Aí,Director
Evelyn Kuriki,Kubrusly: Mistério Sempre Há de Pintar por Aí,Director
Henrique Ribeiro,2/1,Elenco
Max Wienand,2/1,Elenco
Ivan Sposito,2/1,Elenco
Mateus Lacerda,2/1,Director
Mateus Lacerda,2/1,Producer
Anésia Ponte,Anésias,Elenco
Nicole Nasser,Anésias,Director
Duda Ramos,CAPTURA,Elenco
Rafaela Guerreiro,CAPTURA,Director
Lia Letícia,Mar de Dentro,Elenco
Lia Letícia,Mar de Dentro,Director
Lia Letícia,Mar de Dentro,Writer
Daniela Azevedo,Mar de Dentro,Producer
Felipe Varano,Death,Elenco
Andrei Tarkovsky,Death,Elenco
Jean-Luc Godard,Death,Elenco
Felipe Varano,Death,Director
Felipe Varano,Death,Writer
Ana Gabriela Pelzel,"Cão Que Ladra, Não Morde",Elenco
Lucas Bartolomei,"Cão Que Ladra, Não Morde",Elenco
Theodoro Madio,"Cão Que Ladra, Não Morde",Elenco
Tomás Vaz,"Cão Que Ladra, Não Morde",Director
Tomás Vaz,"Cão Que Ladra, Não Morde",Writer
Tomás Vaz,"Cão Que Ladra, Não Morde",Producer
Arthur Macdonald,"Cão Que Ladra, Não Morde",Producer
Arthur Macdonald,"Cão Que Ladra, Não Morde",Director
Igor Roger,Claustrophobia,Elenco
Camili Portela,Claustrophobia,Elenco
Emerson Ítalo,Claustrophobia,Elenco
Lorran Salomão,Claustrophobia,Director
Valentín Salavarrey,The Cottage,Elenco
Milo Zeus Lis,The Cottage,Elenco
Emma Cetrángolo,The Cottage,Elenco
Cecilia Rainero,The Cottage,Elenco
Sebastián Arzeno,The Cottage,Elenco
Juliana Muras,The Cottage,Elenco
Darío Levy,The Cottage,Elenco
Alejandro Gigena,The Cottage,Elenco
Silvina Schnicer,The Cottage,Director
Silvina Schnicer,The Cottage,Writer
Mercedes Córdova,The Cottage,Producer
Valeria Forster,The Cottage,Producer
Daniel Werner,The Cottage,Producer
André Hallak,The Cottage,Producer
Juan Ignacio Sabatini,The Cottage,Producer
Juan Pablo Sallato,The Cottage,Producer
Andrea Queralt,The Cottage,Producer
Naiara Francini,Mulher Não Tem Graça,Director
Naiara Francini,Mulher Não Tem Graça,Writer
Natalie Machado,Mulher Não Tem Graça,Producer
Rafda Batista,trilhos.mov,Elenco
Isabelle Louise,trilhos.mov,Elenco
Iago Emanuel,trilhos.mov,Elenco
Warley Lopes,trilhos.mov,Elenco
Kevin Sopa,trilhos.mov,Elenco
Rafda Batista,trilhos.mov,Director
Isabelle Louise,trilhos.mov,Producer
Warley Lopes,trilhos.mov,Producer
Rafda Batista,trilhos.mov,Writer
Isabelle Louise,trilhos.mov,Writer
Iago Emanuel,trilhos.mov,Writer
Warley Lopes,trilhos.mov,Writer
Thiago Villa,The Evil Dad: O Papai do Mal,Elenco
Cosmos Tobias de Aguiar,The Evil Dad: O Papai do Mal,Elenco
Nicolas Rodrigues Bárbara,The Evil Dad: O Papai do Mal,Elenco
Cristiane Guerreiro,The Evil Dad: O Papai do Mal,Elenco
Cosmos Tobias de Aguiar,The Evil Dad: O Papai do Mal,Producer
Leonardo Calado,The Evil Dad: O Papai do Mal,Producer
Leonardo Calado,The Evil Dad: O Papai do Mal,Director
Leonardo Calado,The Evil Dad: O Papai do Mal,Writer
Júlio Bressane,O Pó da Terra,Elenco
Grande Otelo,O Pó da Terra,Elenco
Jacques Bonnaffé,O Pó da Terra,Elenco
Nadine Nortier,O Pó da Terra,Elenco
Rodolfo Luiz Vieira,O Pó da Terra,Director
Rodolfo Luiz Vieira,O Pó da Terra,Producer
Rodolfo Luiz Vieira,O Pó da Terra,Writer
Luke G. Brandl,"Happiness, 2024",Elenco
João Gregs,"Happiness, 2024",Elenco
Rafaa Garbuio,"Happiness, 2024",Elenco
Joseph Vitor,"Happiness, 2024",Director
Felipe Machado,Doux temps,Elenco
Heinz Limaverde,Doux temps,Elenco
Valéria Barcellos,Doux temps,Elenco
Camila Falcão,Doux temps,Elenco
Caio Amon,Doux temps,Director
Eloi de Grandmont,Doux temps,Writer
Luana de Freitas,Lua Nova: Um Portal para Duas Luas,Elenco
Jucy,Lua Nova: Um Portal para Duas Luas,Elenco
Luiz Soldado Ribeiro,Lua Nova: Um Portal para Duas Luas,Elenco
Alexander Lilith,Lua Nova: Um Portal para Duas Luas,Elenco
Nilma do Nilo,Lua Nova: Um Portal para Duas Luas,Elenco
Maria Luiza,Lua Nova: Um Portal para Duas Luas,Elenco
Helder,Lua Nova: Um Portal para Duas Luas,Elenco
Alex da Batatinha,Lua Nova: Um Portal para Duas Luas,Elenco
Dona Fransquinha,Lua Nova: Um Portal para Duas Luas,Elenco
Miguel,Lua Nova: Um Portal para Duas Luas,Elenco
Mazé,Lua Nova: Um Portal para Duas Luas,Elenco
Sansão,Lua Nova: Um Portal para Duas Luas,Elenco
Maria José Florência de Moura Pereira,Lua Nova: Um Portal para Duas Luas,Elenco
Luana de Freitas,Lua Nova: Um Portal para Duas Luas,Director
F. Silva,Lua Nova: Um Portal para Duas Luas,Writer
Sara Ashley,Lua Nova: Um Portal para Duas Luas,Producer
F. Silva,Lua Nova: Um Portal para Duas Luas,Producer
Luana de Freitas,Lua Nova: Um Portal para Duas Luas,Producer
Gabriel Santos Stach,Idiosyncrasy: How to entertain an Idiot,Elenco
Bruno Andrade Lobo,Idiosyncrasy: How to entertain an Idiot,Elenco
Brunna Martini Ferreira Tartaroni,Idiosyncrasy: How to entertain an Idiot,Elenco
Ana Lívia Santos,Idiosyncrasy: How to entertain an Idiot,Elenco
Polyana Mendes Morais,Idiosyncrasy: How to entertain an Idiot,Elenco
Dimitri Passos Rocha,Idiosyncrasy: How to entertain an Idiot,Elenco
Leonardo Araújo Pereira de Oliveira,Idiosyncrasy: How to entertain an Idiot,Elenco
Gabriel Santos Stach,Idiosyncrasy: How to entertain an Idiot,Director
Gabriel Santos Stach,Idiosyncrasy: How to entertain an Idiot,Writer
Brunna Martini Ferreira Tartaroni,Idiosyncrasy: How to entertain an Idiot,Producer
Gabriel Santos Stach,Idiosyncrasy: How to entertain an Idiot,Producer
Olindo Estevam,Terras Prometidas – a Herança da Baronesa e do Barão de Hirsch,Director
Sergio Mello,Terras Prometidas – a Herança da Baronesa e do Barão de Hirsch,Writer
Fernando Roesner,:),Elenco
Lara Leal,:),Elenco
Breno Coleman,:),Elenco
Thello Viero,:),Elenco
Gabrielle Gulmine,:),Elenco
Renata Seleme,:),Elenco
Lucas Brasil,:),Elenco
Malu Parise,:),Elenco
Malu Parise,:),Director
Lucas Brasil,:),Director
Isabella De Filippo,:),Producer
Malu Parise,:),Writer
Isabella De Filippo,:),Writer
Lucas Brasil,:),Writer
Jp Xavier,What The Sea Left Behind,Elenco
Pedro Garcia,What The Sea Left Behind,Elenco
Enrico Nunes,What The Sea Left Behind,Elenco
Thello Viero,What The Sea Left Behind,Elenco
Ricco Romano,What The Sea Left Behind,Elenco
Gabriel Castro,What The Sea Left Behind,Elenco
Rafaela Pedroso,What The Sea Left Behind,Elenco
Michele Bittencourt,What The Sea Left Behind,Elenco
Luca Ferrarezi,What The Sea Left Behind,Producer
Gabriel Loch,What The Sea Left Behind,Producer
Gui Almeida,What The Sea Left Behind,Director
Gui Almeida,What The Sea Left Behind,Producer
Clara Leal,Fim de Jogo,Director
Rodolfo Luiz Vieira,All That's Good In Earth,Elenco
Barbosa,All That's Good In Earth,Elenco
João Pedro Rocha,All That's Good In Earth,Elenco
Alan Garcia,All That's Good In Earth,Elenco
Rodolfo Luiz Vieira,All That's Good In Earth,Director
Rodolfo Luiz Vieira,All That's Good In Earth,Writer
Rodolfo Luiz Vieira,All That's Good In Earth,Producer
Flor,TEM ALGUÉM AÍ?,Elenco
Matheus,TEM ALGUÉM AÍ?,Elenco
Lucas,TEM ALGUÉM AÍ?,Elenco
Carol,TEM ALGUÉM AÍ?,Elenco
Lorena,TEM ALGUÉM AÍ?,Elenco
Melque Lindoso,TEM ALGUÉM AÍ?,Director
Carol,TEM ALGUÉM AÍ?,Producer
Luan Ribeiro de Barros,Pierre está em casa,Elenco
Leonardo Henrique Alves Pereira,Pierre está em casa,Elenco
Luan Ribeiro de Barros,Pierre está em casa,Elenco
Leonardo Henrique Alves Pereira,Pierre está em casa,Elenco
Bruno Cunha,Pierre está em casa,Director
Bruno Cunha,Pierre está em casa,Writer
Dora Martins,Feijão Arroz,Elenco
Julia Odara,Feijão Arroz,Director
Julia Odara,Feijão Arroz,Producer
Mestre Nego,Tradição e Herança Ancestral - A história dos Mestres de Folias de Reis de Nova Iguaçu,Elenco
Dona Rosângela,Tradição e Herança Ancestral - A história dos Mestres de Folias de Reis de Nova Iguaçu,Elenco
Seu Aldir,Tradição e Herança Ancestral - A história dos Mestres de Folias de Reis de Nova Iguaçu,Elenco
Seu Valdir,Tradição e Herança Ancestral - A história dos Mestres de Folias de Reis de Nova Iguaçu,Elenco
João Vitor Pires,Tradição e Herança Ancestral - A história dos Mestres de Folias de Reis de Nova Iguaçu,Director
João Vitor Pires,Tradição e Herança Ancestral - A história dos Mestres de Folias de Reis de Nova Iguaçu,Writer
João Vitor Pires,Tradição e Herança Ancestral - A história dos Mestres de Folias de Reis de Nova Iguaçu,Producer
Wander Moliani,Jezabel,Elenco
Valentina Reis,Jezabel,Elenco
Stephanie Gomez,Jezabel,Elenco
Tarcísio Reis,Jezabel,Elenco
Lidiane Manicardi,Jezabel,Elenco
Juliana Seabra,Jezabel,Elenco
Rosa Guimarães,Jezabel,Elenco
Larissa Harmônica,Jezabel,Elenco
Tahira Marranch,Jezabel,Elenco
Indy Sales,Jezabel,Elenco
BR Gabs,Jezabel,Elenco
Dryka Reis,Jezabel,Elenco
Priscilla Vierros,Jezabel,Elenco
Bruna Gonçalves,Jezabel,Elenco
Anabê Jardini,Jezabel,Elenco
Alexia Annes,Jezabel,Elenco
Daniella Peneluppi,Jezabel,Elenco
Danilo Morales,Jezabel,Director
Danilo Morales,Jezabel,Producer
Danilo Morales,Jezabel,Writer
Robson Strobel,Jezabel,Producer
Bella Oliveira,Jezabel,Producer
Larissa Arantes,Jezabel,Producer
Sofia Canarim,Sapientia,Elenco
Ray Garotti,Sapientia,Elenco
Felipe Kier,Sapientia,Elenco
Alexandra Coral,Sapientia,Director
Alexandra Coral,Sapientia,Writer
Alexandra Coral,Sapientia,Producer
Adrielly Salles,Sapientia,Writer
Paulo Verlings,Monólogos Sociais,Elenco
Eduardo Pelizzari,Monólogos Sociais,Elenco
José Trassi,Monólogos Sociais,Elenco
Andrey Lopes,Monólogos Sociais,Elenco
Paulo Leal,Monólogos Sociais,Director
Cauã de Souza,Uma Manhã Normal,Elenco
Maria Laura Ferreira,Uma Manhã Normal,Elenco
Ravi Coelho,Uma Manhã Normal,Elenco
Rafael de Lima,Uma Manhã Normal,Elenco
Rafael de Lima,Uma Manhã Normal,Director
Ana Bonela,Uma Manhã Normal,Producer
Rafael de Lima,Uma Manhã Normal,Writer
Ana Bonela,Uma Manhã Normal,Writer
Camila Herzog,Uma Manhã Normal,Writer
Julio César Bittencourt,Uma Manhã Normal,Writer
Luis Libano,Uma Manhã Normal,Writer
Daniel Santana Oliveira,Dystopia 2,Elenco
Filipe Paredes Dias,Dystopia 2,Elenco
Pedro Cocentino de Sousa Paulino,Dystopia 2,Elenco
Lucas Sousa de Almeida,Dystopia 2,Elenco
Antoine-Marie Manuel Pascal de Rotallier,Dystopia 2,Elenco
Pedro Cocentino de Sousa Paulino,Dystopia 2,Director
Lucas Miguel de Lucena,Dystopia 2,Director
Pedro Cocentino de Sousa Paulino,Dystopia 2,Writer
Lucas Miguel de Lucena,Dystopia 2,Writer
Achiles Dantas,abdução na favela,Elenco
Achiles Dantas,abdução na favela,Director
Achiles Dantas,abdução na favela,Writer
Arthur Silva Oliveira,Distopia,Elenco
Arthur Dias Segregio,Distopia,Elenco
Eduardo Pereira,Distopia,Elenco
Rafael Goliate,Distopia,Elenco
João Paulo  Nobrega,Distopia,Elenco
Júlia,Distopia,Elenco
Manuela,Distopia,Elenco
Ana Luiza,Distopia,Elenco
Rhayanne,Distopia,Elenco
Gilberto,Distopia,Elenco
Arthur Silva Oliveira,Distopia,Director
Arthur Silva Oliveira,Distopia,Writer
Bianca Farias,LEVANTE,Elenco
Clara Assunção,LEVANTE,Elenco
Cecília Costa,LEVANTE,Elenco
Melissa Menezes,LEVANTE,Elenco
Cássia Lorena,LEVANTE,Director
Diego Borges,LEVANTE,Writer
Gabriel Pamponet,LEVANTE,Writer
Cláudio Kosminsky,LEVANTE,Producer
Al Nascimento,Pra não dizer que não falei de ódio,Elenco
Cybele Carvalho,Pra não dizer que não falei de ódio,Elenco
Vitória Martins,Pra não dizer que não falei de ódio,Elenco
Elaine A. Aneli,Pra não dizer que não falei de ódio,Elenco
Gaybi Moreno,Pra não dizer que não falei de ódio,Elenco
Jooh Oliveira,Pra não dizer que não falei de ódio,Elenco
Caio Feroli,Pra não dizer que não falei de ódio,Elenco
Skyler,Pra não dizer que não falei de ódio,Director
Vênus Aneli,Pra não dizer que não falei de ódio,Writer
Sofia Oliveira,Pra não dizer que não falei de ódio,Producer
Gabriel Leone,Making Senna,Elenco
Kaya Scodelario,Making Senna,Elenco
Alice Wegmann,Making Senna,Elenco
Camila Márdila,Making Senna,Elenco
Gustavo Bragança,Making Senna,Elenco
Marco Ricca,Making Senna,Elenco
Vicente Amorim,Making Senna,Elenco
Julia Rezende,Making Senna,Elenco
Julia Foti,Making Senna,Elenco
Cristina Kangussu,Making Senna,Elenco
Pâmela Tomé,Making Senna,Elenco
Lucca Messer,Making Senna,Elenco
Azul Serra,Making Senna,Elenco
Gabriel Lacerda,Making Senna,Elenco
Matt Mella,Making Senna,Elenco
Iza Campos,Making Senna,Director
Júlia Blaz,Do You Wanna Touch?,Elenco
Cauã Martins,Do You Wanna Touch?,Elenco
Larissa Diaz,Do You Wanna Touch?,Elenco
Gustavo Spinosa,Do You Wanna Touch?,Elenco
Beatriz Galoro,Do You Wanna Touch?,Elenco
Caick Wind,Do You Wanna Touch?,Elenco
Lucca Perez,Do You Wanna Touch?,Elenco
Bruno Alcântara,Do You Wanna Touch?,Elenco
Walter Moraes,Do You Wanna Touch?,Elenco
Giulia Garcia,Do You Wanna Touch?,Elenco
David Costa,Do You Wanna Touch?,Elenco
Iza Duarte,Do You Wanna Touch?,Elenco
Vicky Travassos,Do You Wanna Touch?,Elenco
Júlia Blaz,Do You Wanna Touch?,Director
Fernanda Astolpho,Do You Wanna Touch?,Director
Júlia Blaz,Do You Wanna Touch?,Writer
Rafael G. Bonesi,Do You Wanna Touch?,Producer
Manuela Pereira,Do You Wanna Touch?,Producer
Giulia Garcia,Do You Wanna Touch?,Producer
Bruno Medeiros,Preparações para uma via sacra,Director
Clara Baldacim,5 Planos,Elenco
Jackeline Macedo,5 Planos,Elenco
Julia Gonçalves,5 Planos,Elenco
Bira,5 Planos,Elenco
Bianca Madeira,5 Planos,Elenco
Pedro Accioly,5 Planos,Director
Anna Luiza Silva de Oliveira,5 Planos,Producer
Maria Julia d.B Lopes,5 Planos,Writer
César Gama,Everyone is But a Breath,Elenco
Gabriel Santana,Everyone is But a Breath,Elenco
Gessica Lima,Everyone is But a Breath,Director
Gabriel Santana,Everyone is But a Breath,Director
Gessica Lima,Everyone is But a Breath,Writer
Gabriel Santana,Everyone is But a Breath,Writer
Gabriel Santana,Everyone is But a Breath,Producer
Gessica Lima,Everyone is But a Breath,Producer
Livia Suleimann,Ritmo Fatal,Elenco
Laura Bautheney,Ritmo Fatal,Elenco
Marcos Guilherme,Ritmo Fatal,Elenco
Millena Fierz,Ritmo Fatal,Elenco
Millie,Ritmo Fatal,Elenco
Julia Villaboim,Ritmo Fatal,Director
Ana Luisa de Assis,Ritmo Fatal,Writer
Julia Villaboim,Ritmo Fatal,Writer
Ana Clara Melanda,Ritmo Fatal,Writer
Rafaela Avila,Ritmo Fatal,Writer
Rafa Gricolo,Um Monstro e Meia,Elenco
Maju Izar,Um Monstro e Meia,Elenco
Carol Chelly,Um Monstro e Meia,Elenco
Arthur Diniz,Um Monstro e Meia,Elenco
Isa Pimentel,Um Monstro e Meia,Elenco
Lia Lins,Um Monstro e Meia,Elenco
Pamela Vais,Um Monstro e Meia,Elenco
Kalu Izar,Um Monstro e Meia,Elenco
Pedro Henrique Schlenker,Um Monstro e Meia,Elenco
Regina Razzolini,Um Monstro e Meia,Elenco
Helena Vitória,Um Monstro e Meia,Elenco
Helena Becker,Um Monstro e Meia,Elenco
Ana Camile,Um Monstro e Meia,Elenco
Thello Viero,Um Monstro e Meia,Elenco
Miguel Brasilio,Um Monstro e Meia,Elenco
Anuar Zaleski Nasser,Um Monstro e Meia,Elenco
Danillo Petriolli,Um Monstro e Meia,Elenco
Mariana Leal,Um Monstro e Meia,Director
Rama Rambo,Um Monstro e Meia,Director
Marcelo Hancke,Um Monstro e Meia,Producer
Mariana Leal,Um Monstro e Meia,Writer
Rama Rambo,Um Monstro e Meia,Writer
Mariana Leal,Um Monstro e Meia,Producer
Rama Rambo,Um Monstro e Meia,Producer
Daniel Euclides,Acídia,Elenco
Vitória Xavier,Acídia,Elenco
Daniel Euclides,Acídia,Director
Patrick Sousa,Rebordosa,Elenco
Rafael Semino,Rebordosa,Elenco
Babi,Rebordosa,Elenco
Scheylla Riedmiller,Rebordosa,Elenco
Darlan Sousa,Rebordosa,Director
Darlan Sousa,Rebordosa,Writer
Bruno Moura,Rebordosa,Producer
Vinicius Lins Eliezer,Sublime Ground,Elenco
Gabriel Borges Rolo,Sublime Ground,Director
Dudu Azevedo,Todo Mundo Ainda Tem Problemas Sexuais,Elenco
Letícia Lima,Todo Mundo Ainda Tem Problemas Sexuais,Elenco
Sophia Abrahão,Todo Mundo Ainda Tem Problemas Sexuais,Elenco
Maria Santo,Todo Mundo Ainda Tem Problemas Sexuais,Elenco
João Nascimento,Todo Mundo Ainda Tem Problemas Sexuais,Elenco
Cauê Campos,Todo Mundo Ainda Tem Problemas Sexuais,Elenco
Júlia Maggessi,Todo Mundo Ainda Tem Problemas Sexuais,Elenco
Beatriz Linhales,Todo Mundo Ainda Tem Problemas Sexuais,Elenco
Gabriel Portela,Todo Mundo Ainda Tem Problemas Sexuais,Elenco
Samuel Valladares,Todo Mundo Ainda Tem Problemas Sexuais,Elenco
Betânia Franco,Todo Mundo Ainda Tem Problemas Sexuais,Elenco
André Dale,Todo Mundo Ainda Tem Problemas Sexuais,Elenco
Hélio de la Peña,Todo Mundo Ainda Tem Problemas Sexuais,Elenco
Sandra Pêra,Todo Mundo Ainda Tem Problemas Sexuais,Elenco
Priscilla Rozenbaum,Todo Mundo Ainda Tem Problemas Sexuais,Elenco
Ricardo Kosovski,Todo Mundo Ainda Tem Problemas Sexuais,Elenco
Cláudia Mauro,Todo Mundo Ainda Tem Problemas Sexuais,Elenco
Totia Meireles,Todo Mundo Ainda Tem Problemas Sexuais,Elenco
Marcelo Pio,Todo Mundo Ainda Tem Problemas Sexuais,Elenco
Tamie Panet,Todo Mundo Ainda Tem Problemas Sexuais,Elenco
Alice Borges,Todo Mundo Ainda Tem Problemas Sexuais,Elenco
André Mattos,Todo Mundo Ainda Tem Problemas Sexuais,Elenco
Tatiana Trinxet,Todo Mundo Ainda Tem Problemas Sexuais,Elenco
Renata Paschoal,Todo Mundo Ainda Tem Problemas Sexuais,Director
Samuel Valladares,Todo Mundo Ainda Tem Problemas Sexuais,Writer
Vicente Valle,Todo Mundo Ainda Tem Problemas Sexuais,Writer
Maria Santos,Todo Mundo Ainda Tem Problemas Sexuais,Writer
Flávia Guimarães,Todo Mundo Ainda Tem Problemas Sexuais,Writer
Renata Paschoal,Todo Mundo Ainda Tem Problemas Sexuais,Producer
Rodrigo Lombardi,Jardim dos Girassóis,Elenco
Fernanda Vasconcellos,Jardim dos Girassóis,Elenco
Daniel Ribeiro,Jardim dos Girassóis,Elenco
Kiria Malheiros,Jardim dos Girassóis,Elenco
Marcos Pitombo,Jardim dos Girassóis,Elenco
Malu Valle,Jardim dos Girassóis,Elenco
Marcos Wainberg,Jardim dos Girassóis,Elenco
Suzana Pires,Jardim dos Girassóis,Elenco
Davi Malizia,Jardim dos Girassóis,Elenco
Rafa Tavares,Jardim dos Girassóis,Elenco
Marcelo Antunez,Jardim dos Girassóis,Director
Marco Altberg,Jardim dos Girassóis,Producer
Roberto Faustino,Jardim dos Girassóis,Producer
Bruno Wainer,Jardim dos Girassóis,Producer
Roberto Faustino,Jardim dos Girassóis,Writer
Vinícius Dalama,Ponto de Vista,Elenco
João Victor Fernandes,Ponto de Vista,Director
Vinícius Dalama,Ponto de Vista,Director
Vinícius Dalama,Ponto de Vista,Producer
Vinícius Dalama,Ponto de Vista,Writer
Georgette Fadel,Quem Ficou Fui Eu,Elenco
Teuda Bara,Quem Ficou Fui Eu,Elenco
Cleide Queiroz,Quem Ficou Fui Eu,Elenco
Lucca Caroli,Quem Ficou Fui Eu,Elenco
Luiza Pace,Quem Ficou Fui Eu,Director
Maria Garé,Quem Ficou Fui Eu,Director
Maria Garé,Quem Ficou Fui Eu,Producer
Maria Schulz,Gato Preto,Elenco
Luiza Wisbecki,Gato Preto,Elenco
Leonardo Portela,Gato Preto,Elenco
Jean Vitor Gonçalves,Gato Preto,Elenco
Duda Vamps,Gato Preto,Director
Duda Vamps,Gato Preto,Writer
Domingos José,TÔ NA PISTA!,Elenco
Diogo Lipoam,TÔ NA PISTA!,Elenco
Olívia Sobral,TÔ NA PISTA!,Elenco
Igor Gomes,TÔ NA PISTA!,Elenco
Igor Mendes,TÔ NA PISTA!,Elenco
Alexandre Beckedorff,TÔ NA PISTA!,Elenco
Emy Otsuki,TÔ NA PISTA!,Director
Francisco Macruz,TÔ NA PISTA!,Producer
Marcela Kieling,TÔ NA PISTA!,Writer
José Pedro Dias,TÔ NA PISTA!,Writer
Raíssa Anjos,Aruana,Elenco
Fran Santos,Aruana,Elenco
Dayana Brito,Aruana,Elenco
Andrea Santana,Aruana,Elenco
Augusto Alvarenga Xavier,Aruana,Director
Isadora Belluzzo,Fora da Estação,Elenco
John Smiguel,Fora da Estação,Elenco
Gabriel Kunst,Fora da Estação,Elenco
Mary Hoppe,Fora da Estação,Producer
Danieli Souza,Fora da Estação,Producer
Juliana Sibirino,Fora da Estação,Producer
Enzão,Fora da Estação,Producer
Danton Dias,Fora da Estação,Producer
Vitor Tavares,Fora da Estação,Producer
Jean Vitor,Fora da Estação,Director
Gabriel Vitor,Fora da Estação,Producer
Nat Andrade,Fora da Estação,Producer
Conrado Wesley,O Homem Que Foi Inédito Duas Vezes,Elenco
Kaleb de Souza Conrado,O Homem Que Foi Inédito Duas Vezes,Elenco
Márcia Magalhães,O Homem Que Foi Inédito Duas Vezes,Elenco
Ivan Campos,O Homem Que Foi Inédito Duas Vezes,Elenco
Tais Carolina,O Homem Que Foi Inédito Duas Vezes,Elenco
Jhonatan Davi,O Homem Que Foi Inédito Duas Vezes,Elenco
Vitor Saraiva,O Homem Que Foi Inédito Duas Vezes,Elenco
Lucas Posser,O Homem Que Foi Inédito Duas Vezes,Elenco
Jesline Cantos,O Homem Que Foi Inédito Duas Vezes,Director
Jesline Cantos,O Homem Que Foi Inédito Duas Vezes,Writer
Victor Hechel,O Homem Que Foi Inédito Duas Vezes,Producer
Conrado Wesley,O Homem Que Foi Inédito Duas Vezes,Producer
Dani Santurio,O Homem Que Foi Inédito Duas Vezes,Producer
Jesline Cantos,O Homem Que Foi Inédito Duas Vezes,Producer
Mara Cezar,O Homem Que Foi Inédito Duas Vezes,Producer
Thaís Dias,O Homem Que Foi Inédito Duas Vezes,Producer
Clara Raddatz,What happened yesterday?,Elenco
João Victor Silva,What happened yesterday?,Elenco
Wagner Jovanaci,What happened yesterday?,Elenco
Lisandro di Prospero,What happened yesterday?,Elenco
Harryson Oliveira,What happened yesterday?,Elenco
Henri Paixão,What happened yesterday?,Elenco
Júlia Parra Colonato,What happened yesterday?,Director
Vitória Stefanini,What happened yesterday?,Producer
Cleyton Abreu,Cine Dunas,Elenco
Janete Jarczeski,Cine Dunas,Elenco
Vera Mayorca,Cine Dunas,Director
Karina Macedo,Cine Dunas,Director
André Soares,Cine Dunas,Writer
Karina Macedo,Cine Dunas,Writer
Leonardo Lima,Amor e o Corre,Elenco
Rica de Ricardo,Amor e o Corre,Elenco
Fernando Possani,Amor e o Corre,Elenco
Luiz Henrique Rezende,Amor e o Corre,Elenco
Joana Guimarães,Amor e o Corre,Elenco
Lucas Roitberg,Amor e o Corre,Director
Rafael Vieira,Amor e o Corre,Producer
Rafael Vieira,Amor e o Corre,Writer
João Vidal Xavier,Blue Noise,Director
Rogério Pixote,O Outro Lado da Moeda,Director
Lí­via Maria Cappelari,O Outro Lado da Moeda,Director
Alicia dias,Art.5°,Elenco
Erique bairros,Art.5°,Elenco
Alice miyabukuro,Art.5°,Elenco
Monique esmerio,Art.5°,Elenco
Mariana Mendes,Art.5°,Elenco
Késia Fernanda,Art.5°,Elenco
Pietro santos,Art.5°,Elenco
Luísa Neves,Art.5°,Director
Bruna Kury,Escorpionikas,Director
Matheus Mello,Escorpionikas,Director
Nisha Platzer,Escorpionikas,Director
Felipe Fagundes,Singular,Elenco
Taísa Luciano,Singular,Elenco
Miguel Curi,Singular,Elenco
Ingrid Gleize,Singular,Elenco
Giovanna Duarte,Singular,Director
Giovanna Duarte,Singular,Writer
Acácia,PANUS,Elenco
Dana,PANUS,Elenco
Daren,PANUS,Elenco
Kamala,PANUS,Elenco
Maria Gabriela,PANUS,Elenco
Pet,PANUS,Elenco
Rk Araujo,PANUS,Elenco
Roob,PANUS,Elenco
Sabrina,PANUS,Elenco
Sydney Ferreira,PANUS,Elenco
Uyara,PANUS,Elenco
Rk Araujo,PANUS,Director
Maria Gabriela,PANUS,Producer
Marta Aurélia,Coração Vazio,Elenco
Nairton Santos,Coração Vazio,Elenco
Cícero Teixeira Lopes,Coração Vazio,Elenco
Clarice Nascimento,Coração Vazio,Elenco
Gustavo Marques,Coração Vazio,Director
Gustavo Marques,Coração Vazio,Writer
Ana Sousa,Coração Vazio,Writer
Lohayne Oliveira,Coração Vazio,Writer
Kauê André,Fuji,Elenco
Yasmin Ebere,Fuji,Elenco
Cauã Bispo,Fuji,Elenco
Byanka Marsan,Fuji,Elenco
Jean Lucca Marinho,Fuji,Elenco
Juan Castilho,Fuji,Elenco
Seu Aparecido,Fuji,Elenco
Kauê André,Fuji,Director
Carolina Mattos,Fuji,Producer
Kauan Silva,Darma,Director
Jonathan Lunardi,Darma,Director
Kauan Silva,Darma,Producer
Jonathan Lunardi,Darma,Producer
Emilia Kiyohara,Batchan,Elenco
Raquel Higa,Batchan,Elenco
Mahê Machado,Batchan,Elenco
Gabriel Shimoda,Batchan,Elenco
Guilherme Maeda,Batchan,Director
Kelvin Almeida,Batchan,Producer
Boni,Tributo - Boni,Elenco
Daniel Filho,Tributo - Boni,Elenco
Fidel Barbosa Fernandes,A Praça dos Pombos,Elenco
Fidel Barbosa Fernandes,A Praça dos Pombos,Director
Fidel Barbosa Fernandes,A Praça dos Pombos,Writer
Rafda Batista,TREVO,Elenco
Iago Emanuel,TREVO,Elenco
Isabelle Louise,TREVO,Elenco
Wesley Silva,TREVO,Elenco
Icaro Conti,TREVO,Elenco
Rafda Batista,TREVO,Director
Cândido de Oliveira,1/2 Hora com Codorna e Kostelinha,Elenco
Victor W'alczak,1/2 Hora com Codorna e Kostelinha,Elenco
Bruno Lucchesi Roldão,1/2 Hora com Codorna e Kostelinha,Director
Bruno Lucchesi Roldão,1/2 Hora com Codorna e Kostelinha,Writer
Bruno Lucchesi Roldão,1/2 Hora com Codorna e Kostelinha,Producer
João Pedro Longhi,1/2 Hora com Codorna e Kostelinha,Producer
Victor Dessô,Grapixo,Elenco
Diogo Lourenço,Grapixo,Elenco
Marina Montecchio,Grapixo,Elenco
Renan Oliveira dos Santos,Grapixo,Elenco
Caju Menero,Grapixo,Elenco
Bral Pinheiro,Grapixo,Elenco
Diogo Lourenço,Grapixo,Director
Diogo Lourenço,Grapixo,Writer
Bia Mechi,Grapixo,Producer
Jorge Morbeck,IEC Movie Show,Elenco
Anderson Silva,IEC Movie Show,Elenco
Márcia Portela,IEC Movie Show,Elenco
Michelle Morbeck,IEC Movie Show,Elenco
Marina Barbosa,IEC Movie Show,Elenco
Arthur Freitas,IEC Movie Show,Elenco
Fernando Morbeck,IEC Movie Show,Elenco
Lisa Lee,IEC Movie Show,Elenco
Analú Morbeck,IEC Movie Show,Elenco
Leonardo Ferreira,IEC Movie Show,Elenco
Jorge Morbeck,IEC Movie Show,Director
Jorge Morbeck,IEC Movie Show,Writer
Carlos Lima,Céfidiquêm?,Director
Gisele Weichert,Céfidiquêm?,Producer
Gabrielle Nunes,Neide,Elenco
Gabrielle Nunes,Neide,Director
Gabrielle Nunes,Neide,Producer
Gul Oliveira,Maloka Querida,Director
Carolina Pinho,Maloka Querida,Producer
Diana Fidari,Mala de mão,Elenco
Isabella Brêtas,Mala de mão,Director
Alisson Nunes,Mala de mão,Producer
Cecília Almeida,Mala de mão,Producer
Cândido de Oliveira,Rádio Ilusão,Elenco
Maria Eduarda Scalia Terra,Rádio Ilusão,Elenco
Fabricio Ramos,Rádio Ilusão,Elenco
João Pedro Aragão,Rádio Ilusão,Elenco
Luiz Ferreira,Rádio Ilusão,Elenco
Luiz Ferreira,Rádio Ilusão,Director
Luiz Ferreira,Rádio Ilusão,Producer
Camily Cristina,Todas as Cores da Vida e da Morte,Elenco
Carlos Henrique,Todas as Cores da Vida e da Morte,Director
Carlos Henrique,Todas as Cores da Vida e da Morte,Producer
Carlos Henrique,Todas as Cores da Vida e da Morte,Writer
Rafael Madrid,I AM,Elenco
Rafael Madrid,I AM,Director
Rafael Madrid,I AM,Writer
Ronaldo Rodrigues,Numa Só Nota,Elenco
Guilherme Magrini,Numa Só Nota,Elenco
Sabrina Risso,Numa Só Nota,Elenco
Bernardo Albuquerque,Numa Só Nota,Director
Bernardo Albuquerque,Numa Só Nota,Writer
Bruno Cabral,Numa Só Nota,Producer
Arthur Gonzaga,Sosô,Elenco
Ivie Martins,Sosô,Elenco
Luma Carvalho,Sosô,Elenco
Vitor Castro Praude,Sosô,Elenco
Yasmin Cavalari,Sosô,Writer
Daniel Formiga,Sosô,Director
Marcelo Formiga,Sosô,Director
Luma Carvalho,Sosô,Producer
Vitor Castro Praude,Sosô,Producer
Yasmin Cavalari,Sosô,Producer
Leandro Lehart,"Art Popular apresenta: ""Os Bambas"" no Auditório do Ibirapuera (Ao Vivo)",Elenco
Evandro Art,"Art Popular apresenta: ""Os Bambas"" no Auditório do Ibirapuera (Ao Vivo)",Elenco
Malli,"Art Popular apresenta: ""Os Bambas"" no Auditório do Ibirapuera (Ao Vivo)",Elenco
Tcharlinho,"Art Popular apresenta: ""Os Bambas"" no Auditório do Ibirapuera (Ao Vivo)",Elenco
Ricardo Lima,"Art Popular apresenta: ""Os Bambas"" no Auditório do Ibirapuera (Ao Vivo)",Elenco
Denílson Franco,"Art Popular apresenta: ""Os Bambas"" no Auditório do Ibirapuera (Ao Vivo)",Elenco
Helder Renovato,"Art Popular apresenta: ""Os Bambas"" no Auditório do Ibirapuera (Ao Vivo)",Elenco
Anderson Leonardo,"Art Popular apresenta: ""Os Bambas"" no Auditório do Ibirapuera (Ao Vivo)",Elenco
Leci Brandão,"Art Popular apresenta: ""Os Bambas"" no Auditório do Ibirapuera (Ao Vivo)",Elenco
Ulisses Souza,"Art Popular apresenta: ""Os Bambas"" no Auditório do Ibirapuera (Ao Vivo)",Elenco
Guilherme Meireles,"Art Popular apresenta: ""Os Bambas"" no Auditório do Ibirapuera (Ao Vivo)",Elenco
Renato Melo,"Art Popular apresenta: ""Os Bambas"" no Auditório do Ibirapuera (Ao Vivo)",Elenco
Abner Canela,"Art Popular apresenta: ""Os Bambas"" no Auditório do Ibirapuera (Ao Vivo)",Elenco
Elias Jó,"Art Popular apresenta: ""Os Bambas"" no Auditório do Ibirapuera (Ao Vivo)",Elenco
Amélia Gumes,"Art Popular apresenta: ""Os Bambas"" no Auditório do Ibirapuera (Ao Vivo)",Elenco
Samuel Costa,Procissão de Memórias,Elenco
Jhulia Evelyn,Procissão de Memórias,Elenco
Eduardo Lourenço,Procissão de Memórias,Elenco
Stela França,Procissão de Memórias,Elenco
Nahara Reis,Procissão de Memórias,Elenco
Gabriel Rodrigues,Procissão de Memórias,Elenco
Leandro Barbosa,Procissão de Memórias,Elenco
Marina Gabos,Procissão de Memórias,Elenco
Samuel Costa,Procissão de Memórias,Writer
Mariana Valente,Procissão de Memórias,Director
Mariana Valente,Procissão de Memórias,Writer
Andrei Isnardis,Palimpsesto,Elenco
Lara Passos,Palimpsesto,Elenco
Mariana Cabral,Palimpsesto,Elenco
Sueli Eterna,Palimpsesto,Elenco
André Di Franco,Palimpsesto,Director
Felipe Canêdo,Palimpsesto,Director
Nathalia Vendrame,Até que ela te alcance,Elenco
Otávio Augusto,Até que ela te alcance,Elenco
Nathalia Vendrame,Até que ela te alcance,Director
Otávio Augusto,Até que ela te alcance,Writer
Pedro Henrique Espindola,Até que ela te alcance,Producer
Pedro Henrique Correia,Até que ela te alcance,Producer
Bruno Antunes,Até que ela te alcance,Producer
Sidarta Ribeiro,Criaturas da Mente,Elenco
Marcelo Gomes,Criaturas da Mente,Director
João Biolchini,HERANÇA,Elenco
Breno Alexandrē,HERANÇA,Director
Leonardo Alcântara,Aline?,Elenco
João Victor Fernandes,Aline?,Director
Vinícius Dalama,Aline?,Director
Leonardo Alcântara,Aline?,Writer
João Victor Fernandes,Aline?,Writer
Vinícius Dalama,Aline?,Writer
Heitor Peres,Deiphago,Elenco
Bernardo Marujo,Deiphago,Producer
Bernardo Marujo,Deiphago,Director
Bernardo Marujo,Deiphago,Writer
Arthur Soli,Desencontro,Elenco
Moara,Desencontro,Elenco
Maria Clara Alcantara,Desencontro,Director
Maria Clara Alcantara,Desencontro,Producer
Arthur Soli,Desencontro,Producer
Francis Fra,Bons Irmãos,Director
Isabella Alves,Bons Irmãos,Writer
Maloni Meira,O Último Espetáculo,Director
Marina Gallet,O Último Espetáculo,Writer
Diego Petille,Guia de Sobrevivência para Vampiros Novatos,Elenco
Marina Gallet,Guia de Sobrevivência para Vampiros Novatos,Director
Marina Gallet,Guia de Sobrevivência para Vampiros Novatos,Writer
Maloni Meira,Guia de Sobrevivência para Vampiros Novatos,Producer
Renan Manoel,Fitas do Passado,Elenco
Natallia Gomes,Fitas do Passado,Elenco
Isabela West,Fitas do Passado,Elenco
Pedro Chiva,Fitas do Passado,Elenco
Victor Gouvêa,Fitas do Passado,Director
Caio de Freitas,Fitas do Passado,Writer
Mollutore,Fitas do Passado,Producer
Gustavo Dias,Fitas do Passado,Producer
Moura,Ecos Subterrâneos,Elenco
Gustavo Akyo,Ecos Subterrâneos,Elenco
Israel Junior,Ecos Subterrâneos,Elenco
Mollutore,Ecos Subterrâneos,Director
Mollutore,Ecos Subterrâneos,Producer
Gustavo Dias,Ecos Subterrâneos,Producer
Mollutore,Ecos Subterrâneos,Writer
Eugenia Moreyra,Malvinas: O Diário de Uma Guerra,Director
Clint Bones,The Mariachi,Elenco
Gabriela de Oliveira Brasil,The Mariachi,Producer
Clint Bones,The Mariachi,Director
Henrique Sodré,Sinais,Elenco
Yuri Axel,Sinais,Elenco
Felipe Lima,Sinais,Elenco
Ian Trevizolo,Sinais,Elenco
Maria Eduarda Tavares,Sinais,Elenco
Mallu Tavares,Sinais,Elenco
Lohane Abravanel,Sinais,Elenco
Kayan Lisbôa,Sinais,Elenco
Maxsuel Tavares,Sinais,Producer
Maxsuel Tavares,Sinais,Director
Sara Antunes,Warhead: The World Is No Longer Ours,Elenco
Lenita Oliver,Warhead: The World Is No Longer Ours,Elenco
Mori Meirelles,Warhead: The World Is No Longer Ours,Elenco
Diogo Monteiro,Warhead: The World Is No Longer Ours,Elenco
Maria Fernanda Reducino,Warhead: The World Is No Longer Ours,Elenco
Danilo Artimos,Warhead: The World Is No Longer Ours,Elenco
Fernando Caruso,Warhead: The World Is No Longer Ours,Elenco
Livia Feller,Warhead: The World Is No Longer Ours,Elenco
Thiago Arcari,Warhead: The World Is No Longer Ours,Elenco
Cadu Rosenfeld,Warhead: The World Is No Longer Ours,Director
Cadu Rosenfeld,Warhead: The World Is No Longer Ours,Writer
Mario Tacach,Warhead: The World Is No Longer Ours,Producer
Simone Domingues,Homofonia,Elenco
Solange Fortes,Homofonia,Elenco
Lincoln Fortes,Homofonia,Director
Lincoln Fortes,Homofonia,Producer
Cecília de Angelis,Flash,Elenco
Augusto Alvarenga Xavier,Flash,Elenco
Lucas Bragança,Flash,Director
Gabriel Moreira,Flash,Producer
Gustavo Metenek,Flash,Writer
Sharlene Esse,Queens of the Night,Elenco
Raquel Simpson,Queens of the Night,Elenco
Márcia Vogue,Queens of the Night,Elenco
Christiane Falcão,Queens of the Night,Elenco
Suelanny Tigresa,Queens of the Night,Elenco
Paloma Pitt,Queens of the Night,Elenco
Henrique Arruda,Queens of the Night,Director
Sylara Silvério,Queens of the Night,Director
Henrique Arruda,Queens of the Night,Writer
Henrique Arruda,Queens of the Night,Producer
Manu Dias,Queens of the Night,Producer
Amanda Batista,ONA,Elenco
Juliana Silva,ONA,Elenco
Ya Elvira de Oxum,ONA,Elenco
Giovanna Silva e Garnet,ONA,Elenco
Clara Maria,ONA,Director
M4vi Afroindie,ONA,Director
Eliane Colado,ONA,Producer
Arthur Lacerda,ONA,Producer
Elaine Amaro,Hero's Handbook,Elenco
Eduardo Ydiriuá,Hero's Handbook,Elenco
Fabrizia Posada,Hero's Handbook,Elenco
Pablo Magalhães,Hero's Handbook,Elenco
Duda Luz,Hero's Handbook,Elenco
Aline Araújo,Hero's Handbook,Elenco
Lino Ribeiro,Hero's Handbook,Elenco
Fáuston da Silva,Hero's Handbook,Director
Miguel Macedo,São Amores,Elenco
Ana Márcia Diógenes,São Amores,Elenco
Felipe Gurgel,São Amores,Elenco
Daniella Oliveira,São Amores,Elenco
Larissa Maria,São Amores,Elenco
Marina Holanda,São Amores,Elenco
Clara Soeiro,São Amores,Producer
Helena Ximenes,São Amores,Producer
Laura Lima,São Amores,Producer
Luiza Jarina Mesquita,São Amores,Producer
Lunna Carneiro,São Amores,Producer
Joyce Gadelha,São Amores,Producer
Clara Soeiro,São Amores,Director
Helena Ximenes,São Amores,Writer
Carlandréia Ribeiro,Mãe do Ouro,Elenco
Otávio Augusto de Moura Assis,Mãe do Ouro,Elenco
Edu Costa,Mãe do Ouro,Elenco
Clarice Prates,Mãe do Ouro,Elenco
Flavi Lopes,Mãe do Ouro,Elenco
Maick Hannder,Mãe do Ouro,Director
Maick Hannder,Mãe do Ouro,Writer
Bruno Greco,Mãe do Ouro,Producer
Jacson Dias,Mãe do Ouro,Producer
Lucas Neffa,Anátema,Elenco
Enzo Amaro,Anátema,Elenco
Hihê Oliveira,Anátema,Elenco
Marina Dias,Anátema,Elenco
Rick Marlonn,Anátema,Elenco
Hihê Oliveira,Anátema,Director
Maju Lopes,Anátema,Producer
Maju Lopes,Anátema,Writer
Irandhir Santos,Enquanto o Céu Não Me Espera,Elenco
Priscilla Vilela,Enquanto o Céu Não Me Espera,Elenco
Maycon Douglas,Enquanto o Céu Não Me Espera,Elenco
Jully Fabielly,Enquanto o Céu Não Me Espera,Elenco
Cauã Eduardo,Enquanto o Céu Não Me Espera,Elenco
Christiane Garcia,Enquanto o Céu Não Me Espera,Director
Sueli Maxakali,"Yõg Ãtak: Meu Pai, Kaiowá",Director
Isael Maxakali,"Yõg Ãtak: Meu Pai, Kaiowá",Director
Roberto Romero,"Yõg Ãtak: Meu Pai, Kaiowá",Director
Luísa Lanna,"Yõg Ãtak: Meu Pai, Kaiowá",Director
Sueli Maxakali,"Yõg Ãtak: Meu Pai, Kaiowá",Writer
Roberto Romero,"Yõg Ãtak: Meu Pai, Kaiowá",Writer
Tatiana M. Klein,"Yõg Ãtak: Meu Pai, Kaiowá",Writer
Eduardo Görck,Manequim,Elenco
Cézar Azenha,Manequim,Elenco
Ju Araujo,Manequim,Elenco
Clara Matos,Manequim,Elenco
Olivia Matos,Manequim,Elenco
Francisco Matos Melo,Manequim,Elenco
Bidô Galvão,Manequim,Elenco
Chico Sant'anna,Manequim,Elenco
Marcelo Pelucio,Manequim,Elenco
Danilo Borges,Manequim,Director
Diego Borges,Manequim,Director
Arthur Herdy,Manequim,Writer
Danilo Borges,Manequim,Writer
Anna Coelho,Dance Fever,Elenco
Thiago Pinheiro,Dance Fever,Elenco
Antonio Carlos,Dance Fever,Elenco
Breno Pereira,Dance Fever,Elenco
Jaime Lima,Dance Fever,Elenco
Isabel Lopes,Dance Fever,Elenco
Luana Siqueira,Dance Fever,Elenco
Clailson Arantes,Dance Fever,Elenco
Pedro Lopes,Dance Fever,Director
Pedro Lopes,Dance Fever,Writer
Luferrares,Coração de Artista,Elenco
Guilherme Henrique,Coração de Artista,Elenco
William Almeida,Coração de Artista,Director
William Almeida,Coração de Artista,Writer
Martins Samara,Coração de Artista,Producer
Ana Eduarda Nunes Chavéz,O coração na ponta da baqueta - Fanfarra Cerqueira César,Elenco
Jose Ivanildo nascimento,O coração na ponta da baqueta - Fanfarra Cerqueira César,Elenco
Thiago Lima Oliveira,O coração na ponta da baqueta - Fanfarra Cerqueira César,Elenco
Rodrigo Bandeira Gerke,O coração na ponta da baqueta - Fanfarra Cerqueira César,Elenco
Maria Eduarda Miranda,O coração na ponta da baqueta - Fanfarra Cerqueira César,Elenco
Guilherme Oliveira,O coração na ponta da baqueta - Fanfarra Cerqueira César,Elenco
Miguel Ian Jesus Campos,O coração na ponta da baqueta - Fanfarra Cerqueira César,Elenco
Mariana Oliveira,O coração na ponta da baqueta - Fanfarra Cerqueira César,Elenco
Thais Costa Buqui,O coração na ponta da baqueta - Fanfarra Cerqueira César,Elenco
Ana Carolina Ferreira,O coração na ponta da baqueta - Fanfarra Cerqueira César,Elenco
Laryssa Ribeiro Mota do Nascimento Santos,O coração na ponta da baqueta - Fanfarra Cerqueira César,Elenco
Raul Nuevo Monteiro,O coração na ponta da baqueta - Fanfarra Cerqueira César,Elenco
Bruna Gonçalves de Souza,O coração na ponta da baqueta - Fanfarra Cerqueira César,Elenco
Kauã Yuri,O coração na ponta da baqueta - Fanfarra Cerqueira César,Elenco
Isabelle Cristine,O coração na ponta da baqueta - Fanfarra Cerqueira César,Elenco
Jackeline Dias Serafim,O coração na ponta da baqueta - Fanfarra Cerqueira César,Elenco
Jullia Vitoria Godinho,O coração na ponta da baqueta - Fanfarra Cerqueira César,Elenco
Davi Santana,O coração na ponta da baqueta - Fanfarra Cerqueira César,Elenco
Eunir Bandeira,O coração na ponta da baqueta - Fanfarra Cerqueira César,Elenco
Pedro Arthur,O coração na ponta da baqueta - Fanfarra Cerqueira César,Elenco
Fernanda de Moraes Machado (Yuri),O coração na ponta da baqueta - Fanfarra Cerqueira César,Elenco
Lara Rafael,O coração na ponta da baqueta - Fanfarra Cerqueira César,Elenco
Bruna Queiroz Ribeiro Anchieta,O coração na ponta da baqueta - Fanfarra Cerqueira César,Elenco
Isabella D'onofrio Gomes de Miranda,O coração na ponta da baqueta - Fanfarra Cerqueira César,Elenco
Mariana Oliveira,O coração na ponta da baqueta - Fanfarra Cerqueira César,Producer
Bruna Queiroz Ribeiro Anchieta,O coração na ponta da baqueta - Fanfarra Cerqueira César,Writer
Laryssa Ribeiro Mota do Nascimento Santos,O coração na ponta da baqueta - Fanfarra Cerqueira César,Producer
Laryssa Ribeiro Mota do Nascimento Santos,O coração na ponta da baqueta - Fanfarra Cerqueira César,Director
Arthur Fernandes Arantes,Echoes of Silence,Elenco
Valentina Rocha,Echoes of Silence,Elenco
Laura Leão,Echoes of Silence,Elenco
Rafaela Paes,Echoes of Silence,Elenco
Alice Verri,Echoes of Silence,Elenco
Enzo Muniz,Echoes of Silence,Elenco
Luiz Humberto,Echoes of Silence,Elenco
Arthur Fernandes Arantes,Echoes of Silence,Writer
Arthur Fernandes Arantes,Echoes of Silence,Director
Arthur Fernandes Arantes,Echoes of Silence,Producer
Alexandre Bedoya,Dear Harvester,Elenco
Lucas Portela Lobo,Dear Harvester,Director
Bernardo Marujo,Dear Harvester,Writer
Bernardo Marujo,Dear Harvester,Producer
Alexandre Bedoya,Dear Harvester,Writer
Amanda Luz,LUME,Elenco
Amanda Luz,LUME,Director
Alini Massê,Violácea,Elenco
Arthur Diniz,Violácea,Elenco
Eduardo Lima,Violácea,Elenco
Analu Lima,Violácea,Director
Flavi,Violácea,Producer
Beatriz Peci,Violácea,Writer
Thais Melo,Violácea,Writer
Petter Baiestorf,Cacau & Maya,Director
Petter Baiestorf,Cacau & Maya,Writer
Petter Baiestorf,Cacau & Maya,Producer
Thiago Paleari,De Bariri Pra Rússia,Elenco
Erick Jay,De Bariri Pra Rússia,Elenco
Douglas Oliveira,De Bariri Pra Rússia,Director
Tiago Minamisawa,Kabuki,Director
Letícia Rudra,Xarpi,Elenco
Lohany Kainá,Xarpi,Elenco
Ana Quintas,Xarpi,Elenco
Rafael Nascimento,Xarpi,Elenco
João Vitor Brito,Xarpi,Elenco
Klaus Antônio,Xarpi,Elenco
Larissa Mauro,Xarpi,Elenco
Rafael Lobo,Xarpi,Director
Alisson Machado,Xarpi,Producer
Gabriel Zanini,Rebirth,Elenco
Francis Munevar,Rebirth,Elenco
Sileide Ferreira,Rebirth,Elenco
Lucas Vinicius,Rebirth,Director
Roberta Caetano,Rebirth,Director
Lucas Vinicius,Rebirth,Writer
Roberta Caetano,Rebirth,Writer
Heitor Santos,Rebirth,Writer
PC Junior,O Segredo do Tempo,Director
César F.P Falkenburg,Bluish,Elenco
César F.P Falkenburg,Bluish,Director
César F.P Falkenburg,Bluish,Writer
César F.P Falkenburg,Bluish,Producer
Sasa de Sousa,Abortion,Elenco
Rose Rodrigues,Abortion,Elenco
Malko,Abortion,Director
Caio Omena,FATHER,Director
Caio Omena,FATHER,Writer
Caio Omena,FATHER,Producer
Bolívar D'Andrea,Pressões não geram diamantes,Elenco
Gabriela Fernandes,Pressões não geram diamantes,Elenco
Matheus Vitória,Pressões não geram diamantes,Elenco
Northon Lara,Pressões não geram diamantes,Elenco
Augusto Pellizzaro,Pressões não geram diamantes,Director
Augusto Pellizzaro,Pressões não geram diamantes,Writer
Diego Perotto,Pressões não geram diamantes,Writer
João Sibirino,Dias Infinitos,Elenco
Gabriel Lobato,Dias Infinitos,Elenco
Paula Souza,Dias Infinitos,Elenco
Rafael Bernardes,Dias Infinitos,Producer
Cassiano Borba Azevedo,Dias Infinitos,Director
Bernard Attal,Porto de Origem,Director
Bernard Attal,Porto de Origem,Writer
Verônica Silva,A Origem dos Pássaros,Director
Gabe Bonazzio,Miosótis,Elenco
Gustavo Casarini,Miosótis,Elenco
Pedro Henrique França,Miosótis,Elenco
Melissa Lauren,Miosótis,Elenco
Marcial Cortez Dias,Miosótis,Elenco
Fabio carvalho,Miosótis,Director
Fabio carvalho,Miosótis,Writer
Pedro Henrique França,Miosótis,Writer
Belle Fraga,Sabiá,Elenco
Clara Almeida,Sabiá,Elenco
Pedro Petroski,Sabiá,Elenco
Yggy Graziano,Sabiá,Director
Fernanda Franke,Sabiá,Writer
Martin Vilela,Sabiá,Producer
Leornardo Esteves,Cinema é arte?,Elenco
Vilson Gonçalves,Cinema é arte?,Elenco
Vitor Manoel Evangelista Santana,Cinema é arte?,Elenco
Stephany Lewandowski,Cinema é arte?,Elenco
Danyel Viana,Cinema é arte?,Elenco
D.O.M,Cinema é arte?,Elenco
Lucas Aaron,Cinema é arte?,Elenco
Milliane Silva,Cinema é arte?,Elenco
Mariana dos Anjos,Cinema é arte?,Elenco
Maria Paixão,Cinema é arte?,Elenco
Raquel A. de Figueiredo,Cinema é arte?,Elenco
Carlos Andreotti,Cinema é arte?,Elenco
Robson Sousa,Cinema é arte?,Elenco
Carlos Andreotti,Cinema é arte?,Director
D.O.M,Cinema é arte?,Producer
Carlos Andreotti,Cinema é arte?,Writer
Mayara Sobral,Cartas de Tarot,Elenco
Alexya Manente,Cartas de Tarot,Elenco
Tarsila Padilha,Cartas de Tarot,Director
Le Carmona,Cartas de Tarot,Director
Le Carmona,Cartas de Tarot,Writer
Julia Lara Melo,Boi da Cara Preta,Elenco
Vitória Maurici Pereira,Boi da Cara Preta,Elenco
Frederico Castro,Boi da Cara Preta,Elenco
Leonardo Macsil,Boi da Cara Preta,Elenco
João Pedro Medeiros,Boi da Cara Preta,Elenco
Luis Renato Ventura,Boi da Cara Preta,Elenco
Wendel Goulart,Boi da Cara Preta,Director
João Vitor Melo,Boi da Cara Preta,Director
João Vitor Melo,Boi da Cara Preta,Writer
Wendel Goulart,Boi da Cara Preta,Writer
Hariel Christopher,A La Carte,Elenco
Natallia Gomes,A La Carte,Elenco
Larissa Braga,A La Carte,Director
Arquibaldo Ferreira,A La Carte,Director
Giuliano de Albuquerque,A La Carte,Writer
Witor Augusto,A La Carte,Writer
Hariel Christopher,A La Carte,Producer
Vinicius Manja,PEN DRIVE,Elenco
Erikzedek,PEN DRIVE,Elenco
Alexandre Mazzuco,PEN DRIVE,Elenco
Greyce Leopoldino,PEN DRIVE,Director
Rafael Pacheco,O Copo,Elenco
Lucas Gentil,O Copo,Elenco
Andy Batista,O Copo,Director
Juan Pabllo,O Copo,Director
Arthur Gois,O Copo,Producer
Andy Batista,O Copo,Writer
Alexandre Antas,Sofisticados Urbanos,Elenco
Dudu Galvão,Sofisticados Urbanos,Elenco
Célia Bombom,Sofisticados Urbanos,Elenco
Hannah Carneiro,Sofisticados Urbanos,Elenco
Mattheus Corpo,Sofisticados Urbanos,Elenco
Jean Oliveira,Sofisticados Urbanos,Elenco
Emerson F. Sousa,Sofisticados Urbanos,Elenco
Vitor Marrom Silva,Sofisticados Urbanos,Elenco
Felipe Gabriel,Sofisticados Urbanos,Elenco
Luis Vitor,Sofisticados Urbanos,Elenco
Herbert Ricardo,Sofisticados Urbanos,Elenco
Reinaldo Filho,Sofisticados Urbanos,Elenco
João Carlos Justino,Sofisticados Urbanos,Elenco
Rosinaldo Luna,Sofisticados Urbanos,Elenco
Cauã Brilhante,Sofisticados Urbanos,Director
Cauã Brilhante,Sofisticados Urbanos,Writer
Cauã Brilhante,Sofisticados Urbanos,Producer
Herbert Nascimento,Sofisticados Urbanos,Director
Herbert Nascimento,Sofisticados Urbanos,Writer
João Carlos Justino,Sofisticados Urbanos,Producer
Hannah Carneiro,Sofisticados Urbanos,Producer
Felipe Gabriel,Sofisticados Urbanos,Producer
Joel Cambraia,Tudo de Novo,Elenco
Joelma Rannov,Tudo de Novo,Elenco
Échelen Vaz,Tudo de Novo,Elenco
Dieisson Vieira,Tudo de Novo,Elenco
Vinícius Denardin,Tudo de Novo,Director
Vinícius Denardin,Tudo de Novo,Writer
Vinícius Denardin,Tudo de Novo,Producer
Fabiano Foggiato,Tudo de Novo,Producer
Igor Rocha,Mind The Gap,Elenco
Fesaint,Mind The Gap,Elenco
Daniel Sarasá,Mind The Gap,Director
Brenda Gajus,Mind The Gap,Producer
Amanda Argente,Mind The Gap,Writer
Yasmin Caffaro,Mind The Gap,Director
Marina Gallet,Lembranças,Elenco
Madison Andrade,Lembranças,Elenco
Nicholas Cotrim,Lembranças,Director
Maloni Meira,Lembranças,Director
Giulia Nunes,Lembranças,Producer
Gabriel Simão,Lembranças,Producer
Giulia Nunes,Lembranças,Writer
Maryana Esteves,O Silêncio nos Corredores,Elenco
Lucas Bataioli,O Silêncio nos Corredores,Elenco
Luiza de Oliveira,O Silêncio nos Corredores,Elenco
Reginaldo Batista,O Silêncio nos Corredores,Elenco
Giovana Nunes,O Silêncio nos Corredores,Elenco
Erick Oliveira,O Silêncio nos Corredores,Elenco
Giovanna Barriquett,O Silêncio nos Corredores,Elenco
Ana Julia Ferreira,O Silêncio nos Corredores,Elenco
Carol Andrade,O Silêncio nos Corredores,Elenco
Henrique Neves,O Silêncio nos Corredores,Elenco
Samuel Costa,O Silêncio nos Corredores,Elenco
Cauê Andrade,O Silêncio nos Corredores,Elenco
Murilo Machado,O Silêncio nos Corredores,Elenco
Giuliano Pereira,O Silêncio nos Corredores,Elenco
Pedro Henrique Loreto,O Silêncio nos Corredores,Director
Pedro Henrique Loreto,O Silêncio nos Corredores,Writer
Pedro Henrique Loreto,O Silêncio nos Corredores,Producer
Ricardo Blat,A Fúria,Elenco
Daniel Filho,A Fúria,Elenco
Lima Duarte,A Fúria,Elenco
Paulo César Peréio,A Fúria,Elenco
Simone Spoladore,A Fúria,Elenco
Grace Passô,A Fúria,Elenco
Higor Campagnaro,A Fúria,Elenco
José Urutau Guajajara,A Fúria,Elenco
Lux Négre,A Fúria,Elenco
Rune Tavares,A Fúria,Producer
Rodrigo Sarti Werthein,A Fúria,Producer
Ruy Guerra,A Fúria,Director
Luciana Mazzotti,A Fúria,Director
Nande Moura,Everywhere I've Been,Elenco
Andy Gomes,Everywhere I've Been,Elenco
Janvita Azirany,Everywhere I've Been,Elenco
Nicolle Silva,Everywhere I've Been,Elenco
Andy Gomes,Everywhere I've Been,Director
Andy Gomes,Everywhere I've Been,Writer
Andy Gomes,Everywhere I've Been,Producer
Wilson Rabelo,Dois Nilos,Elenco
Afrânio Vital,Dois Nilos,Elenco
Samuel Lobo,Dois Nilos,Director
Samuel Lobo,Dois Nilos,Writer
Samuel Lobo,Dois Nilos,Producer
Rodrigo de Janeiro,Dois Nilos,Director
Rodrigo de Janeiro,Dois Nilos,Producer
Rodrigo de Janeiro,Dois Nilos,Writer
Titina Medeiros,Ladeira Abaixo,Elenco
Ana Bandeira,Ladeira Abaixo,Elenco
Fernando Teixeira,Ladeira Abaixo,Elenco
Ismael Moura,Ladeira Abaixo,Director
Vitoria gomes,O Sabor Do Centro,Elenco
Felipe Giantaglia,O Sabor Do Centro,Elenco
Iva,O Sabor Do Centro,Elenco
Raphael Bataglia,O Sabor Do Centro,Elenco
Léo Maia,O Sabor Do Centro,Elenco
Álvaro Pantoja Cassiani,O Sabor Do Centro,Director
Zeca Day,A Stone Story,Director
Jamile Guedes,Quase Alguém,Elenco
Alê Chiaradia,Quase Alguém,Elenco
Arthur Esquierdo,Quase Alguém,Elenco
Kauã Tripoloni,Quase Alguém,Elenco
Malik Goulart,Quase Alguém,Elenco
Luciana Silva,Quase Alguém,Elenco
Vitor Saltão,Quase Alguém,Director
Victória Amaral,Quase Alguém,Writer
Alvino Freire,Quase Alguém,Producer
Luciana Silva,Quase Alguém,Producer
Karina Almeida,The Tragedy of Images,Elenco
Milene Rose,The Tragedy of Images,Elenco
Yasmin Ramos,The Tragedy of Images,Elenco
Evs Cris,The Tragedy of Images,Elenco
Kalel Pessôa,The Tragedy of Images,Director
Rodrigo Faustini,Brume of the Billows,Director
Pedro Coelho Xavier,Past Time,Director
Pedro Coelho Xavier,Past Time,Writer
Pedro Coelho Xavier,Past Time,Producer
Matheus Nachtergaele,A Dog's Will 2,Elenco
Selton Mello,A Dog's Will 2,Elenco
Virginia Cavendish,A Dog's Will 2,Elenco
Taís Araújo,A Dog's Will 2,Elenco
Enrique Díaz,A Dog's Will 2,Elenco
Eduardo Sterblitch,A Dog's Will 2,Elenco
Fabiula Nascimento,A Dog's Will 2,Elenco
Luis Miranda,A Dog's Will 2,Elenco
Humberto Martins,A Dog's Will 2,Elenco
Luisa Arraes,A Dog's Will 2,Elenco
Fernanda Montenegro,A Dog's Will 2,Elenco
Lima Duarte,A Dog's Will 2,Elenco
Maurício Gonçalves,A Dog's Will 2,Elenco
Luís Melo,A Dog's Will 2,Elenco
Marco Nanini,A Dog's Will 2,Elenco
Rogério Cardoso,A Dog's Will 2,Elenco
Denise Fraga,A Dog's Will 2,Elenco
Diogo Vilela,A Dog's Will 2,Elenco
Flávia Lacerda,A Dog's Will 2,Director
Guel Arraes,A Dog's Will 2,Director
Pedro Martins,Querida Elisa,Elenco
Lola Portela,Querida Elisa,Elenco
Marcelo Queiroz,Querida Elisa,Director
Silvia Tafarello,Women in Art,Elenco
Odila Lima,Women in Art,Elenco
Fernanda Brito,Women in Art,Elenco
Analú,Women in Art,Elenco
Solange,Women in Art,Elenco
Raquel Marroco,Women in Art,Director
Lucas Borges,Women in Art,Producer
Lucas Borges,Women in Art,Writer
Giulia Ballestero,"São Paulo, Constante",Elenco
Felipe Ballestero,"São Paulo, Constante",Writer
Felipe Ballestero,"São Paulo, Constante",Director
Michel Couto,Antes do açude até depois da saudade,Elenco
Ailan Alves,Antes do açude até depois da saudade,Elenco
Ailan Alves,Antes do açude até depois da saudade,Director
Michel Couto,Antes do açude até depois da saudade,Director
Thiago Navas,Fachadas e Memórias,Elenco
Fabio Di Fiore,Fachadas e Memórias,Elenco
Fabio Di Fiore,Fachadas e Memórias,Director
Thiago Di Fiore,Fachadas e Memórias,Producer
Fabio Di Fiore,Fachadas e Memórias,Writer
Thiago Navas,Fachadas e Memórias,Writer
Petter Baiestorf,Filme,Elenco
Petter Baiestorf,Filme,Director
Petter Baiestorf,Filme,Writer
Petter Baiestorf,Filme,Producer
Carolina Coelho da Silva,até amanhã se Deus quiser,Elenco
Celsa Coelho Ferreira,até amanhã se Deus quiser,Elenco
Sofia Kercher,até amanhã se Deus quiser,Director
Marcelo Stravalacci,Carcarás,Elenco
Wesley Henrique,Carcarás,Elenco
Frederico Vittola,Carcarás,Elenco
Matheus Chandelier,Carcarás,Elenco
Gabriello Alvarez,Carcarás,Director
João Petry,Carcarás,Producer
João Pedro Bolt,Carcarás,Writer
Amanda Linhares,Desfaces,Elenco
Raissa matos,Desfaces,Elenco
Maria Lúcia Brancotomé,Desfaces,Elenco
Sabrina Menezes,Desfaces,Elenco
Lavínea Venancio,Desfaces,Director
João Victor Mingrone,Desfaces,Writer
Bruna Viana,Raízes de Liberdade: Histórias Apagadas,Director
Bruna Viana,Raízes de Liberdade: Histórias Apagadas,Writer
Kira Luize,Lila Sparks,Elenco
Giovana Morais,Lila Sparks,Elenco
Bianca Cruz,Lila Sparks,Elenco
Ally,Lila Sparks,Elenco
Leonardo La Falce,Lila Sparks,Director
Leonardo La Falce,Lila Sparks,Writer
Crystal,Lila Sparks,Director
Crystal,Lila Sparks,Writer
Muriel Hillebrand,Lila Sparks,Producer
Jean-Claude Bernardet,Performance com Uísque,Elenco
Fábio Rogério,Performance com Uísque,Director
Ravi Dourado,Aparecer do Sol,Elenco
Ravi Dourado,Aparecer do Sol,Director
Karol Kaisá,Reencontro Ancestral,Elenco
Wescritor,Reencontro Ancestral,Elenco
Mari Compasso,Reencontro Ancestral,Director
Sophia Stahl,Reencontro Ancestral,Producer
Gabriel Meirelles,Reencontro Ancestral,Producer
Henry Alexandre,Reencontro Ancestral,Producer
Mari Compasso,Reencontro Ancestral,Writer
Abel G,Reencontro Ancestral,Director
Abel G,Reencontro Ancestral,Writer
Lorena Minelli,Paleta,Elenco
Rodrigo Rosa,Paleta,Elenco
Carlos Raimundo,Paleta,Elenco
Augusto Queiroz,Paleta,Elenco
Catarina Lima,Paleta,Elenco
Yasmin Braz,Paleta,Elenco
Lorena Minelli,Paleta,Writer
Yasmin Braz,Paleta,Writer
Catarina Lima,Paleta,Producer
Lorena Minelli,Paleta,Producer
Yasmin Braz,Paleta,Producer
G. Océane Ludmila Peace Adagbe,Paleta,Director
Nicolle de Jesus Silva,Concubina,Elenco
Frederico Guerra,Concubina,Elenco
Ryan Breno,Concubina,Director
João Dorneles,Concubina,Director
Ryan Breno,Concubina,Writer
Ryan Breno,Concubina,Producer
Matheus Xavier,Eu vi azul,Elenco
Luiza Madke,Eu vi azul,Elenco
Julio Carissini,Eu vi azul,Elenco
Renatha Jotz,Eu vi azul,Elenco
Bruno Kopper,Eu vi azul,Director
Bruno Kopper,Eu vi azul,Producer
Carla Damiani,Eu vi azul,Producer
Helena Caetano,Relicário,Elenco
Emiliano Amaral,Relicário,Elenco
Amanda Rosa,Relicário,Director
Hitallo Torquato,Relicário,Director
Viviane Ferreira,Relicário,Producer
Jéssica Paula,Eu Vou... Por Que Não?,Elenco
Raquel Rosa,Eu Vou... Por Que Não?,Director
Raquel Rosa,Eu Vou... Por Que Não?,Writer
Guilherme Gomes,Eu Vou... Por Que Não?,Producer
Reider Augusto,Livas - Do Viés ao Godê,Elenco
Bruno Peixoto,Livas - Do Viés ao Godê,Elenco
Ângela Capelli,Livas - Do Viés ao Godê,Elenco
Eurípedes Maria Alvez,Livas - Do Viés ao Godê,Elenco
Eurípedes Oliveira,Livas - Do Viés ao Godê,Elenco
Alex Amaral,Livas - Do Viés ao Godê,Elenco
Isabela de Souza Duarte,Livas - Do Viés ao Godê,Elenco
Luciana Chaud,Livas - Do Viés ao Godê,Elenco
Raelson da Silva,Livas - Do Viés ao Godê,Elenco
Reider Augusto,Livas - Do Viés ao Godê,Director
Thaysa Caetano,Livas - Do Viés ao Godê,Writer
Ana Sifuentes,Livas - Do Viés ao Godê,Producer
Geovanna Santos,Dandara,Elenco
Flávia Carolina,Dandara,Elenco
Renata Caetano,Dandara,Elenco
Lívia Vergara,Dandara,Elenco
Ione Marlen,Dandara,Elenco
Raquel Rosa,Dandara,Director
Raquel Rosa,Dandara,Writer
Camila Freitas,Dandara,Producer
Nathan Barbosa,Perseguição,Elenco
Theo Ferraz,Perseguição,Elenco
Samuel Cabanellas,Perseguição,Elenco
Samuel Cabanellas,Perseguição,Director
Samuel Cabanellas,Perseguição,Producer
Kiko Pissolato,A Valsa dos Ponteiros ou Algo que o Valha,Elenco
Eduardo Martini,A Valsa dos Ponteiros ou Algo que o Valha,Elenco
Bruno Sorc,A Valsa dos Ponteiros ou Algo que o Valha,Director
Bruno Sorc,A Valsa dos Ponteiros ou Algo que o Valha,Writer
Bruno Sorc,A Valsa dos Ponteiros ou Algo que o Valha,Producer
Eduardo Martini,A Valsa dos Ponteiros ou Algo que o Valha,Producer
Beatriz Bahia,Recaída,Elenco
Naia Hlavnicka,Recaída,Elenco
Vinícius Castellucci,Recaída,Elenco
Vinícius Nocera,Recaída,Elenco
Vinícius Nocera,Recaída,Director
Vinícius Nocera,Recaída,Writer
Beatriz Bahia,Recaída,Writer
Sinara de Souza,Quem sou eu?,Elenco
Carlos Martiniano,Quem sou eu?,Elenco
Mariana Beatriz,Quem sou eu?,Elenco
Vitor de Moura,Quem sou eu?,Elenco
Rayssa SIlva,Quem sou eu?,Elenco
Yasmin Bazan,Quem sou eu?,Elenco
Samuel Costa,DROP! um pequeno registro do 3.º Santo Drop Luizense,Director
Caio Omena,FATHER ( THE NIGHT HAS COME ),Director
Caio Omena,FATHER ( THE NIGHT HAS COME ),Writer
Bianca Fina,Elas vêm de LÁ,Elenco
Giulia Amorim,Elas vêm de LÁ,Elenco
Rebeca Hornhardt,Elas vêm de LÁ,Elenco
Adriana Chaves,Elas vêm de LÁ,Elenco
Yann Franco,Elas vêm de LÁ,Director
Laiany AG,Elas vêm de LÁ,Director
Kelvin Andrade,Elas vêm de LÁ,Producer
Laiany AG,Elas vêm de LÁ,Producer
Gabriel Pinheiro,Elas vêm de LÁ,Writer
Kelvin Andrade,Elas vêm de LÁ,Writer
Felipe Castro,Something Is Here,Elenco
Rafael Brant,Something Is Here,Director
Rafael Brant,Something Is Here,Writer
Rafael Brant,Something Is Here,Producer
Larissa Uehara,Olhares,Elenco
Leopoldo Vieira,Olhares,Elenco
Andy Batista,Olhares,Director
Ellen Bandeira,Olhares,Director
Lívia Sandim,Electric Feel - Sensações de um Domingo,Elenco
Lucas Hamdan,Electric Feel - Sensações de um Domingo,Elenco
Lívia Sandim,Electric Feel - Sensações de um Domingo,Director
Lucas Hamdan,Electric Feel - Sensações de um Domingo,Director
Eike Duarte,"O Meu, O Seu, O Nosso Natal",Elenco
Yasmin Sant'Anna,"O Meu, O Seu, O Nosso Natal",Elenco
Silvio Matos,"O Meu, O Seu, O Nosso Natal",Elenco
Marcelo Siqueira,"O Meu, O Seu, O Nosso Natal",Elenco
Alle Franco,"O Meu, O Seu, O Nosso Natal",Elenco
Amanda Colaço,"O Meu, O Seu, O Nosso Natal",Elenco
Ana Clara Lastosa,"O Meu, O Seu, O Nosso Natal",Elenco
Carol Uvo,"O Meu, O Seu, O Nosso Natal",Elenco
Clara Gignon,"O Meu, O Seu, O Nosso Natal",Elenco
Luan Moreno,"O Meu, O Seu, O Nosso Natal",Director
Vladimir Seixas,Pegadas da Floresta,Director
Selma Light,Selma Light: Para os aplausos do público,Elenco
Marcos Albuquerque,Selma Light: Para os aplausos do público,Director
Mariana Oliari,Selma Light: Para os aplausos do público,Director
Indiara Rosa,ALVO,Elenco
Guilherme Lincon,ALVO,Elenco
Jorge Batista,ALVO,Elenco
Rafael Barreto,ALVO,Elenco
Thainá Mendonça,ALVO,Elenco
Kelly Fernandes,ALVO,Elenco
Brendo Amaral,ALVO,Director
Anthony Moitinho,ALVO,Producer
Pedro Vilo,O Cabrito que Pensa,Director
Pedro Vilo,O Cabrito que Pensa,Writer
Bruno Corlleone,Coração Delator,Director
Diana Fidari,Coração Delator,Director
Diogo Candido,Coração Delator,Director
José Rothen,Coração Delator,Director
Lia Estevão,Coração Delator,Director
Idiane Crudzá,Meworoné,Elenco
Nhenety,Meworoné,Elenco
Tawanã,Meworoné,Elenco
Tkawanã,Meworoné,Elenco
Kawrã,Meworoné,Elenco
Yapoãn,Meworoné,Elenco
Seeyloá Fulni-ô,Meworoné,Elenco
Yarw,Meworoné,Elenco
Pawany,Meworoné,Elenco
Wetço,Meworoné,Elenco
Tainã,Meworoné,Elenco
José Florencio,Meworoné,Elenco
Tawakirã,Meworoné,Elenco
Tayran,Meworoné,Elenco
Reidison Tonoré Silva,Meworoné,Director
Reidison Tonoré Silva,Meworoné,Writer
Ana Caetano,Esquinas,Elenco
Vitória Falcão,Esquinas,Elenco
Anna Paula Kuller,Verão dos Esquecidos,Elenco
Eduardo Chagas,Verão dos Esquecidos,Elenco
Karina Bastos,Verão dos Esquecidos,Elenco
Duda Mendes,Verão dos Esquecidos,Elenco
Diego Ribeiro,Verão dos Esquecidos,Elenco
Luís Holiver,Verão dos Esquecidos,Elenco
Tati Otaka,Verão dos Esquecidos,Elenco
Elisa Barboza,Verão dos Esquecidos,Elenco
Julia Frige,Verão dos Esquecidos,Elenco
Duda Mendes,Verão dos Esquecidos,Writer
Luís Holiver,Verão dos Esquecidos,Writer
Mariane De Martin,Verão dos Esquecidos,Writer
Gabriel Teiga,Verão dos Esquecidos,Director
Gabriel Moreno Jr.,Suplício,Elenco
Kateleen Azevedo,Suplício,Elenco
Caio Bud,Suplício,Elenco
Artur Santos,Suplício,Elenco
Davi Ricardo Trindade,Suplício,Elenco
Darlan Vinicius Trindade,Suplício,Elenco
Albert William,Suplício,Elenco
Cauã Góes,Suplício,Elenco
Caio Góes,Suplício,Elenco
Marcos Coqueiro,Suplício,Elenco
José Carlos Fernandes,Suplício,Elenco
Davi Ricardo Trindade,Suplício,Director
Darlan Vinicius Trindade,Suplício,Director
Gabriel Moreno Jr.,Suplício,Producer
Davi Ricardo Trindade,Suplício,Producer
Darlan Vinicius Trindade,Suplício,Producer
Caio Góes,Suplício,Producer
Caio Bud,Suplício,Producer
José Carlos Fernandes,Suplício,Producer
Albert William,Suplício,Producer
Rafael Soares,Suplício,Producer
Maria Leticia Macori,Under Control,Elenco
Pablo Rodrigues,Under Control,Elenco
Paula Stricker,Under Control,Elenco
André Salvalagio,Under Control,Elenco
Giovanni Silvestrini,Under Control,Elenco
Lucas Marcarini,Under Control,Director
Vitor Pimenta,Under Control,Producer
Julia Albook,Under Control,Writer
Lucas Marcarini,Under Control,Writer
Beth Gomes,O Instante Decisivo,Elenco
Petrucio Ferreira,O Instante Decisivo,Elenco
Raíssa Machado,O Instante Decisivo,Elenco
Carol Santiago,O Instante Decisivo,Elenco
"Gabriel ""Gabrielzinho"" Araújo",O Instante Decisivo,Elenco
Bruna Alexandre,O Instante Decisivo,Elenco
Cássio Lopes dos Reis,O Instante Decisivo,Elenco
André Bushatsky,O Instante Decisivo,Director
André Bushatsky,O Instante Decisivo,Writer
Rita Saplak,Olívia: A Mímica,Elenco
Fábio Allon,Olívia: A Mímica,Elenco
Manuel Carvalho,Olívia: A Mímica,Director
Manuel Carvalho,Olívia: A Mímica,Writer
Lui Targa,Olívia: A Mímica,Producer
Clara Fistarol,Olívia: A Mímica,Producer
Lucca Baraldi,coisas que eu lembro sobre vc,Elenco
Lucca Baraldi,coisas que eu lembro sobre vc,Director
Gustavo Paixão,"Luz, Câmera, Paixão!: O Encontro",Elenco
Mateus Henrique,"Luz, Câmera, Paixão!: O Encontro",Elenco
Ramon Sander,"Luz, Câmera, Paixão!: O Encontro",Elenco
Guilherme Bryan,"Luz, Câmera, Paixão!: O Encontro",Elenco
G. S. Neves,"Luz, Câmera, Paixão!: O Encontro",Elenco
Victor Ogoshi,"Luz, Câmera, Paixão!: O Encontro",Elenco
Agatha Fernandes,"Luz, Câmera, Paixão!: O Encontro",Elenco
Gustavo Lopes,"Luz, Câmera, Paixão!: O Encontro",Elenco
Giovanni Silvestrini,"Luz, Câmera, Paixão!: O Encontro",Elenco
Gustavo Paixão,"Luz, Câmera, Paixão!: O Encontro",Director
Gustavo Paixão,"Luz, Câmera, Paixão!: O Encontro",Writer
G. S. Neves,"Luz, Câmera, Paixão!: O Encontro",Director
Elissandro dos Santos,"Luz, Câmera, Paixão!: O Encontro",Producer
G. S. Neves,"Luz, Câmera, Paixão!: O Encontro",Producer
Gustavo Lopes,"Luz, Câmera, Paixão!: O Encontro",Producer
Matheus Miranda,"Luz, Câmera, Paixão!: O Encontro",Producer
Ramon Sander,"Luz, Câmera, Paixão!: O Encontro",Producer
Cecília Carollo,Garagem Infernal,Elenco
Milena Alves,Garagem Infernal,Elenco
Demian Garcia,Garagem Infernal,Elenco
Eduarda P. Nicolella,Garagem Infernal,Director
Thiago Fleith,Garagem Infernal,Director
Ana Carolina de Angeli,Garagem Infernal,Producer
Raul Fiuza,Paranoia,Elenco
Nicolas Sathler,Paranoia,Director
Felipe Faim,SHE CAME ALONE,Elenco
Danni Bristot,SHE CAME ALONE,Elenco
Victória Aben-Athar,SHE CAME ALONE,Elenco
Leo Pegozzi,SHE CAME ALONE,Elenco
Bremer Lopes,SHE CAME ALONE,Elenco
Ana Ellis,SHE CAME ALONE,Elenco
Ana Riguez,SHE CAME ALONE,Elenco
Bruno Kiefer,SHE CAME ALONE,Elenco
Enzo Paulo,SHE CAME ALONE,Elenco
Julia Riguez,SHE CAME ALONE,Elenco
Luiz Antônio,SHE CAME ALONE,Elenco
Pedro Augusto,SHE CAME ALONE,Elenco
Rafa Fontenelle,SHE CAME ALONE,Elenco
Vini Alves,SHE CAME ALONE,Elenco
Ana Riguez,SHE CAME ALONE,Writer
Ana Riguez,SHE CAME ALONE,Producer
Ana Riguez,SHE CAME ALONE,Director
Julia Riguez,SHE CAME ALONE,Producer
Bruno Rossi,Icarus,Elenco
Skyler Maike,Icarus,Elenco
Tuco Zamonaro,Icarus,Elenco
Castelluni,Icarus,Elenco
Carolina Ramos,Icarus,Director
Eduardo Martinelli,Icarus,Director
Rafael Pingüelo,Icarus,Writer
Vithor Valsani,Icarus,Writer
Eduardo Martinelli,Icarus,Writer
Carolina Ramos,Icarus,Producer
Eduardo Martinelli,Icarus,Producer
Omid Ahmad Khalid,O Refúgio,Elenco
Homira Omid,O Refúgio,Elenco
Abdul Fayaz,O Refúgio,Elenco
Lara Batista,O Refúgio,Director
Isabela Rodrigues,O Refúgio,Director
Lara Batista,O Refúgio,Producer
Isabela Rodrigues,O Refúgio,Writer
Lara Batista,O Refúgio,Writer
Tuanny Araujo,Notes on Identity,Elenco
Pâmela Germano,Notes on Identity,Elenco
Lilia Tricarico,Notes on Identity,Elenco
Bete Virgens,Notes on Identity,Elenco
Marisa Arraes,Notes on Identity,Director
Marisa Arraes,Notes on Identity,Writer
Renata Schelb,Notes on Identity,Producer
Caio Omena,PNG FILM,Director
Caio Omena,PNG FILM,Writer
Caio Omena,PNG FILM,Producer
Tiago Fernandes,Caramelo e outros 500,Elenco
Eduarda Géa,Caramelo e outros 500,Director
Eduarda Géa,Caramelo e outros 500,Writer
Amanda Viegas,Caramelo e outros 500,Producer
Luke G. Brandl,Maia: The Odyssey of a City,Elenco
Joseph Vitor,Maia: The Odyssey of a City,Elenco
Juh G. Brandl,Maia: The Odyssey of a City,Elenco
Sheila Tinfel,Maia: The Odyssey of a City,Elenco
Authentic Manu,Maia: The Odyssey of a City,Elenco
Maria Bisinelli,Maia: The Odyssey of a City,Elenco
Thomas Blum,Maia: The Odyssey of a City,Elenco
Mariana Malgarise,Maia: The Odyssey of a City,Elenco
Eduardo Sultowski,Maia: The Odyssey of a City,Elenco
Idov Cassol,Maia: The Odyssey of a City,Elenco
Rafa Pires de Mello,Maia: The Odyssey of a City,Elenco
Adnelson Campos,Maia: The Odyssey of a City,Elenco
Leticia Walter,Maia: The Odyssey of a City,Elenco
Éber B. Deina,Maia: The Odyssey of a City,Elenco
Luke G. Brandl,Maia: The Odyssey of a City,Producer
Joseph Vitor,Maia: The Odyssey of a City,Director
Felipe Leão,O Menino Incrível,Producer
Malu Gonzaga,O Menino Incrível,Director
Claudia Ohana,Légua Tirana,Elenco
Kayro Oliveira,Légua Tirana,Elenco
Wellington Lugo,Légua Tirana,Elenco
Joquinha Gonzaga,Légua Tirana,Elenco
Reginaldo Vieira,Légua Tirana,Elenco
Alexandre Morais,Légua Tirana,Elenco
Eliana Figueiredo,Légua Tirana,Elenco
Erivaldo Oliveira,Légua Tirana,Elenco
Bule-Bule,Légua Tirana,Elenco
Luiz Carlos Vasconcelos,Légua Tirana,Elenco
Tonico Pereira,Légua Tirana,Elenco
Soia Lira,Légua Tirana,Elenco
Raissa Xavier,Légua Tirana,Elenco
Ivanildo Gomes Nogueira,Légua Tirana,Elenco
Bruno Goya,Légua Tirana,Elenco
Chambinho do Acordeon,Légua Tirana,Elenco
Marcos Carvalho,Légua Tirana,Director
Diogo Fontes,Légua Tirana,Director
Tairone Feitosa,Légua Tirana,Writer
Diogo Fontes,Légua Tirana,Writer
Lucas Santos,ESSES DIAS ME VIRAM NA RUA,Elenco
Bibi Ferreira,ESSES DIAS ME VIRAM NA RUA,Elenco
Drika Alves,ESSES DIAS ME VIRAM NA RUA,Director
Kesya Ribeiro,ESSES DIAS ME VIRAM NA RUA,Director
Drika Alves,ESSES DIAS ME VIRAM NA RUA,Producer
Kesya Ribeiro,ESSES DIAS ME VIRAM NA RUA,Producer
Maria Alice Freire,ESSES DIAS ME VIRAM NA RUA,Producer
Lucas Righi,Curtain Call,Elenco
Isabella Cavallari,Curtain Call,Elenco
Bruna Pazinato,Curtain Call,Elenco
Alicio Zimmermann,Curtain Call,Elenco
Henrique Zamith,Curtain Call,Elenco
Sibila Miele,Curtain Call,Elenco
Anaju Brito,Curtain Call,Director
Anaju Brito,Curtain Call,Writer
Ticiane Simões,Entre Corpos,Elenco
Otávio Cabral,Entre Corpos,Elenco
Maurício Ebbers,Entre Corpos,Elenco
Sofia Campos,Entre Corpos,Elenco
Mayra Costa,Entre Corpos,Director
Nestor Veloso Velez,O Colecionador de Cheiros de Nucas Femininas,Elenco
Ana Clara Vidal de Negreiros,O Colecionador de Cheiros de Nucas Femininas,Elenco
Pedro Lucas Santos de Oliveira,O Colecionador de Cheiros de Nucas Femininas,Elenco
Angela Jeunon,O Colecionador de Cheiros de Nucas Femininas,Elenco
Isis Pompéia,O Colecionador de Cheiros de Nucas Femininas,Elenco
Sérgio Ricardo M. de Oliveira,O Colecionador de Cheiros de Nucas Femininas,Elenco
Ana Clara Vidal de Negreiros,O Colecionador de Cheiros de Nucas Femininas,Director
Natália Damião,O Colecionador de Cheiros de Nucas Femininas,Director
Ana Clara Vidal de Negreiros,O Colecionador de Cheiros de Nucas Femininas,Writer
Rafael Cunha,Sem Juízo Final,Elenco
Giovanna Forte,Sem Juízo Final,Elenco
Fernando de Andrade Costa Gonzalez,Sem Juízo Final,Elenco
Maria Clara Guimarães,Sem Juízo Final,Elenco
Renan Luz Borges,Sem Juízo Final,Elenco
Paulo Larrat Vargas,Sem Juízo Final,Elenco
João Schiavon Matta,Sem Juízo Final,Elenco
Leonardo Moraes,Sem Juízo Final,Elenco
André Deak,Sem Juízo Final,Elenco
André Belezi,Sem Juízo Final,Elenco
Richard Dutra Mendes,Sem Juízo Final,Elenco
Cristiam dos Santos,Sem Juízo Final,Elenco
João Pedro Esteves,Sem Juízo Final,Elenco
Lua Nina,Sem Juízo Final,Elenco
Maria Clara de Almeida Silva,Sem Juízo Final,Elenco
Maria Fernanda Duarte Medeiros Gonçalves Lopes,Sem Juízo Final,Elenco
Mathis Boyer,Sem Juízo Final,Elenco
Rafael dos Santos,Sem Juízo Final,Elenco
Richard Dutra Mendes,Sem Juízo Final,Elenco
Shelsea Antonio,Sem Juízo Final,Elenco
Richard Dutra Mendes,Sem Juízo Final,Director
Maria Clara de Almeida Silva,Sem Juízo Final,Director
Maria Clara Luísa,Sem Juízo Final,Producer
Julia Romero de Castro,Sem Juízo Final,Writer
Gabrielle Bôa,Muito Além de Matilda,Elenco
Maria Eduarda Conceição,Muito Além de Matilda,Elenco
Joana Barone,Muito Além de Matilda,Elenco
Mariana Nehab,Muito Além de Matilda,Elenco
Bela Pedrosa,Muito Além de Matilda,Elenco
Lara Felix,Muito Além de Matilda,Elenco
Julia Matos,Muito Além de Matilda,Elenco
Alexandre Matera,Muito Além de Matilda,Director
Ian SBF,The Society of Virtue Saves Christmas!,Director
Thobias Daneluz,The Society of Virtue Saves Christmas!,Director
Lara Oliveira,Seus lábios,Elenco
Karol Justino,Seus lábios,Elenco
Sara Costa,Seus lábios,Elenco
Julia Carnaúba,Seus lábios,Elenco
Leonardo Amorim,Seus lábios,Director
Leonardo Amorim,Seus lábios,Writer
Samara Centeno,SATIS,Elenco
Antônia Ughini,SATIS,Elenco
Miamia,SATIS,Elenco
Antônia Ughini,SATIS,Director
Mileni Lambrecht,SATIS,Writer
Noah Nienov,SATIS,Writer
Djoilen Poliana,SATIS,Producer
Enzo Quartieri,Letter to the 27th,Elenco
Enzo Quartieri,Letter to the 27th,Director
Enzo Quartieri,Letter to the 27th,Writer
Enzo Quartieri,Letter to the 27th,Producer
Petter Baiestorf,Elefante Branco,Director
Petter Baiestorf,Elefante Branco,Writer
Petter Baiestorf,Elefante Branco,Producer
Vanessa Castro,Meus Desassossegos,Elenco
Daniel Wesler,Meus Desassossegos,Elenco
Davi R. Borges,Meus Desassossegos,Director
Davi R. Borges,Meus Desassossegos,Writer
Fernando Pessoa,Meus Desassossegos,Writer
Julia Bueno,Meus Desassossegos,Producer
Davi R. Borges,Meus Desassossegos,Producer
Gabriel Rohde,Meus Desassossegos,Producer
Giovanna Plentz,Meus Desassossegos,Producer
Pelé,O Carnaval é de Pelé,Elenco
Daniele Leite,O Carnaval é de Pelé,Director
Lucas Santos,O Carnaval é de Pelé,Director
Lucas Santos,O Carnaval é de Pelé,Writer
Daniele Leite,O Carnaval é de Pelé,Producer
Lucas Grandi,Vida Útil,Elenco
Bruno Kopper,Vida Útil,Director
Lucas Grandi,Vida Útil,Director
Antônio Correia (Tonheiro),Barreiras: Histórias e relatos de pessoas com deficiência frente ao capacitismo,Elenco
Cicinho,Barreiras: Histórias e relatos de pessoas com deficiência frente ao capacitismo,Elenco
Nilton Alvino,Barreiras: Histórias e relatos de pessoas com deficiência frente ao capacitismo,Elenco
Maria José Nicassio (Mazé),Barreiras: Histórias e relatos de pessoas com deficiência frente ao capacitismo,Elenco
Paulinho,Barreiras: Histórias e relatos de pessoas com deficiência frente ao capacitismo,Elenco
Nara Deininger,Barreiras: Histórias e relatos de pessoas com deficiência frente ao capacitismo,Elenco
Israel Dantas (Israel do Brega),Barreiras: Histórias e relatos de pessoas com deficiência frente ao capacitismo,Elenco
André Correia Duarte,Barreiras: Histórias e relatos de pessoas com deficiência frente ao capacitismo,Elenco
Andreia Maria,Barreiras: Histórias e relatos de pessoas com deficiência frente ao capacitismo,Elenco
André Severo,Barreiras: Histórias e relatos de pessoas com deficiência frente ao capacitismo,Elenco
Ienmily Araújo,Barreiras: Histórias e relatos de pessoas com deficiência frente ao capacitismo,Elenco
Renata Costa,Barreiras: Histórias e relatos de pessoas com deficiência frente ao capacitismo,Elenco
Edmilson Sá,Barreiras: Histórias e relatos de pessoas com deficiência frente ao capacitismo,Director
Sindrome de pânico,Aconteceu em dezembro,Director
Flávio Dornas,Demiurge,Elenco
Lucas Avelar,Demiurge,Elenco
Bottas Kacomas,Demiurge,Elenco
Victória Monteiro,Demiurge,Elenco
Michele Assis,Demiurge,Elenco
Carla Oberhofer,Demiurge,Elenco
Davi Gomes,Demiurge,Director
Davi Gomes,Demiurge,Writer
Carla Oberhofer,Demiurge,Producer
Filipe Travanca,☌ (conjunção),Elenco
Otavio Vidal,☌ (conjunção),Elenco
Filipe Travanca,☌ (conjunção),Director
Otavio Vidal,☌ (conjunção),Director
Takumã Kuikuro,Hiper-Takumã Kuikuro,Elenco
Felipe Lopes Basilichi,Hiper-Takumã Kuikuro,Director
Alice Matos,Hiper-Takumã Kuikuro,Director
Rodrigo Sousa,Hiper-Takumã Kuikuro,Director
Paula Amorim,Apart,Elenco
Luísa Lagoeiro,Apart,Elenco
Ana Caracol,Apart,Director
Ana Jardim,Apart,Producer
Xanthine Drummond,Sem Previsão,Elenco
Dilson Moreira,Sem Previsão,Elenco
Rut Sabino,Sem Previsão,Elenco
Patrícia Coelho,Sem Previsão,Elenco
Isabella Yulia,Sem Previsão,Elenco
Júlia Rossi,Sem Previsão,Director
Júlia Rossi,Sem Previsão,Producer
Dinho Paixão,Sem Previsão,Producer
Vítor Barreto,Boneco de Neve,Elenco
Gabriel Mesk,Boneco de Neve,Elenco
Natália Góes,Boneco de Neve,Elenco
Nayra de Paula,Boneco de Neve,Elenco
Lore Leite,Boneco de Neve,Elenco
Raphael Lages,Boneco de Neve,Elenco
Raphael Lages,Boneco de Neve,Director
Lourdes Gott,Boneco de Neve,Producer
Mariana Rabelo,Boneco de Neve,Producer
Fabiana Falcão Limeira,No Terreiro Mora Deus Também,Elenco
Rosana Andrade Farias,No Terreiro Mora Deus Também,Elenco
Giovana Bispo,No Terreiro Mora Deus Também,Director
Alberto Orselli,No Terreiro Mora Deus Também,Writer
Julia Nunes,No Terreiro Mora Deus Também,Producer
Bárbara Consales,If You Call Me Eveline,Elenco
Renan Correia,If You Call Me Eveline,Elenco
Lisandro di Prospero,If You Call Me Eveline,Elenco
Deusa,If You Call Me Eveline,Elenco
Fernando Oikawa Garcia,If You Call Me Eveline,Director
Rebecca Cerqueira,If You Call Me Eveline,Producer
Fernando Oikawa Garcia,If You Call Me Eveline,Writer
Pietro Fabiano,Galhos de árvores às vezes não são perfeitos,Elenco
Aquiles Lima,Galhos de árvores às vezes não são perfeitos,Elenco
Júlia Coelho,Galhos de árvores às vezes não são perfeitos,Elenco
Mateus Martins,Galhos de árvores às vezes não são perfeitos,Elenco
Pedro Henrique,Galhos de árvores às vezes não são perfeitos,Elenco
Rhaylla,Galhos de árvores às vezes não são perfeitos,Elenco
Hugo,Galhos de árvores às vezes não são perfeitos,Elenco
Yasmin,Galhos de árvores às vezes não são perfeitos,Elenco
Pietro Fabiano,Galhos de árvores às vezes não são perfeitos,Director
Gustavo Batista,Peixe Vivo e Outras Histórias,Elenco
Agatha Faria,Peixe Vivo e Outras Histórias,Elenco
Nash Laila,Peixe Vivo e Outras Histórias,Elenco
Gabriel Stippe,Peixe Vivo e Outras Histórias,Elenco
Thamirys Nunes,Peixe Vivo e Outras Histórias,Elenco
Raphael Batista,Peixe Vivo e Outras Histórias,Elenco
Frederico Evaristo,Peixe Vivo e Outras Histórias,Director
Bob Yang,Peixe Vivo e Outras Histórias,Director
Bru Fotin,Peixe Vivo e Outras Histórias,Director
Fidel Barbosa Fernandes,Polifuncionismo,Director
Fidel Barbosa Fernandes,Polifuncionismo,Writer
Alecrim Resende Oliveira,Alecrim Faz 6(66),Elenco
Maria Vitória Resende,Alecrim Faz 6(66),Elenco
Carlos Otávio Resende,Alecrim Faz 6(66),Elenco
Carlos Otávio Resende,Alecrim Faz 6(66),Director
Ian Moraes,O Último Ato,Elenco
Matheus Luiz,O Último Ato,Elenco
Beatriz Souza,O Último Ato,Elenco
João Almeida,O Último Ato,Elenco
Gabriel Augusto,O Último Ato,Elenco
Maria Fernanda Galvani,O Último Ato,Elenco
Danilo Henrique,O Último Ato,Elenco
Diego Fernandes,O Último Ato,Elenco
Alicia de França,O Último Ato,Elenco
João Rangel,O Último Ato,Elenco
Gerson Faria,O Último Ato,Elenco
Carol Costa,O Último Ato,Elenco
André Arruda,O Último Ato,Elenco
Livia Molica,O Último Ato,Elenco
Alexandre Marciano,O Último Ato,Elenco
Yasmin Bilard,O Último Ato,Elenco
Ariane Viana,O Último Ato,Elenco
Samuel Costa,O Último Ato,Elenco
LuAndrade,O Último Ato,Elenco
Maria Eduarda Kumimoto,O Último Ato,Elenco
Maria Fernanda Galvani,O Último Ato,Producer
Beatriz Souza,O Último Ato,Producer
João Almeida,O Último Ato,Director
João Almeida,O Último Ato,Writer
Henrique 'Mr. Movies' Mendes,Vênia,Elenco
Soli,Vênia,Elenco
Cláudio Sobral,Vênia,Elenco
Rodrigo Barros,Vênia,Elenco
Lia Marão,Vênia,Elenco
Nuno Ferro Costa,Vênia,Elenco
Mateus Dell'Erba,Vênia,Director
Mateus Dell'Erba,Vênia,Writer
Soli,Vênia,Producer
Anderson Barbosa Vasquez,ÀKÀSÀ,Elenco
João Barbosa Vasquez,ÀKÀSÀ,Elenco
Francine E. Barbosa Vasquez,ÀKÀSÀ,Elenco
Helena Betim,ÀKÀSÀ,Elenco
Gabryel Leandro,ÀKÀSÀ,Elenco
Angélica M. Queiroz,ÀKÀSÀ,Elenco
Ivaní Maria Rita,ÀKÀSÀ,Elenco
Luã Pinali,ÀKÀSÀ,Director
Guilherme Zarzur,Facada X,Elenco
Lucas Moreira,Facada X,Elenco
Lucas Santos,Facada X,Elenco
João Pedro Galvão,Facada X,Elenco
Maria Luiza Nagy,Facada X,Elenco
Eduarda Neves,Facada X,Elenco
Igor Zamforlim,Facada X,Elenco
Ariane Viana,Facada X,Elenco
Danilo Henrique,Facada X,Elenco
Caique Guedes,Facada X,Elenco
João Almeida,Facada X,Elenco
Beatriz Galhardo,Facada X,Elenco
Gabriel Augusto,Facada X,Elenco
Matheus Luiz,Facada X,Elenco
Beatriz Souza,Facada X,Elenco
Maria Fernanda Galvani,Facada X,Elenco
Diego Fernandes,Facada X,Elenco
João Almeida,Facada X,Writer
Yasmin Nicolly Camphora,Retratos de Amor,Elenco
Beatriz Souza,Retratos de Amor,Elenco
Marcelo Escobar,Retratos de Amor,Elenco
André Arruda,Retratos de Amor,Elenco
Matheus Luiz,Retratos de Amor,Elenco
Lorenzo Sanchez,Retratos de Amor,Elenco
Jessica Andrade,Retratos de Amor,Elenco
Verônica Loschi,Retratos de Amor,Elenco
Gabrieli Mendes,Retratos de Amor,Elenco
Ana Julia Ferraz,Retratos de Amor,Elenco
Mario Augusto,Retratos de Amor,Elenco
Gabriel Augusto,Retratos de Amor,Elenco
Natália Gritti,Retratos de Amor,Elenco
Gabriel Gritti,Retratos de Amor,Elenco
Ana Julia Florencio,Retratos de Amor,Elenco
Diego Fernandes,Retratos de Amor,Elenco
Yasmin Bilard,Retratos de Amor,Elenco
Ana Kamei,Retratos de Amor,Elenco
Ana Laranjeiras,Retratos de Amor,Elenco
Rosângela Lourenço,Retratos de Amor,Elenco
Yasmin Bilard,Retratos de Amor,Director
Ariane Viana,Retratos de Amor,Writer
Andressa Matos,"Desculpa, Olívia",Elenco
Julio Carissini,"Desculpa, Olívia",Elenco
Miguel Michels,"Desculpa, Olívia",Elenco
Roberta Plettes,"Desculpa, Olívia",Director
Roberta Plettes,"Desculpa, Olívia",Writer
Fernanda G. Fernandes,"Desculpa, Olívia",Producer
Miguel Michels,Porta Fechada,Elenco
Arthur Fleck,Porta Fechada,Elenco
Rafael Franskowiak,Porta Fechada,Elenco
Israel Florentin,Porta Fechada,Director
Israel Florentin,Porta Fechada,Writer
Manoela Turco,Porta Fechada,Producer
Milene De Souza Espindula,Paraíso Entre o Céu e o Mar,Elenco
Andre Rosa de Souza,Paraíso Entre o Céu e o Mar,Elenco
Tiago Dominguez,Paraíso Entre o Céu e o Mar,Elenco
Olivia dos Santos,Paraíso Entre o Céu e o Mar,Elenco
Raphaela Serafim,Paraíso Entre o Céu e o Mar,Director
Gustavo Quadros,Paraíso Entre o Céu e o Mar,Producer
Raphaela Serafim,Paraíso Entre o Céu e o Mar,Producer
Gabriel Madrid,Sinuca de Bicho,Director
Daniele Espinosa,Sinuca de Bicho,Writer
Pedro Melo,Sinuca de Bicho,Producer
Pedro Kawahata,O Último Presente de Natal,Elenco
Lucas Ehberhardt,O Último Presente de Natal,Elenco
Marcelo Pagano Monaco,O Último Presente de Natal,Elenco
Pedro Kawahata,O Último Presente de Natal,Director
Pedro Kawahata,O Último Presente de Natal,Writer
Teresa Fraga,Memento Mori,Elenco
Caio Fernando Gimenez Libardi,Memento Mori,Director
Vitor Franz,Gato Preto,Director
Vitor Franz,Gato Preto,Writer
Brunet Terra,Gato Preto,Producer
Thiago Maia,A Enchente do Inter,Elenco
Arthur Feijó,A Enchente do Inter,Elenco
Roger Machado,A Enchente do Inter,Elenco
Arthur Feijó,A Enchente do Inter,Director
Crystom Rodrigues,A Enchente do Inter,Director
R. Martins,A Enchente do Inter,Producer
João Vitor Maciel,A Enchente do Inter,Producer
Anthony Braga,Mimesi Allepsou,Elenco
Beatriz Britto,Mimesi Allepsou,Elenco
Luis Woellner,Mimesi Allepsou,Elenco
Manuela Malheiros,Mimesi Allepsou,Elenco
Sah Bittencourt,Mimesi Allepsou,Elenco
Theo Jung,Mimesi Allepsou,Elenco
Werik Braga,Mimesi Allepsou,Director
R. J. Perli,Mimesi Allepsou,Producer
Werik Braga,Mimesi Allepsou,Producer
Victor Di Marco,Na Sombra do Set,Elenco
Rafael Corrêa,Na Sombra do Set,Elenco
Kaê Fonseca,Na Sombra do Set,Elenco
Ma Villa Real,Na Sombra do Set,Elenco
Bella Bauer,Na Sombra do Set,Director
João Vitor Rodrigues,Na Sombra do Set,Producer
Livia Molica,Vestígios,Elenco
Matheus Luiz,Vestígios,Elenco
Bianca Butterby,Vestígios,Elenco
Rebeca Malheiros,Vestígios,Elenco
André Arruda,Vestígios,Elenco
Gabriel Augusto,Vestígios,Elenco
Stella Vandalete,Vestígios,Elenco
Beatriz Souza,Vestígios,Elenco
João Almeida,Vestígios,Elenco
Maria Fernanda Galvani,Vestígios,Elenco
Livia Molica,Vestígios,Director
Madu Carvalho,Vestígios,Producer
Livia Molica,Vestígios,Writer
Tarsis Silveira,Blank Out,Elenco
Sofia Cayser,Blank Out,Director
Sofia Cayser,Blank Out,Writer
Bruno Werbi,Blank Out,Producer
João Valadares,Sombras do Passado,Elenco
Guto Aeraphe,Sombras do Passado,Director
Ellen Oliveira,Caligem,Elenco
Isadora Ribeiro,Caligem,Elenco
Vi Araújo,Caligem,Director
Vi Araújo,Caligem,Writer
Miguel Alves,Caligem,Producer
Jean Cruz,Dia de Cãos,Elenco
ELK,Dia de Cãos,Director
Kaiky M. Silva,Um Corpo que Transita,Elenco
Eduardo de Jesus,Um Corpo que Transita,Director
Eduardo de Jesus,Um Corpo que Transita,Writer
Davi Almeida,Brasil,Director
Álvaro Rosacosta,Gurias de Preto,Elenco
Daya Moraes,Gurias de Preto,Elenco
Miriane Carine,Gurias de Preto,Elenco
Pablo Montiel,Gurias de Preto,Elenco
Helen Marquat,Gurias de Preto,Elenco
Fernanda G. Fernandes,Gurias de Preto,Director
Fernanda G. Fernandes,Gurias de Preto,Writer
Roberta Plettes,Gurias de Preto,Producer
Luis Franke,Jack Thunderstorm,Elenco
Vanessa Castro,Jack Thunderstorm,Elenco
Pablo Montiel,Jack Thunderstorm,Elenco
Pedro Bugarin Rimoli,Jack Thunderstorm,Elenco
Evandro Soldatelli,Jack Thunderstorm,Elenco
Lucas Cardoso,Jack Thunderstorm,Director
Lucas Cardoso,Jack Thunderstorm,Writer
Rodrigo Chotgues,Jack Thunderstorm,Producer
Gloria Andrade,A Remissão,Elenco
Camilla Durante,A Remissão,Elenco
Oscar Simch,A Remissão,Elenco
Vilma Loner,A Remissão,Elenco
Andreia Machado,A Remissão,Director
Andreia Machado,A Remissão,Writer
Isabella Eggers Renck,A Remissão,Producer
Gabriela Greco,Livres Escolhas,Elenco
Jhuja Kintê,Livres Escolhas,Elenco
Nathaly Lestriz,Livres Escolhas,Elenco
Rafael Guerra,Livres Escolhas,Elenco
Renata Gianchini,Livres Escolhas,Elenco
Wesley Henrique,Livres Escolhas,Elenco
Yasmin Fachinetto,Livres Escolhas,Elenco
Vitória Prusch,Livres Escolhas,Director
Vitória Prusch,Livres Escolhas,Writer
Valentina Peroboni,Livres Escolhas,Producer
Álvaro Rosacosta,Flor de Ouro,Elenco
Fernando K. Barbosa,Flor de Ouro,Elenco
Rafael Guerra,Flor de Ouro,Elenco
Janaína Pellizzon,Flor de Ouro,Elenco
Rodrigo Chotgues,Flor de Ouro,Director
Rodrigo Chotgues,Flor de Ouro,Writer
Mikael Chiappini,Flor de Ouro,Producer
Deborah Finocchiaro,Memories,Elenco
Júlia Estran,Memories,Elenco
Maria Estefânia,Memories,Elenco
Pedro Bugarin Rimoli,Memories,Elenco
Manoela Turco,Memories,Director
Manoela Turco,Memories,Writer
Israel Florentin,Memories,Producer
Caetano Rostro Gomes,Xeque,Elenco
Girley Paes,Xeque,Elenco
Rodrigo Grings,Xeque,Elenco
Mikael Chiappini,Xeque,Director
Mikael Chiappini,Xeque,Writer
Lucas Cardoso,Xeque,Producer
Luana Costa,E Depois de Fevereiro?,Elenco
Nilton Pereira,E Depois de Fevereiro?,Elenco
Diro Itaúna,E Depois de Fevereiro?,Elenco
Crystom Rodrigues,E Depois de Fevereiro?,Director
Diego Muniz,E Depois de Fevereiro?,Producer
Palhaço Paçoquinha,Respeitável Público,Elenco
Primo Bonaldo,Respeitável Público,Elenco
Vanessa Bonaldo,Respeitável Público,Elenco
Cecília Menz,Respeitável Público,Director
Maria Eduarda Dippe,Respeitável Público,Director
Cecília Menz,Respeitável Público,Writer
Maria Eduarda Dippe,Respeitável Público,Writer
Carla Damiani,Respeitável Público,Producer
Polyana Mello,PUNK CLT,Director
Polyana Mello,PUNK CLT,Writer
Erin Prado,PUNK CLT,Producer
Vitor Fraga,Tratamento 1: Esboço,Elenco
Wagner dos Santos,Tratamento 1: Esboço,Elenco
Rafaela Lima,Tratamento 1: Esboço,Elenco
Bella Bauer,Tratamento 1: Esboço,Director
João Vitor Maciel,Tratamento 1: Esboço,Director
Maju Stumpf,Tratamento 1: Esboço,Director
R. Martins,Tratamento 1: Esboço,Director
Bruno Kopper,Tratamento 1: Esboço,Producer
Lucas Grandi,Tratamento 1: Esboço,Producer
Lucca P. Marrone,Tratamento 1: Esboço,Producer
Luiza Madke,Tratamento 1: Esboço,Producer
Renatha Viana Jotz,Tratamento 1: Esboço,Producer
Maju Stumpf,Tratamento 1: Esboço,Writer
Bella Bauer,Tratamento 1: Esboço,Writer
Rafaela de Souza Alves,Tratamento 1: Esboço,Writer
R. Martins,Tratamento 1: Esboço,Writer
João Vitor Rodrigues,Tratamento 1: Esboço,Writer
Deborah Finocchiaro,Ao acender das Luzes,Elenco
Mariana Lucena Rizzo,Ao acender das Luzes,Elenco
Gustavo Muller,Ao acender das Luzes,Elenco
Helen Marquat,Ao acender das Luzes,Director
Helen Marquat,Ao acender das Luzes,Writer
Andressa Matos,Submersa,Elenco
Renata de Lélis,Submersa,Elenco
Laura Viegas,Submersa,Director
Laura Viegas,Submersa,Writer
Giba Assis Brasil,Enxame,Elenco
Marlise Souza Fontoura,Enxame,Elenco
Eduardo Pereira,Enxame,Elenco
Valdemar de Ávila,Enxame,Elenco
Lucas Grandi,Enxame,Director
Lucca P. Marrone,Enxame,Producer
Giulia Piacesi,Underground Urbano,Elenco
Ana Trindade,Underground Urbano,Elenco
Pero Batista,Underground Urbano,Elenco
Tatiana Ramos,Underground Urbano,Elenco
Luanna Cabral,Underground Urbano,Elenco
Tiago Gomes,Underground Urbano,Elenco
Luís André,Underground Urbano,Elenco
Nayara Aguiar,Underground Urbano,Elenco
Josh Grey,Underground Urbano,Elenco
Alê Dantas,Underground Urbano,Elenco
Pero Batista,Underground Urbano,Writer
Pero Batista,Underground Urbano,Director
Pedro Mota Moraes,Inacessíveis,Elenco
Samanta Hernandez,Inacessíveis,Elenco
Cristina Florentina dos Santos Marques,Inacessíveis,Elenco
Lucas Miguel de Lucena,Inacessíveis,Elenco
Ricardo Andrade,Inacessíveis,Elenco
Kássia Barreto da Costa,Inacessíveis,Elenco
João Bachega,Inacessíveis,Elenco
Flávio Eduardo Calefi,Inacessíveis,Elenco
César Antônio Marques,Inacessíveis,Elenco
Mayra Merlyn,Inacessíveis,Director
Luana Marques,Inacessíveis,Writer
André Leão,Alarme,Elenco
Tatiana Morais,Alarme,Elenco
Maria Machado,Alarme,Elenco
Matheus Ulliana,Alarme,Director
André Bacci,Alarme,Writer
Ashley Farias,Por que não vê?,Elenco
muitochatovei,Por que não vê?,Elenco
Daniel Ricardo,Por que não vê?,Director
Marcio Scorpion,Por que não vê?,Writer
Maria Vitória,A História do Jardim Zoológico,Elenco
Thiffany Carvalho,A História do Jardim Zoológico,Elenco
Coelho de Moraes,A História do Jardim Zoológico,Elenco
Philipe Nascimento,A História do Jardim Zoológico,Elenco
Vinicius Quilice,A História do Jardim Zoológico,Elenco
Lucio Melo,A História do Jardim Zoológico,Elenco
Vitor Mollo Cunha,A História do Jardim Zoológico,Elenco
Gio Coradini,A História do Jardim Zoológico,Elenco
Vitor Mollo Cunha,A História do Jardim Zoológico,Director
Augusto César,A História do Jardim Zoológico,Producer
Luan Moreno,"1, 2, 3 Testando",Director
Sabrina Sato,Sabrina Sato: Além do Look,Elenco
Karina Sato,Sabrina Sato: Além do Look,Elenco
Lucas Cecílio,Sabrina Sato: Além do Look,Elenco
Kika Sato,Sabrina Sato: Além do Look,Elenco
Bruno Astuto,Sabrina Sato: Além do Look,Elenco
Dudu Bertholini,Sabrina Sato: Além do Look,Elenco
Giovanni Bianco,Sabrina Sato: Além do Look,Elenco
Glória Coelho,Sabrina Sato: Além do Look,Elenco
Glória Kalil,Sabrina Sato: Além do Look,Elenco
Helô Rocha,Sabrina Sato: Além do Look,Elenco
João Braga,Sabrina Sato: Além do Look,Elenco
Joyce Pascowitch,Sabrina Sato: Além do Look,Elenco
Lilian Pacce,Sabrina Sato: Além do Look,Elenco
Luanda Vieira,Sabrina Sato: Além do Look,Elenco
Luiz Cláudio,Sabrina Sato: Além do Look,Elenco
Luiza Brasil,Sabrina Sato: Além do Look,Elenco
Maria Prata,Sabrina Sato: Além do Look,Elenco
Patrícia Romano,Sabrina Sato: Além do Look,Elenco
Paula Mageste,Sabrina Sato: Além do Look,Elenco
Paula Merlo,Sabrina Sato: Além do Look,Elenco
Paulo Borges,Sabrina Sato: Além do Look,Elenco
Pedro Sales,Sabrina Sato: Além do Look,Elenco
Rener Oliveira,Sabrina Sato: Além do Look,Elenco
Reinaldo Lourenço,Sabrina Sato: Além do Look,Elenco
Rodrigo Costa,Sabrina Sato: Além do Look,Elenco
Walério Araújo,Sabrina Sato: Além do Look,Elenco
Yan Acioli,Sabrina Sato: Além do Look,Elenco
Edu Diaz,Sabrina Sato: Além do Look,Director
Bárbara Costa,Sabrina Sato: Além do Look,Producer
Monique Motta,Sabrina Sato: Além do Look,Producer
Heloisa Russo,Sabrina Sato: Além do Look,Producer
João Pessoni,Sabrina Sato: Além do Look,Producer
Ediney Sousa,Sabrina Sato: Além do Look,Producer
Sanderson Rodrigues,Sabrina Sato: Além do Look,Producer
Carlos Queirozi,Sabrina Sato: Além do Look,Producer
Fernandes Tomaz,Sabrina Sato: Além do Look,Producer
Acervo Globo,Sabrina Sato: Além do Look,Producer
Acervo GNT,Sabrina Sato: Além do Look,Producer
Alexandre Herchcovitch,Sabrina Sato: Além do Look,Producer
Lucas Cecílio,Sabrina Sato: Além do Look,Producer
Peo,Todo Amor do Mundo,Elenco
Thiago Abreu,Todo Amor do Mundo,Elenco
Caio Arruda,Todo Amor do Mundo,Director
Pietra Couto,Todo Amor do Mundo,Producer
Ana Roniak,AURORA,Elenco
Bianca Tôrres,AURORA,Director
Thiago Ramos,AURORA,Producer
João Gabriel Almeida,Ato Final,Director
Lucas Lopes,Through Horizon,Elenco
Mariana Alves,Through Horizon,Elenco
Diogo Garruth,Through Horizon,Elenco
Matheus Ozório,Through Horizon,Elenco
Matheus Ozório,Through Horizon,Director
Matheus Ozório,Through Horizon,Writer
Matheus Ozório,Through Horizon,Producer
Zero,Vita Brevis Ars Longa,Elenco
Raul Leet,Vita Brevis Ars Longa,Elenco
Nay Lopes,Vita Brevis Ars Longa,Elenco
Guizão,Vita Brevis Ars Longa,Elenco
Alan Victor,Vita Brevis Ars Longa,Director
Daner Yhazir,Benbas: The Animation,Elenco
Nathan Kazuo,Benbas: The Animation,Elenco
Matheus Almeida,Benbas: The Animation,Elenco
Augusto Eremita,Benbas: The Animation,Elenco
Guilherme Duarte,Benbas: The Animation,Elenco
Rebecca Zoe,Benbas: The Animation,Elenco
Daniel Augusto,Benbas: The Animation,Elenco
Diego Faria,Benbas: The Animation,Elenco
Leonardo Camargo,Benbas: The Animation,Elenco
Guilherme Duarte,Benbas: The Animation,Director
Guilherme Duarte,Benbas: The Animation,Writer
Cius Mont,Céuvagem,Elenco
Cius Mont,Céuvagem,Writer
Cius Mont,Céuvagem,Producer
Cius Mont,Céuvagem,Director
Camila Côrrea Lima,Recíproco,Elenco
João Victor (Jov's),Recíproco,Director
João Victor (Jov's),Recíproco,Writer
Joaquim Ribeiro,Antes De,Elenco
Lara Rosa,Antes De,Elenco
Amanda Gonçalves,Antes De,Elenco
Rafael Tavares,Antes De,Elenco
Brenda S de Jesus,Antes De,Elenco
Zenital,Antes De,Elenco
Ingrid Oliveira,Antes De,Elenco
Felipe Óvera,Antes De,Elenco
João Victor (Jov's),Antes De,Director
João Victor (Jov's),Antes De,Writer
Yuri Marçal,Yuri Marçal – Me perdi no que eu tava falando,Elenco
Yuri Marçal,Yuri Marçal – Me perdi no que eu tava falando,Writer
Playmobil,Uma Viagem de Graça,Elenco
Carla Fuentes,Uma Viagem de Graça,Elenco
Val Silvestre,Uma Viagem de Graça,Elenco
Valentina Fuentes,Uma Viagem de Graça,Elenco
Aline Soares,Uma Viagem de Graça,Elenco
Jony Goulart,Uma Viagem de Graça,Elenco
Julia Letícia,Uma Viagem de Graça,Elenco
Nicolas Silvestre,Uma Viagem de Graça,Elenco
Caio César,Uma Viagem de Graça,Director
Jonathas Assumpção,Uma Viagem de Graça,Director
Caio César,Uma Viagem de Graça,Writer
Playmobil,Uma Viagem de Graça,Elenco
Carla Fuentes,Uma Viagem de Graça,Elenco
Val Silvestre,Uma Viagem de Graça,Elenco
Aline Soares,Uma Viagem de Graça,Elenco
Valentina Fuentes,Uma Viagem de Graça,Elenco
Nicolas Silvestre,Uma Viagem de Graça,Elenco
Jony Goulart,Uma Viagem de Graça,Elenco
Julia Letícia,Uma Viagem de Graça,Elenco
Caio César,Uma Viagem de Graça,Director
Caio César,Uma Viagem de Graça,Writer
Jonathas Assumpção,Uma Viagem de Graça,Director
Isaias Tavares Nani,Para Cada Vento,Elenco
Giulia Affonso,Para Cada Vento,Elenco
Marcos Victor,Para Cada Vento,Elenco
Helo Baldança,Para Cada Vento,Elenco
Nathan Becalle,Para Cada Vento,Elenco
Guilherme Rodrigues,Para Cada Vento,Elenco
Gabriela Zilocchi,Para Cada Vento,Elenco
Eduardo Martinelli,Para Cada Vento,Elenco
Julia Gava,Para Cada Vento,Elenco
Murilo Capristo,Para Cada Vento,Elenco
Luca Aguierre Pisarello,Para Cada Vento,Elenco
Antonio Carlos Nani,Para Cada Vento,Elenco
Pedro Augusto Sabará,Para Cada Vento,Elenco
Mauro Ramos,Para Cada Vento,Elenco
Isaias Tavares Nani,Para Cada Vento,Director
Isaias Tavares Nani,Para Cada Vento,Producer
Pedro Augusto Sabará,Para Cada Vento,Producer
Rodrigo Rocha,Para Cada Vento,Producer
Isaias Tavares Nani,Para Cada Vento,Writer
Elio Copini,Scrambled Eggs,Elenco
Petter Baiestorf,Scrambled Eggs,Director
Petter Baiestorf,Scrambled Eggs,Writer
Petter Baiestorf,Scrambled Eggs,Producer
Teca Pereira,Dona Elza,Elenco
Diego da Costa,Dona Elza,Director
Victor Schiavon,13 Lenses of a Happy Ending,Elenco
Leandro Biffe,13 Lenses of a Happy Ending,Elenco
Hakuro Venisterio,13 Lenses of a Happy Ending,Elenco
Victor Schiavon,13 Lenses of a Happy Ending,Director
Leandro Biffe,13 Lenses of a Happy Ending,Director
BRONZIOCRE,CBLOL THE MOVIE,Director
Caio Omena,uninspired,Director
Caio Omena,uninspired,Writer
Caio Omena,uninspired,Producer
Péricles,Sinfonia de Natal,Elenco
João Carlos Martins,Sinfonia de Natal,Elenco
Rosa Marya Colin,Sinfonia de Natal,Elenco
Carol Roberto,Sinfonia de Natal,Elenco
Taís Araújo,Sinfonia de Natal,Elenco
Giovanna Machline,Sinfonia de Natal,Director
Elton de Almeida,Sinfonia de Natal,Writer
Anelise Franco,Sinfonia de Natal,Producer
Nathália Pinha,Sinfonia de Natal,Producer
Renato IMPERA,Geração Z - Condenados ao Fracasso,Elenco
Renato IMPERA,Geração Z - Condenados ao Fracasso,Director
Renato IMPERA,Geração Z - Condenados ao Fracasso,Writer
Gustavo Brito,Eden,Director
Joseph Vitor,Merry Christmas Christopher!,Elenco
Joseph Vitor,Merry Christmas Christopher!,Director
Whindersson Nunes,Whindersson Nunes: Efeito Borboleta,Elenco
Whindersson Nunes,Whindersson Nunes: Efeito Borboleta,Writer
Junior Marques,Whindersson Nunes: Efeito Borboleta,Director
Camily Cristina,As Conspirações Alienígenas: part. II,Elenco
Carlos Henrique,As Conspirações Alienígenas: part. II,Elenco
Maria das Mêrces,As Conspirações Alienígenas: part. II,Elenco
Carlos Henrique,As Conspirações Alienígenas: part. II,Director
Carlos Henrique,As Conspirações Alienígenas: part. II,Writer
Carlos Henrique,As Conspirações Alienígenas: part. II,Producer
Fernanda Argollo,Atmosfera,Elenco
Henrique Novaretti,Atmosfera,Elenco
Lucas Puech,Atmosfera,Director
Lucas Puech,Atmosfera,Producer
Carlinhos Dornelles,O Rei do Riso,Director
Arlyson Gomes,Que Comece o Domingo à Noite,Elenco
Ryan Sousa,Que Comece o Domingo à Noite,Elenco
Arlyson Gomes,Que Comece o Domingo à Noite,Director
Graciete dos Santos,Peixe com Farinha,Elenco
Carlos Benedito,Peixe com Farinha,Elenco
Raimunda Costa,Peixe com Farinha,Elenco
João,Peixe com Farinha,Elenco
Alcilena dos Santos,Peixe com Farinha,Elenco
Odileno Galvão,Peixe com Farinha,Elenco
Lucidalva,Peixe com Farinha,Elenco
Elidielson,Peixe com Farinha,Elenco
Daniel da Silva,Peixe com Farinha,Elenco
Carol Modesto,Peixe com Farinha,Director
Luiz Henrique Reis,Peixe com Farinha,Producer
Carol Modesto,Peixe com Farinha,Writer
Isaías Silva Souza,Prisioneiro da Liberdade,Elenco
Isaías Silva Souza,Prisioneiro da Liberdade,Director
Isaías Silva Souza,Prisioneiro da Liberdade,Writer
Caio Omena,if you find this guy... please kill him,Director
Caio Omena,if you find this guy... please kill him,Writer
Vinícius Mendes,Untitled,Writer
Vinícius Mendes,Untitled,Director
